instrument_id,option_type,strike_price,execution,expiration_in_mnths,number_of_instruments,und_spot_1,und_spot_2,und_spot_3,und_spot_4,und_spot_5,und_vol_1,und_vol_2,und_vol_3,und_vol_4,und_vol_5,und_corr_mat_00,und_corr_mat_01,und_corr_mat_02,und_corr_mat_03,und_corr_mat_04,und_corr_mat_10,und_corr_mat_11,und_corr_mat_12,und_corr_mat_13,und_corr_mat_14,und_corr_mat_20,und_corr_mat_21,und_corr_mat_22,und_corr_mat_23,und_corr_mat_24,und_corr_mat_30,und_corr_mat_31,und_corr_mat_32,und_corr_mat_33,und_corr_mat_34,und_corr_mat_40,und_corr_mat_41,und_corr_mat_42,und_corr_mat_43,und_corr_mat_44,earliest_date,latest_date,payoff_at_expiry
123,Call,100,European,3,5,100,100,100,100,100,0.262243446,0.404641128,0.204870287,0.256391557,0.183490329,1,0.130760659,-0.169633406,0.037867674,0.080820283,0.161237934,1,0.117127217,0.06804028,0.120583835,-0.07751229,0.498083683,1,0.707498127,0.616805025,0.923990253,0.50171572,0.846393971,1,0.903111557,0.854626576,0.601607343,0.875948796,0.964340042,1,0,0,FALSE
124,Call,85,European,3,5,100,105,100,100,100,0.362398394,0.322933066,0.249451468,0.219133319,0.139152817,1,0.14120861,-0.136432123,0.049451538,0.038029238,0.229224967,1,0.078465267,0.07570802,0.059349804,-0.082856049,0.405662851,1,0.706535107,0.641242619,0.973732248,0.567539813,0.803625171,1,0.954455001,0.87371654,0.673145117,0.827034891,0.964549608,1,0,0,FALSE
125,Put,95,European,6,5,100,105,100,100,100,0.125692238,0.334221996,0.373836255,0.150835596,0.224367806,1,0.148526701,-0.07344504,0.132650804,0.084731387,0.234637359,1,0.091607761,0.030585521,0.068141193,-0.043494524,0.410261544,1,0.767954889,0.651610775,0.995348795,0.560898054,0.813367721,1,0.906032329,0.867960375,0.672357045,0.836038387,0.888802157,1,0,0,FALSE
126,Call,50,American,0,5,70,105,100,100,100,0.13378921,0.263747126,0.25414644,0.284224085,0.191346636,1,0.051804919,-0.083628127,0.096468621,0.092082559,0.201066698,1,0.130106777,0.038178676,0.096214585,-0.086012088,0.410839893,1,0.702293927,0.647933387,0.922443065,0.543680436,0.85746023,1,0.9435192,0.926894095,0.654970645,0.846600612,0.915060389,1,3,9,TRUE
127,Put,97,European,3,5,80,95,100,100,100,0.144863893,0.184588233,0.244633717,0.326752993,0.25819753,1,0.149125372,-0.148004745,0.128379329,0.122782737,0.225205369,1,0.123667081,0.050053553,0.13158297,-0.099923309,0.48679067,1,0.750397815,0.684293435,0.936735451,0.518418848,0.866684738,1,0.969690625,0.945022732,0.597051747,0.830090323,0.877474672,1,0,0,FALSE
128,Call,85,European,3,5,70,105,100,100,100,0.344672209,0.207263344,0.306667475,0.334782319,0.111532551,1,0.088346081,-0.153287169,0.064727895,0.051726288,0.206595738,1,0.074722167,0.109077284,0.060009241,-0.086910606,0.432487841,1,0.7084214,0.666672377,0.953057121,0.553811582,0.816905232,1,0.933784691,0.939866853,0.656649988,0.803421813,0.873181913,1,0,0,FALSE
129,Put,96,European,6,5,102,105,100,100,100,0.336550547,0.410742569,0.28856187,0.388871151,0.146234831,1,0.087718748,-0.155018268,0.071429893,0.10806435,0.161267027,1,0.159989216,0.112783104,0.051622055,-0.060764948,0.402055565,1,0.725170483,0.681049987,0.958050944,0.5229624,0.836116043,1,0.977490594,0.8918578,0.645949119,0.878076333,0.957179973,1,0,0,FALSE
130,Put,89,American,0,5,79,105,100,100,100,0.390007152,0.319658156,0.328575825,0.1694642,0.275920171,1,0.143367218,-0.07406987,0.092807296,0.049635587,0.175898444,1,0.136899299,0.041827425,0.135488351,-0.056631639,0.461532096,1,0.785913141,0.612141308,0.979693922,0.527058199,0.812775631,1,0.933375577,0.944062517,0.664824339,0.874836099,0.964495774,1,9,12,TRUE
131,Call,40,European,3,5,100,100,100,110,100,0.203278484,0.409842674,0.292409923,0.380777319,0.285486859,1,0.121121393,-0.096631782,0.129358695,0.071989965,0.16122973,1,0.154540203,0.085818719,0.139389578,-0.067738104,0.40125795,1,0.702583999,0.634296476,0.969914711,0.580111473,0.890689704,1,0.916012143,0.925823851,0.683992281,0.84219037,0.912145894,1,0,0,FALSE
132,Call,97,European,3,5,100,105,105,100,100,0.325263991,0.379301073,0.369505547,0.233097728,0.363211019,1,0.100874818,-0.094634356,0.11162409,0.109389806,0.244113839,1,0.087844065,0.046840333,0.08719812,-0.092845105,0.436823558,1,0.718004646,0.671933131,0.945305342,0.572597746,0.829658767,1,0.993309802,0.871216463,0.6493066,0.815988687,0.967374713,1,0,0,FALSE
133,Put,188,European,6,5,100,105,100,105,100,0.378168072,0.290171349,0.254103611,0.420993841,0.21566119,1,0.074102015,-0.102360686,0.079007441,0.112632957,0.223415087,1,0.141624548,0.069317007,0.059577202,-0.073698743,0.4370844,1,0.778616945,0.656615971,0.915156634,0.576687932,0.857229787,1,0.972796319,0.917476493,0.642499954,0.868436042,0.938849902,1,0,0,FALSE
134,Call,58,American,0,5,70,105,99,100,95,0.243755936,0.379315695,0.191993871,0.360932178,0.315851664,1,0.07655509,-0.086725893,0.078498015,0.12288853,0.249802662,1,0.130852828,0.033334507,0.148347776,-0.08102134,0.424673523,1,0.704370889,0.671290237,0.949255636,0.552187389,0.860638022,1,0.972646576,0.918854185,0.680787055,0.85588884,0.888014709,1,6,9,TRUE
135,Put,140,European,3,5,100,95,70,80,100,0.330376463,0.421074947,0.427664682,0.186886041,0.122957802,1,0.092595773,-0.133322673,0.04500699,0.086835107,0.198767947,1,0.101753434,0.050736077,0.074899271,-0.025155212,0.447092973,1,0.756159531,0.636225475,0.928165485,0.581584605,0.810104793,1,0.971943373,0.898507914,0.665423061,0.801493327,0.954147546,1,0,0,FALSE
136,Call,20,European,3,5,70,105,100,100,100,0.181140545,0.3873792,0.314626573,0.43148767,0.210696637,1,0.147296773,-0.158042624,0.104355842,0.090104876,0.164798559,1,0.121855505,0.094947355,0.11549645,-0.109481946,0.422190143,1,0.791607513,0.684684066,0.988371872,0.582035232,0.865394444,1,0.927369537,0.92312648,0.647793498,0.842623577,0.951711998,1,0,0,FALSE
137,Put,120,European,6,5,102,105,100,100,100,0.389810928,0.391160208,0.346331456,0.410717951,0.141285819,1,0.137424443,-0.113482961,0.094793994,0.115545311,0.25141709,1,0.086454613,0.10831987,0.123121995,-0.021205378,0.457709085,1,0.76606508,0.699693469,0.971017063,0.583493939,0.864847614,1,0.913698307,0.937212568,0.682226825,0.80607023,0.923362255,1,0,0,FALSE
138,Put,102,American,0,5,79,105,100,100,100,0.400566103,0.33754201,0.302268217,0.182456648,0.190434761,1,0.114699464,-0.090759413,0.05438643,0.037686775,0.175855837,1,0.086832476,0.071867933,0.086432016,-0.062261929,0.474583267,1,0.718842118,0.669633852,0.948061147,0.585969652,0.858270699,1,0.972129526,0.89736204,0.647131834,0.837082743,0.873963199,1,3,12,FALSE
139,Call,101,European,3,5,100,100,100,100,100,0.419383374,0.271483245,0.250941838,0.279991547,0.20104284,1,0.137918289,-0.150875618,0.057711335,0.044554081,0.253594503,1,0.11893081,0.088772122,0.121103564,-0.105687372,0.489663997,1,0.785058603,0.624617778,0.9480985,0.501896196,0.830117234,1,0.903680699,0.876305705,0.628824094,0.874420163,0.962287334,1,0,0,FALSE
140,Call,78,European,3,5,100,105,100,100,100,0.390915415,0.25066223,0.276045883,0.32246883,0.144388352,1,0.06586165,-0.134580046,0.108382262,0.078300269,0.239242238,1,0.104092072,0.101557723,0.144576631,-0.093280252,0.463782304,1,0.777783559,0.639552849,0.994911185,0.567670989,0.897523505,1,0.901530074,0.916312264,0.631040635,0.799612725,0.908381819,1,0,0,FALSE
141,Put,99,European,6,5,100,105,100,100,100,0.169588948,0.234227483,0.272265024,0.295526952,0.285004955,1,0.147853845,-0.11535677,0.084920744,0.054584617,0.251030477,1,0.148308092,0.041903594,0.099328678,-0.077385639,0.490869251,1,0.75151593,0.656978432,0.99479369,0.535217478,0.853800668,1,0.962911723,0.919339134,0.611523813,0.81563635,0.909075394,1,0,0,FALSE
142,Call,65,American,0,5,70,105,100,100,100,0.368017278,0.176399208,0.392962197,0.273517291,0.188791693,1,0.059143087,-0.152601002,0.052463591,0.130311022,0.21373995,1,0.109051122,0.062611899,0.092124601,-0.069009341,0.476479454,1,0.719787924,0.663887622,0.990189526,0.56029725,0.866437421,1,0.944831804,0.892172919,0.632689474,0.801437174,0.909275019,1,3,9,TRUE
143,Put,97,European,3,5,80,95,100,100,100,0.162309817,0.426830591,0.167043314,0.309862006,0.315518947,1,0.086260926,-0.145585322,0.039272848,0.089746423,0.165262477,1,0.105601233,0.104262614,0.065594836,-0.070270687,0.465844648,1,0.781191638,0.659279809,0.940684272,0.542009855,0.895192844,1,0.941488524,0.872842462,0.590008519,0.828195952,0.917760211,1,0,0,FALSE
144,Call,85,European,3,5,70,105,100,100,100,0.37126056,0.158991219,0.325090718,0.166765671,0.143169998,1,0.141959174,-0.152312002,0.131534957,0.05402719,0.254183894,1,0.119925359,0.068288606,0.122620478,-0.0507672,0.449082837,1,0.730540548,0.668218825,0.99188229,0.587376674,0.867845653,1,0.955311062,0.90526816,0.680138412,0.844181201,0.874324951,1,0,0,FALSE
145,Put,96,European,6,5,102,105,100,100,100,0.281823701,0.167921778,0.377797923,0.18042926,0.377324926,1,0.137740723,-0.076823226,0.040571288,0.097166293,0.198077497,1,0.064436217,0.035880612,0.132317125,-0.088513602,0.418669072,1,0.748736543,0.656830108,0.975740798,0.536964595,0.821924079,1,0.972267851,0.855920473,0.632796929,0.815494158,0.878440689,1,0,0,FALSE
146,Put,97,American,0,5,79,105,100,100,100,0.267812949,0.414605112,0.376598809,0.181149802,0.267583763,1,0.12731071,-0.137066284,0.099968934,0.093026299,0.198918675,1,0.119538759,0.099140839,0.050011165,-0.101406302,0.439235273,1,0.718934759,0.605732767,0.99956702,0.564919269,0.821379198,1,0.948830169,0.871838727,0.674812261,0.828368024,0.934539683,1,9,12,TRUE
147,Call,10,European,3,5,100,100,100,110,100,0.417950602,0.432512613,0.253407563,0.31101716,0.398756002,1,0.067951716,-0.101841951,0.0807096,0.049098043,0.259692433,1,0.14850561,0.083261711,0.101291166,-0.116466634,0.453984682,1,0.70427022,0.638527889,0.920248439,0.559284334,0.84687296,1,0.934784754,0.85340817,0.661039209,0.872811859,0.961515316,1,0,0,FALSE
148,Call,99,European,3,5,100,105,105,100,100,0.422804123,0.159360007,0.313895805,0.387016322,0.158404439,1,0.123333558,-0.070746191,0.123360453,0.072005799,0.241669251,1,0.132200711,0.0961424,0.070359954,-0.076165857,0.412600136,1,0.769228606,0.601414323,0.907243341,0.581764543,0.876724388,1,0.951498827,0.949349958,0.618888254,0.821916404,0.942580106,1,0,0,FALSE
149,Put,190,European,6,5,100,105,100,105,100,0.392054615,0.208132134,0.339331853,0.274384278,0.132826338,1,0.111903861,-0.10209918,0.074185317,0.041174361,0.203874354,1,0.077802441,0.042123997,0.087567105,-0.031700501,0.411021104,1,0.772459547,0.634054852,0.995616827,0.516805465,0.88608638,1,0.996045652,0.88766667,0.612502271,0.84904184,0.88497037,1,0,0,FALSE
150,Call,68,American,0,5,70,105,99,100,95,0.411820564,0.183623807,0.408424253,0.339808803,0.300920199,1,0.120130088,-0.150543554,0.105739592,0.098110604,0.188308967,1,0.136324425,0.030436622,0.104744776,-0.057101719,0.458184225,1,0.753531332,0.616940651,0.944328831,0.571694024,0.803306946,1,0.960889111,0.945505212,0.590758786,0.858584394,0.952983264,1,6,9,TRUE
151,Put,142,European,3,5,100,95,70,80,100,0.355731492,0.392517701,0.17994733,0.364605758,0.395744538,1,0.123136726,-0.081509432,0.098520994,0.088088839,0.160057845,1,0.095691276,0.109368125,0.055632389,-0.074957235,0.452281911,1,0.707215964,0.629512173,0.951145695,0.592575461,0.876305059,1,0.978321818,0.873761103,0.688301806,0.795043428,0.953838918,1,0,0,FALSE
152,Call,97,European,3,5,70,105,100,100,100,0.344711589,0.397894904,0.263365,0.178283376,0.382646423,1,0.098111939,-0.096745348,0.076172266,0.062726523,0.214047576,1,0.1478321,0.113704556,0.142666513,-0.091467462,0.486351497,1,0.789173956,0.646897491,0.974480277,0.513439718,0.891422363,1,0.957449379,0.877198246,0.636481363,0.878587778,0.94221938,1,0,0,FALSE
153,Put,125,European,6,5,102,105,100,100,100,0.380124215,0.226922212,0.433816119,0.169718319,0.256964952,1,0.128759271,-0.090805409,0.093059332,0.059218034,0.178635185,1,0.067380236,0.073203837,0.103730801,-0.060781368,0.488758405,1,0.760303999,0.650251095,0.970094145,0.509021945,0.871453089,1,0.927524396,0.855710805,0.687467319,0.789267433,0.969611914,1,0,0,FALSE
154,Put,135,American,0,5,79,105,100,100,100,0.25029928,0.158021963,0.3882351,0.430533119,0.366480089,1,0.149498434,-0.119746384,0.106393249,0.039774552,0.249253053,1,0.114688613,0.109199304,0.077044421,-0.061531192,0.433815877,1,0.79889064,0.626463221,0.935774089,0.567291712,0.896883096,1,0.92917223,0.885729199,0.624236409,0.820280064,0.880809636,1,3,6,FALSE
155,Put,99,European,6,5,100,105,100,100,100,0.244417359,0.223896103,0.165144608,0.159612025,0.113317364,1,0.057005126,-0.115634923,0.123239659,0.133529371,0.187924491,1,0.15518309,0.115744431,0.139902288,-0.019172506,0.47029066,1,0.727027621,0.610098297,0.927407688,0.553001069,0.855250279,1,0.953566756,0.903184581,0.646713704,0.84312895,0.946961939,1,0,0,FALSE
156,Call,65,American,0,5,70,105,100,100,100,0.369073505,0.291837619,0.261719156,0.328245633,0.350738921,1,0.108804478,-0.152430887,0.088118842,0.113117884,0.23330752,1,0.078941388,0.101151556,0.054537215,-0.022438909,0.449764022,1,0.755661873,0.681915888,0.960643206,0.514925057,0.829069329,1,0.987216142,0.88919284,0.663464692,0.86197536,0.953406353,1,3,9,TRUE
157,Put,97,European,3,5,80,95,100,100,100,0.415264192,0.419547166,0.389538724,0.377327768,0.196680435,1,0.125037783,-0.106184737,0.038722104,0.134843666,0.235157642,1,0.078339466,0.064220517,0.055324755,-0.067517864,0.425984895,1,0.777389106,0.689457335,0.952942914,0.529329587,0.861526456,1,0.923004771,0.870448466,0.619033625,0.850635588,0.879127238,1,0,0,FALSE
158,Call,85,European,3,5,70,105,100,100,100,0.236471614,0.1598852,0.16480891,0.30843216,0.15863718,1,0.105028736,-0.098936148,0.037710741,0.078152135,0.216786979,1,0.104400129,0.092427236,0.052824111,-0.106334117,0.422279442,1,0.733412673,0.686834818,0.912238052,0.544607227,0.889941441,1,0.992747514,0.908564245,0.677347064,0.843307149,0.919447468,1,0,0,FALSE
159,Put,96,European,6,5,102,105,100,100,100,0.3315471,0.372909181,0.413999016,0.372756057,0.299598141,1,0.06916538,-0.160477707,0.038211537,0.083017032,0.161354556,1,0.084557707,0.086684978,0.112647714,-0.02172439,0.467493918,1,0.79112779,0.606968219,0.912088095,0.585482635,0.881399484,1,0.989134967,0.900943245,0.594967939,0.872803436,0.897024487,1,0,0,FALSE
160,Put,97,American,0,5,79,105,100,100,100,0.393835811,0.234041933,0.203789423,0.326898746,0.286611861,1,0.113394496,-0.157073838,0.108312409,0.066838286,0.219705774,1,0.12801803,0.041916567,0.127089424,-0.11874419,0.424269321,1,0.741533127,0.699603218,0.922508854,0.527042581,0.823189111,1,0.904276083,0.919211252,0.663170361,0.824618872,0.897635342,1,9,12,TRUE
161,Call,10,European,3,5,100,100,100,110,100,0.243102786,0.145191364,0.27833962,0.328443599,0.274465728,1,0.080799377,-0.145300848,0.1153038,0.128814335,0.180830485,1,0.099252933,0.101571591,0.064019732,-0.099201024,0.475213885,1,0.732474806,0.659351642,0.957198844,0.517442455,0.892309236,1,0.942518571,0.868131874,0.682200094,0.801795458,0.930007794,1,0,0,FALSE
162,Call,99,European,3,5,100,105,105,100,100,0.137464274,0.219881993,0.336281677,0.16577104,0.323441394,1,0.098283136,-0.137600634,0.053893627,0.102838304,0.2386446,1,0.089295261,0.108932061,0.05217989,-0.062063734,0.459361385,1,0.795751808,0.654741249,0.963835062,0.595639023,0.822632053,1,0.951500654,0.938343262,0.633467865,0.809748616,0.913789086,1,0,0,FALSE
163,Put,190,European,6,5,100,105,100,105,100,0.304199451,0.324211419,0.17698988,0.27021618,0.276586766,1,0.066649038,-0.125595182,0.115422004,0.109727484,0.171712816,1,0.106709815,0.104768538,0.105660288,-0.067430092,0.428381233,1,0.728497188,0.671339503,0.91041473,0.501068098,0.840562939,1,0.973335486,0.906904249,0.650547587,0.847654777,0.95149919,1,0,0,FALSE
164,Call,85,European,3,5,100,105,100,100,100,0.328734334,0.166016324,0.366036767,0.272149663,0.194589639,1,0.145420803,-0.152846038,0.065961574,0.076668664,0.199173865,1,0.072621064,0.078307485,0.10773132,-0.019391883,0.418746357,1,0.717980348,0.64197051,0.932932096,0.521649698,0.819314864,1,0.912290333,0.913334427,0.623548347,0.847180135,0.968287413,1,0,0,FALSE
165,Put,95,European,6,5,100,105,100,100,100,0.343326744,0.370937593,0.395614065,0.144337784,0.37766853,1,0.056964397,-0.072397843,0.082516286,0.058214694,0.176124209,1,0.073727517,0.082964445,0.098698153,-0.059088382,0.431786917,1,0.79985266,0.699090704,0.974425868,0.540387698,0.824472928,1,0.916431227,0.878776604,0.663430667,0.856330064,0.908099785,1,0,0,FALSE
166,Call,50,American,0,5,70,105,100,100,100,0.423086796,0.362433239,0.35436836,0.290250166,0.111393261,1,0.11479386,-0.09916047,0.087297426,0.071188431,0.218562693,1,0.146531376,0.119262831,0.143023345,-0.047962716,0.487783297,1,0.711934108,0.63606693,0.9749782,0.520880415,0.873575211,1,0.983912098,0.949246959,0.677956332,0.797904002,0.928405986,1,3,9,TRUE
167,Put,97,European,3,5,80,95,100,100,100,0.215900794,0.305592807,0.26673577,0.421859475,0.176933102,1,0.132657722,-0.117494379,0.09332673,0.098101103,0.211840947,1,0.122224601,0.036961637,0.107687918,-0.019013895,0.450924253,1,0.769793445,0.662482195,0.934762493,0.551711086,0.809942819,1,0.939893101,0.891894062,0.590442329,0.820507775,0.962430151,1,0,0,FALSE
168,Call,85,European,3,5,70,105,100,100,100,0.21811618,0.399652054,0.413333903,0.426009352,0.119403401,1,0.085118075,-0.08401642,0.126515029,0.127425949,0.236951578,1,0.156721913,0.083331433,0.065713099,-0.068687945,0.420920715,1,0.782864399,0.632163597,0.949227988,0.587859916,0.88490867,1,0.936003809,0.850541374,0.675418588,0.866686473,0.935404834,1,0,0,FALSE
169,Put,96,European,6,5,102,105,100,100,100,0.172432162,0.43628382,0.374430274,0.270880823,0.335356427,1,0.124225111,-0.140286641,0.126882563,0.119363255,0.170186722,1,0.1235144,0.070671013,0.113642216,-0.114002483,0.451838325,1,0.751022299,0.63070967,0.959844491,0.569308838,0.892713457,1,0.96823144,0.913462798,0.674111726,0.854184563,0.948674643,1,0,0,FALSE
170,Put,89,American,0,5,79,105,100,100,100,0.154065906,0.232905081,0.326707254,0.26511533,0.365384001,1,0.134987825,-0.087720531,0.047682999,0.109991314,0.243289455,1,0.0649511,0.102065815,0.098886997,-0.031694463,0.458974758,1,0.730189237,0.601450642,0.916340627,0.597759739,0.827741022,1,0.946522866,0.870777839,0.669603082,0.844923682,0.902236392,1,9,12,TRUE
171,Call,40,European,3,5,100,100,100,110,100,0.148539883,0.334543389,0.24683269,0.21317992,0.110458483,1,0.088592105,-0.129912435,0.088377018,0.054227816,0.208438506,1,0.103677631,0.023641566,0.054612101,-0.103613772,0.410817174,1,0.724243589,0.669123241,0.919354279,0.55845788,0.851225626,1,0.972079995,0.921512774,0.670907449,0.826414917,0.944274152,1,0,0,FALSE
172,Call,97,European,3,5,100,105,105,100,100,0.262540708,0.40511567,0.201885766,0.245617793,0.117577219,1,0.134017278,-0.143841084,0.057156861,0.061752558,0.173750775,1,0.082695885,0.038058323,0.063985963,-0.102489427,0.423431899,1,0.716472174,0.606687091,0.96785972,0.512603121,0.834512939,1,0.957413155,0.915768661,0.683732375,0.873857401,0.8722261,1,0,0,FALSE
173,Put,188,European,6,5,100,105,100,105,100,0.263620342,0.394118255,0.439625334,0.171831701,0.330955414,1,0.113981477,-0.104763508,0.069161515,0.113362991,0.177413775,1,0.15192113,0.050157046,0.083789731,-0.111356957,0.442387285,1,0.794058365,0.680497596,0.998517284,0.582838597,0.869085321,1,0.904200459,0.932887049,0.600944651,0.826230371,0.969076692,1,0,0,FALSE
174,Call,58,American,0,5,70,105,99,100,95,0.362791388,0.324749894,0.209594155,0.188200816,0.123743106,1,0.06786578,-0.136323325,0.091995056,0.0773767,0.18344561,1,0.149448247,0.063857923,0.051518313,-0.116056991,0.410033445,1,0.788676993,0.665517343,0.922267711,0.549297926,0.845992916,1,0.961045954,0.908855216,0.62429556,0.786718545,0.890466388,1,6,9,TRUE
175,Put,140,European,3,5,100,95,70,80,100,0.280327377,0.3977913,0.1588684,0.19770275,0.268412595,1,0.073458642,-0.169134607,0.10146109,0.123313102,0.237114123,1,0.104481772,0.087624106,0.149337854,-0.055503561,0.470192612,1,0.787368856,0.642946264,0.995656446,0.566989288,0.828620246,1,0.917557766,0.934210351,0.593959805,0.830139513,0.907735335,1,0,0,FALSE
176,Call,20,European,3,5,70,105,100,100,100,0.129030776,0.15810971,0.425022161,0.384948241,0.29007083,1,0.099067644,-0.088006987,0.101269564,0.106574738,0.176304174,1,0.081839006,0.075143411,0.127151453,-0.019171256,0.465204551,1,0.762030309,0.624792549,0.958986696,0.505511548,0.861181807,1,0.987112119,0.928333698,0.591900838,0.822376775,0.879529305,1,0,0,FALSE
177,Put,120,European,6,5,102,105,100,100,100,0.224787572,0.20058032,0.154401979,0.195555715,0.250158466,1,0.105684832,-0.117856261,0.087893329,0.075640552,0.171739576,1,0.11953864,0.116053848,0.092285386,-0.058102928,0.490537435,1,0.78254991,0.633064474,0.912524438,0.587103191,0.805313395,1,0.931282471,0.946306959,0.634031251,0.831238733,0.936235773,1,0,0,FALSE
178,Put,102,American,0,5,79,105,100,100,100,0.156423342,0.191771969,0.290125812,0.291960305,0.229105292,1,0.057663299,-0.153765308,0.069906513,0.082266729,0.237018851,1,0.066917231,0.071233551,0.066344856,-0.020217484,0.405886741,1,0.749031849,0.663294416,0.905916811,0.505675689,0.877735286,1,0.996748721,0.913415898,0.600087509,0.81453191,0.886174709,1,3,12,FALSE
179,Call,101,European,3,5,100,100,100,100,100,0.392420536,0.228025318,0.197905088,0.294862301,0.170002564,1,0.122604119,-0.169554273,0.108596765,0.088246183,0.201782107,1,0.155184346,0.034771828,0.103841031,-0.059656033,0.404930974,1,0.721768349,0.644142969,0.975863967,0.565851133,0.840635561,1,0.945616904,0.889560882,0.642650715,0.818579342,0.8879848,1,0,0,FALSE
180,Call,78,European,3,5,100,105,100,100,100,0.328082661,0.339207096,0.216903659,0.263950321,0.153074802,1,0.109520334,-0.076741914,0.081140286,0.094538087,0.197753339,1,0.140952485,0.122617458,0.110800285,-0.094031782,0.469846109,1,0.793895234,0.623816091,0.949834942,0.502419674,0.863455623,1,0.939057829,0.884405399,0.638496343,0.826468868,0.939957102,1,0,0,FALSE
181,Put,99,European,6,5,100,105,100,100,100,0.218244726,0.192156776,0.212915805,0.429949022,0.328583,1,0.052328347,-0.139246943,0.035147086,0.106501989,0.196905307,1,0.122572794,0.06915342,0.147822928,-0.069347317,0.442967926,1,0.768391767,0.688357742,0.975060662,0.508670842,0.882916794,1,0.93287987,0.908885378,0.681569462,0.859198394,0.909461541,1,0,0,FALSE
182,Call,65,American,0,5,70,105,100,100,100,0.168609264,0.344069317,0.3484954,0.378508519,0.359862386,1,0.087284366,-0.102039745,0.053434738,0.087670375,0.183891504,1,0.069855442,0.077194106,0.08400967,-0.052364739,0.489641504,1,0.774363023,0.688823645,0.947865694,0.538640167,0.861025837,1,0.958924461,0.852173325,0.641270644,0.852864099,0.956864499,1,3,9,TRUE
183,Put,97,European,3,5,80,95,100,100,100,0.206915988,0.354274458,0.414693001,0.418367193,0.356207514,1,0.103724854,-0.140942354,0.065924848,0.120177031,0.230490554,1,0.14408121,0.088917374,0.090931976,-0.029654778,0.405170823,1,0.7865856,0.613589569,0.950233049,0.5329876,0.80451417,1,0.99826979,0.93260879,0.599691772,0.805541642,0.8911584,1,0,0,FALSE
184,Call,85,European,3,5,70,105,100,100,100,0.404931899,0.208677338,0.371425673,0.326155481,0.114501925,1,0.101657506,-0.155137048,0.070637889,0.07221268,0.240559855,1,0.085869031,0.067456691,0.107330808,-0.034864536,0.454277912,1,0.768212512,0.653164301,0.957124383,0.525511741,0.895817972,1,0.946377476,0.908142397,0.662825718,0.825888131,0.917931522,1,0,0,FALSE
185,Put,96,European,6,5,102,105,100,100,100,0.139725561,0.437525765,0.171735285,0.239794446,0.106693371,1,0.144664671,-0.084389472,0.052562817,0.114620385,0.201435586,1,0.064186555,0.044047103,0.066662063,-0.099370781,0.409606528,1,0.795373934,0.68329404,0.928702485,0.510968602,0.804105352,1,0.973883425,0.881091246,0.681837713,0.825499374,0.94771145,1,0,0,FALSE
186,Put,97,American,0,5,79,105,100,100,100,0.411722336,0.317343184,0.224985331,0.292649848,0.374900382,1,0.142920399,-0.161273076,0.117929941,0.132764762,0.243807035,1,0.116496652,0.029496097,0.082376838,-0.077323305,0.431887241,1,0.733555046,0.626320153,0.915542513,0.586693395,0.849505118,1,0.945589579,0.887892648,0.639409166,0.78434763,0.94463547,1,9,12,TRUE
187,Call,10,European,3,5,100,100,100,110,100,0.254213577,0.371597627,0.32616539,0.430803507,0.319619482,1,0.107026369,-0.083170017,0.128224618,0.104270333,0.259468075,1,0.150200281,0.039383967,0.133533768,-0.041358662,0.46462574,1,0.782279388,0.60799854,0.927545903,0.51561057,0.838079442,1,0.914955927,0.90271055,0.663970476,0.80455412,0.912399778,1,0,0,FALSE
188,Call,99,European,3,5,100,105,105,100,100,0.148113946,0.422915886,0.314222586,0.312629243,0.197521473,1,0.100649448,-0.118992386,0.127943538,0.124662321,0.225874943,1,0.116964607,0.092924707,0.094624449,-0.027694067,0.452445837,1,0.78162409,0.626179404,0.95804084,0.503361089,0.821327534,1,0.996021654,0.92095303,0.637792357,0.829124834,0.949040097,1,0,0,FALSE
189,Put,190,European,6,5,100,105,100,105,100,0.357059482,0.184614272,0.334495587,0.208570868,0.384189027,1,0.134335918,-0.084790036,0.115016135,0.067963748,0.244613617,1,0.074384527,0.096086828,0.083585847,-0.112367884,0.433802993,1,0.781006042,0.612698897,0.931556929,0.564450526,0.882525977,1,0.911389152,0.917245639,0.68326043,0.836692252,0.949256594,1,0,0,FALSE
190,Call,68,American,0,5,70,105,99,100,95,0.285675218,0.274508451,0.401055811,0.366255243,0.392652857,1,0.078065068,-0.16920061,0.065432517,0.078206049,0.238018204,1,0.081549833,0.057856815,0.0590099,-0.08068037,0.476662812,1,0.704580042,0.619504266,0.928520846,0.594447275,0.819782412,1,0.993640958,0.919472606,0.598914302,0.809572605,0.945495747,1,6,9,TRUE
191,Put,142,European,3,5,100,95,70,80,100,0.132916785,0.222651234,0.277388203,0.143950218,0.320931577,1,0.142920336,-0.0953078,0.036311655,0.124607928,0.165447125,1,0.114838737,0.028002965,0.051787274,-0.068186172,0.403569641,1,0.713835184,0.63513332,0.946019016,0.524483005,0.847127382,1,0.942527651,0.852281596,0.608699764,0.838422768,0.968024025,1,0,0,FALSE
192,Call,97,European,3,5,70,105,100,100,100,0.397250462,0.257982776,0.315995446,0.295501644,0.197633538,1,0.091116191,-0.113811604,0.117041476,0.050513475,0.161969239,1,0.109982352,0.08016072,0.104460711,-0.053649637,0.482969253,1,0.733514483,0.69674769,0.932449135,0.581069793,0.897196276,1,0.991732138,0.884641637,0.605214315,0.836484307,0.899044237,1,0,0,FALSE
193,Put,125,European,6,5,102,105,100,100,100,0.361359067,0.175045771,0.403615356,0.302698938,0.398977788,1,0.050354948,-0.07100638,0.095500115,0.081191468,0.20566095,1,0.092694753,0.032177274,0.05162118,-0.045334364,0.476802721,1,0.740159445,0.633630817,0.922359901,0.574193515,0.889552906,1,0.934761632,0.945136995,0.609358012,0.833774597,0.880052675,1,0,0,FALSE
194,Put,135,American,0,5,79,105,100,100,100,0.390560881,0.295417011,0.404506543,0.194737481,0.122732221,1,0.098726539,-0.09254606,0.133680828,0.062968101,0.255191287,1,0.124056333,0.052128236,0.132116619,-0.063568078,0.423138465,1,0.792722629,0.662849968,0.980169868,0.54398399,0.835255045,1,0.91981585,0.897396152,0.66604867,0.812500167,0.933174968,1,3,6,FALSE
195,Put,99,European,6,5,100,105,100,100,100,0.160236065,0.191694902,0.369322255,0.355254069,0.210430546,1,0.137168588,-0.09305696,0.109822691,0.046508781,0.177463361,1,0.065388824,0.024158702,0.135029915,-0.107549257,0.461709634,1,0.795609006,0.612338062,0.970466618,0.537700711,0.826305072,1,0.976119894,0.907827672,0.665633877,0.859371722,0.96918569,1,0,0,FALSE
196,Call,65,American,0,5,70,105,100,100,100,0.29260858,0.276244067,0.195872796,0.197384763,0.186008062,1,0.095859346,-0.116524652,0.077119353,0.070057451,0.165715212,1,0.086657842,0.121356245,0.064294319,-0.113681669,0.448377467,1,0.754599079,0.659450201,0.90022472,0.530373154,0.882791667,1,0.99614355,0.878576284,0.686462816,0.795975325,0.96272095,1,3,9,TRUE
197,Put,97,European,3,5,80,95,100,100,100,0.368235898,0.383378067,0.328119242,0.259007315,0.37147888,1,0.09229439,-0.123531242,0.034503311,0.064240368,0.19223413,1,0.066572666,0.06993604,0.0702539,-0.097395434,0.488354644,1,0.779502417,0.64900946,0.95087561,0.548337324,0.892847715,1,0.978400496,0.869244124,0.594368398,0.846647982,0.958004393,1,0,0,FALSE
198,Call,85,European,3,5,70,105,100,100,100,0.134410839,0.284606342,0.292245223,0.315397736,0.172756138,1,0.067686251,-0.121129701,0.052398757,0.130304914,0.204423147,1,0.084430075,0.092628117,0.144721664,-0.096820593,0.478205214,1,0.771359384,0.614844698,0.980760602,0.544506489,0.868486051,1,0.954651581,0.914706194,0.613338145,0.856322485,0.959038543,1,0,0,FALSE
199,Put,96,European,6,5,102,105,100,100,100,0.265150435,0.293705594,0.228062232,0.344386652,0.267395767,1,0.109352788,-0.113252764,0.046810653,0.10382267,0.164432782,1,0.100860159,0.074854321,0.112443334,-0.041443583,0.482939602,1,0.763296325,0.680802942,0.95847734,0.503622766,0.810185448,1,0.930563636,0.871785754,0.686718454,0.786205452,0.891458778,1,0,0,FALSE
200,Put,97,American,0,5,79,105,100,100,100,0.208349994,0.258496634,0.241899853,0.168885689,0.291707268,1,0.104681694,-0.125750305,0.1061002,0.047067419,0.231898686,1,0.085162162,0.116195076,0.114217094,-0.094446484,0.42545036,1,0.70930164,0.646679035,0.913239269,0.512022141,0.844809808,1,0.922169252,0.914302808,0.641055029,0.842920017,0.903085463,1,9,12,TRUE
201,Call,10,European,3,5,100,100,100,110,100,0.303552033,0.207021409,0.202382594,0.281829017,0.287170261,1,0.059793571,-0.088766589,0.130878723,0.079009829,0.205617767,1,0.082726183,0.061166341,0.137103627,-0.051771712,0.41470526,1,0.712411845,0.686747666,0.969202787,0.502368779,0.823065095,1,0.942839302,0.852882607,0.601968645,0.858857354,0.941777358,1,0,0,FALSE
202,Call,99,European,3,5,100,105,105,100,100,0.26469933,0.393924211,0.288038882,0.404243021,0.249743181,1,0.098949017,-0.109575603,0.130721871,0.053844859,0.182687217,1,0.070965215,0.103152466,0.10866956,-0.055563877,0.405011625,1,0.763164763,0.68609766,0.966475663,0.56853793,0.803224578,1,0.923279272,0.942818788,0.653663605,0.828200056,0.943910456,1,0,0,FALSE
203,Put,190,European,6,5,100,105,100,105,100,0.265014802,0.410816818,0.23658409,0.376110423,0.126819266,1,0.083880124,-0.145719897,0.077443512,0.081876514,0.218631258,1,0.114075663,0.091282424,0.063336799,-0.100976469,0.418387654,1,0.780484975,0.687814689,0.991641082,0.561702063,0.861367419,1,0.963600286,0.93350126,0.626950646,0.876755624,0.963968123,1,0,0,FALSE
204,Call,85,European,3,5,100,105,100,100,100,0.387869161,0.240199451,0.231360092,0.33170869,0.227012911,1,0.071651328,-0.140504548,0.069606946,0.119233806,0.215877754,1,0.074408277,0.067115812,0.087806423,-0.049972652,0.457376576,1,0.792208468,0.685788656,0.908595412,0.52156854,0.820732824,1,0.987591135,0.947878466,0.664050824,0.818064207,0.947028725,1,0,0,FALSE
205,Put,95,European,6,5,100,105,100,100,100,0.152861704,0.198595659,0.264582789,0.167901262,0.389603776,1,0.067860796,-0.079387193,0.101382441,0.108551797,0.213870012,1,0.139525814,0.037236588,0.06391396,-0.083592597,0.473977436,1,0.721844199,0.69464638,0.951019719,0.575486959,0.81215998,1,0.919556017,0.856480228,0.66937653,0.841620215,0.952818752,1,0,0,FALSE
206,Call,50,American,0,5,70,105,100,100,100,0.298722737,0.153024104,0.225896463,0.23033419,0.347859376,1,0.12683953,-0.092846322,0.118303817,0.070122845,0.232320017,1,0.082793281,0.06365242,0.086671138,-0.026095435,0.496185086,1,0.76989615,0.646830184,0.964134059,0.51356092,0.839786174,1,0.947437615,0.895219625,0.591922261,0.855040128,0.920531896,1,3,9,TRUE
207,Put,97,European,3,5,80,95,100,100,100,0.279497836,0.301097652,0.423917057,0.292934218,0.169540813,1,0.144054805,-0.119875904,0.090388164,0.076083888,0.170398254,1,0.147328591,0.1038778,0.122092694,-0.062728982,0.41279322,1,0.724712123,0.682434711,0.955263688,0.596286169,0.867254305,1,0.904709407,0.936136082,0.661951607,0.828885559,0.891200296,1,0,0,FALSE
208,Call,85,European,3,5,70,105,100,100,100,0.331379548,0.381694888,0.189869979,0.217712203,0.400793638,1,0.112794725,-0.132287851,0.036384864,0.043298355,0.226222828,1,0.087082116,0.106668754,0.058118384,-0.02651975,0.411739552,1,0.78100657,0.659090815,0.932221218,0.593864033,0.876187538,1,0.901244444,0.885314614,0.683140808,0.878606156,0.917596997,1,0,0,FALSE
209,Put,96,European,6,5,102,105,100,100,100,0.284085679,0.223359258,0.332259705,0.171415914,0.286273893,1,0.093129099,-0.152571917,0.060995854,0.111838504,0.206135551,1,0.139469727,0.035062668,0.082126363,-0.065774499,0.475735832,1,0.700590183,0.610311662,0.943857982,0.591628693,0.837169704,1,0.964240909,0.857961224,0.642176994,0.841151952,0.947983491,1,0,0,FALSE
210,Call,100,European,3,5,100,100,100,100,100,0.356633292,0.233231999,0.400400506,0.235915273,0.333580384,1,0.145291934,-0.158312109,0.129750412,0.066645533,0.196008201,1,0.158976346,0.079769398,0.064490253,-0.036583181,0.478988523,1,0.762022118,0.672207723,0.997976457,0.500153309,0.820138185,1,0.902957927,0.889090828,0.611378647,0.782981579,0.906326072,1,0,0,FALSE
211,Call,85,European,3,5,100,105,100,100,100,0.404948618,0.16837981,0.359802451,0.329054184,0.272306035,1,0.058865735,-0.080019572,0.133840925,0.054416147,0.211090395,1,0.090754954,0.064160202,0.054476715,-0.071520298,0.476133675,1,0.73642398,0.694106804,0.91471502,0.529166482,0.876038857,1,0.942787213,0.85833225,0.628418006,0.852005175,0.917211209,1,0,0,FALSE
212,Put,95,European,6,5,100,105,100,100,100,0.351059154,0.209555984,0.402946343,0.262407132,0.143305405,1,0.054103845,-0.085323366,0.120107354,0.10872573,0.229961528,1,0.070790869,0.110431378,0.125587642,-0.094764047,0.474245181,1,0.788344579,0.625179799,0.934717525,0.571737486,0.805595175,1,0.954693959,0.866956421,0.632758587,0.782342266,0.969975766,1,0,0,FALSE
213,Call,50,American,0,5,70,105,100,100,100,0.35856812,0.281217772,0.256225635,0.416563655,0.369934781,1,0.103528243,-0.107269642,0.106702579,0.052736333,0.166834825,1,0.145243254,0.086127643,0.060644105,-0.090521748,0.451774628,1,0.719689677,0.604327983,0.933421544,0.544563416,0.873606559,1,0.962464874,0.856042869,0.636872564,0.834139273,0.886246424,1,3,9,TRUE
214,Put,97,European,3,5,80,95,100,100,100,0.345254428,0.33720448,0.311135762,0.324868466,0.173454991,1,0.1206192,-0.162050847,0.065673728,0.052412782,0.244851798,1,0.085436392,0.09411989,0.059118469,-0.026869877,0.466378476,1,0.765690778,0.652817198,0.972489434,0.597921363,0.848660792,1,0.928109295,0.9091742,0.668881516,0.856469373,0.90468932,1,0,0,FALSE
215,Call,85,European,3,5,70,105,100,100,100,0.414012912,0.195621665,0.353376487,0.265007153,0.250749197,1,0.139655863,-0.127711209,0.073038987,0.12183593,0.25005242,1,0.080195584,0.112331658,0.061495659,-0.094081463,0.495590546,1,0.799161164,0.631878634,0.938065891,0.519633712,0.895062818,1,0.937160645,0.94215587,0.6432243,0.849733662,0.953342287,1,0,0,FALSE
216,Put,96,European,6,5,102,105,100,100,100,0.178223843,0.26693389,0.43515997,0.410885244,0.39820322,1,0.051837557,-0.149846494,0.055338646,0.060376323,0.184788607,1,0.134308829,0.104890913,0.087213695,-0.067007681,0.405389512,1,0.763030502,0.672358322,0.936745654,0.500623356,0.800416355,1,0.907771458,0.865612319,0.610144756,0.831075769,0.941693335,1,0,0,FALSE
217,Put,89,American,0,5,79,105,100,100,100,0.237473359,0.371586491,0.376699725,0.179800503,0.21248668,1,0.14996678,-0.101492492,0.131170932,0.036388525,0.236998434,1,0.144732173,0.055766362,0.13409017,-0.073664333,0.432163611,1,0.765883158,0.621757534,0.934410715,0.59988284,0.870848878,1,0.93945602,0.934231249,0.612633853,0.801481655,0.931472565,1,9,12,TRUE
218,Call,40,European,3,5,100,100,100,110,100,0.284959352,0.341404933,0.30008945,0.309077795,0.127846617,1,0.116779912,-0.073592208,0.044561538,0.058109351,0.174681781,1,0.077935976,0.0423159,0.123100642,-0.033494839,0.484211217,1,0.726914038,0.679976518,0.979465439,0.51916003,0.841185666,1,0.97984777,0.89786875,0.609215953,0.807877447,0.93116443,1,0,0,FALSE
219,Call,97,European,3,5,100,105,105,100,100,0.3235995,0.275802573,0.351534278,0.260437329,0.138070783,1,0.110000053,-0.081635547,0.103432105,0.073115663,0.197804021,1,0.076692989,0.105605482,0.122084461,-0.088231965,0.446511364,1,0.780260202,0.661811003,0.917979385,0.570541394,0.893804469,1,0.980428136,0.867231555,0.630767256,0.879034317,0.922558117,1,0,0,FALSE
220,Put,188,European,6,5,100,105,100,105,100,0.321786814,0.292241806,0.386512238,0.203527924,0.361107517,1,0.09023728,-0.147223914,0.10924202,0.073067085,0.162752228,1,0.119653123,0.063708636,0.081565817,-0.02168325,0.414059733,1,0.72367322,0.638123034,0.936099472,0.541285503,0.846221827,1,0.949082785,0.888146605,0.633932649,0.830651724,0.965879742,1,0,0,FALSE
221,Call,58,American,0,5,70,105,99,100,95,0.317473395,0.431919172,0.323936518,0.23264436,0.153165387,1,0.063459683,-0.165210082,0.099072485,0.127833348,0.16077715,1,0.095653169,0.054272057,0.088823766,-0.06778982,0.475522927,1,0.724544838,0.611184597,0.951379625,0.507011366,0.84039147,1,0.90996051,0.898563569,0.681494815,0.859021832,0.890092068,1,6,9,TRUE
222,Put,140,European,3,5,100,95,70,80,100,0.388630753,0.257130388,0.429909306,0.283750882,0.179325512,1,0.142389574,-0.140701825,0.096948973,0.057960884,0.181803708,1,0.099871746,0.083522321,0.107873025,-0.116601763,0.42072349,1,0.764113852,0.660838823,0.970261882,0.541399494,0.8529007,1,0.949117708,0.886331163,0.627948876,0.830301749,0.910183647,1,0,0,FALSE
223,Call,20,European,3,5,70,105,100,100,100,0.350924301,0.156030749,0.275843306,0.348086099,0.132199368,1,0.104039321,-0.118997358,0.127247077,0.051413237,0.235869893,1,0.072067816,0.032031923,0.050308858,-0.110945703,0.434988103,1,0.759223853,0.632672394,0.921950089,0.529606197,0.840720094,1,0.964708189,0.853942823,0.659664007,0.855692727,0.920803272,1,0,0,FALSE
224,Put,120,European,6,5,102,105,100,100,100,0.324158593,0.381189049,0.198464101,0.305137222,0.375159434,1,0.120446557,-0.098985298,0.071669015,0.095703265,0.216327519,1,0.150861688,0.045681965,0.056880436,-0.027813929,0.420497415,1,0.787669906,0.640961748,0.955590265,0.575453185,0.836589296,1,0.914847966,0.902778642,0.636757266,0.878479395,0.935680309,1,0,0,FALSE
225,Put,102,American,0,5,79,105,100,100,100,0.391119386,0.15305003,0.354222632,0.322262913,0.19135153,1,0.066332508,-0.143231382,0.08851379,0.133515347,0.249689071,1,0.083823309,0.075884373,0.084557169,-0.051355863,0.490204216,1,0.721352248,0.668478699,0.979442887,0.51924765,0.886119586,1,0.936518142,0.929575918,0.617535079,0.866543236,0.895653847,1,3,12,FALSE
226,Call,101,European,3,5,100,100,100,100,100,0.19506604,0.278310991,0.230422126,0.287349519,0.213948782,1,0.116954388,-0.169245406,0.050180673,0.079249478,0.227081315,1,0.154233854,0.0590436,0.060423262,-0.108408008,0.430173631,1,0.705745165,0.612382248,0.903389714,0.561712634,0.831683656,1,0.969267655,0.90648281,0.645540507,0.783170762,0.969182355,1,0,0,FALSE
227,Call,78,European,3,5,100,105,100,100,100,0.346893607,0.333627221,0.336885612,0.140776613,0.132646804,1,0.121813515,-0.12897764,0.129900036,0.063652711,0.209353906,1,0.077924497,0.066216001,0.147210775,-0.083731132,0.421125854,1,0.725848364,0.608518122,0.910165558,0.526826703,0.865385963,1,0.954605773,0.901759056,0.667933396,0.782142167,0.948520012,1,0,0,FALSE
228,Put,99,European,6,5,100,105,100,100,100,0.179514648,0.182817446,0.337743607,0.432154965,0.135269525,1,0.10768558,-0.110505158,0.065941812,0.048620445,0.183804207,1,0.094243201,0.090383799,0.136691389,-0.054619242,0.487069381,1,0.777260377,0.639162787,0.947967958,0.519506985,0.898584053,1,0.942489029,0.937205673,0.670627377,0.786293333,0.898722253,1,0,0,FALSE
229,Call,65,American,0,5,70,105,100,100,100,0.42253626,0.381931545,0.364038084,0.350950679,0.127006307,1,0.088036668,-0.113737497,0.115070187,0.098518802,0.24390877,1,0.11336661,0.059416859,0.095776442,-0.067521933,0.432079513,1,0.700515746,0.611733014,0.955670177,0.599774689,0.863536489,1,0.956589758,0.92743576,0.689498562,0.824848731,0.879777237,1,3,9,TRUE
230,Put,97,European,3,5,80,95,100,100,100,0.314628185,0.405941394,0.28299449,0.176704038,0.355046652,1,0.126097147,-0.154430498,0.098317932,0.101677043,0.215171581,1,0.134384705,0.074320692,0.131100587,-0.053760261,0.408936696,1,0.750546953,0.66233905,0.902777305,0.545221298,0.892384539,1,0.921478219,0.882705949,0.599883519,0.861337221,0.915237519,1,0,0,FALSE
231,Call,85,European,3,5,70,105,100,100,100,0.154925346,0.208400334,0.318942411,0.413467526,0.376089379,1,0.0783449,-0.146569855,0.086474292,0.098651541,0.167337542,1,0.066455289,0.05284522,0.067521486,-0.114991664,0.495733509,1,0.704796183,0.628771825,0.93727228,0.507830196,0.839102352,1,0.962721386,0.919292843,0.645534596,0.797864929,0.899730156,1,0,0,FALSE
232,Put,96,European,6,5,102,105,100,100,100,0.190752293,0.417093863,0.412163387,0.203828665,0.357485652,1,0.07371762,-0.153167627,0.077918375,0.102515415,0.238284952,1,0.130585634,0.098928514,0.056742581,-0.094030467,0.456469192,1,0.749931994,0.632288561,0.998402467,0.557125155,0.832841691,1,0.932337699,0.931141711,0.615537858,0.791211906,0.9263907,1,0,0,FALSE
233,Put,97,American,0,5,79,105,100,100,100,0.12743769,0.1735781,0.316232443,0.398035106,0.171040509,1,0.146601801,-0.167586131,0.113429073,0.068635795,0.251093147,1,0.079808719,0.084144788,0.078648714,-0.100357989,0.448894757,1,0.767730195,0.657002891,0.907345879,0.524789084,0.835091527,1,0.998071698,0.940904773,0.617210809,0.787571748,0.906701817,1,9,12,TRUE
234,Call,10,European,3,5,100,100,100,110,100,0.330824052,0.256563372,0.22721352,0.282194907,0.140589947,1,0.093097007,-0.084802129,0.106841254,0.117267196,0.220581303,1,0.150676447,0.028652537,0.118280025,-0.109869043,0.49330784,1,0.776369198,0.603540599,0.994016474,0.51310982,0.801844331,1,0.99015224,0.927211041,0.619483671,0.845965359,0.902243112,1,0,0,FALSE
235,Call,99,European,3,5,100,105,105,100,100,0.279211342,0.383684936,0.321891808,0.28280715,0.29316948,1,0.08702234,-0.145733801,0.068264628,0.071869935,0.229208949,1,0.150055205,0.120872368,0.117948091,-0.050915195,0.416628144,1,0.715546129,0.622482316,0.918589004,0.501972132,0.826619832,1,0.97227469,0.929516292,0.592757759,0.876447357,0.962035408,1,0,0,FALSE
236,Put,190,European,6,5,100,105,100,105,100,0.133362606,0.300332115,0.421196669,0.322510171,0.171240318,1,0.103876796,-0.156856782,0.036287461,0.073188359,0.19790326,1,0.060236561,0.06016415,0.061163613,-0.094572187,0.450401185,1,0.70546585,0.673033616,0.970306497,0.582541694,0.89956791,1,0.957686775,0.857481758,0.670624892,0.814359448,0.962228522,1,0,0,FALSE
237,Call,68,American,0,5,70,105,99,100,95,0.125566711,0.299669074,0.377046702,0.377105734,0.1803607,1,0.102606422,-0.13286042,0.09839278,0.062483006,0.256830835,1,0.083193848,0.069446183,0.077326939,-0.022020116,0.410277861,1,0.759734948,0.616483723,0.953900862,0.563552313,0.863970745,1,0.968269982,0.916990082,0.661701553,0.819569685,0.922440564,1,6,9,TRUE
238,Put,142,European,3,5,100,95,70,80,100,0.157117253,0.41670077,0.188447424,0.233617305,0.114857948,1,0.068304305,-0.098301795,0.096292194,0.114948309,0.209818367,1,0.144772113,0.105413972,0.12364532,-0.084958388,0.42980992,1,0.763092659,0.681236831,0.921283636,0.521613303,0.847859667,1,0.976697209,0.855363391,0.598969631,0.827764484,0.883857541,1,0,0,FALSE
239,Call,97,European,3,5,70,105,100,100,100,0.158393074,0.26454721,0.273563341,0.36305042,0.320028178,1,0.136908756,-0.152946266,0.076608927,0.068425002,0.161669186,1,0.114270957,0.065505435,0.140749122,-0.05260216,0.448339594,1,0.720040522,0.60854899,0.984338687,0.594180108,0.891119253,1,0.921074175,0.947670694,0.67900896,0.86352167,0.92056224,1,0,0,FALSE
240,Put,125,European,6,5,102,105,100,100,100,0.405168015,0.254177573,0.229991993,0.41432127,0.169334116,1,0.058377178,-0.092662818,0.11174796,0.090513863,0.163903941,1,0.097778995,0.107895972,0.06349853,-0.065859213,0.462428492,1,0.771361708,0.66442848,0.987509778,0.518069476,0.866061378,1,0.916904692,0.912176127,0.616614782,0.794546139,0.875359377,1,0,0,FALSE
241,Put,135,American,0,5,79,105,100,100,100,0.395203402,0.185984898,0.35770753,0.399645335,0.136511241,1,0.093895752,-0.138002747,0.114450024,0.092166464,0.229238026,1,0.08096125,0.105371609,0.054718739,-0.034133465,0.424928714,1,0.702402642,0.61252819,0.911352545,0.5178467,0.82932876,1,0.915462808,0.886270959,0.60595508,0.837452681,0.904288648,1,3,6,FALSE
242,Put,99,European,6,5,100,105,100,100,100,0.287768432,0.361226841,0.198591531,0.14201042,0.175562988,1,0.087254869,-0.158017576,0.096250444,0.103848246,0.173727453,1,0.087877989,0.121056365,0.067038471,-0.031664804,0.498822091,1,0.77300336,0.605277565,0.958005652,0.5516782,0.856169051,1,0.94513549,0.90605658,0.659246326,0.780449023,0.962554425,1,0,0,FALSE
243,Call,65,American,0,5,70,105,100,100,100,0.234893096,0.289803538,0.231178787,0.160968657,0.15054458,1,0.139781935,-0.100296742,0.101524368,0.135568326,0.188602275,1,0.076917223,0.049887339,0.052660628,-0.059331213,0.41426436,1,0.755675677,0.631905647,0.946769853,0.574381121,0.848163473,1,0.963609795,0.909347238,0.631600171,0.851502024,0.879173391,1,3,9,TRUE
244,Put,97,European,3,5,80,95,100,100,100,0.404514679,0.298766139,0.339296073,0.313688349,0.323960023,1,0.115803464,-0.113308688,0.049537712,0.131818127,0.165386648,1,0.125775706,0.089771445,0.121617352,-0.048100185,0.48392568,1,0.705153391,0.626689648,0.914912897,0.581732407,0.884593283,1,0.96201743,0.925205963,0.597958867,0.872990616,0.903643598,1,0,0,FALSE
245,Call,85,European,3,5,70,105,100,100,100,0.27148513,0.177798251,0.283629947,0.157326094,0.143711209,1,0.084957237,-0.124668137,0.097912427,0.104182468,0.229908954,1,0.135897321,0.054601366,0.102552026,-0.05174961,0.440125451,1,0.797521456,0.614271479,0.978190389,0.546625165,0.88893474,1,0.961234402,0.909216772,0.668271474,0.792888984,0.87258879,1,0,0,FALSE
246,Put,96,European,6,5,102,105,100,100,100,0.379615062,0.198079058,0.337587879,0.239054503,0.14750797,1,0.085095631,-0.125593615,0.038463703,0.037466826,0.218178743,1,0.102103852,0.101566036,0.115726777,-0.070716712,0.459851915,1,0.723176901,0.664849741,0.95461113,0.557160482,0.842912078,1,0.998588828,0.870619627,0.634696942,0.789949873,0.943065561,1,0,0,FALSE
247,Put,97,American,0,5,79,105,100,100,100,0.198232963,0.350195751,0.160672412,0.26772894,0.299256057,1,0.144722175,-0.116721466,0.070857192,0.111328959,0.23362961,1,0.13208286,0.061936716,0.089460151,-0.028924527,0.400466188,1,0.789196193,0.653977526,0.963175335,0.579592932,0.82381911,1,0.993657668,0.943443141,0.662175375,0.790166244,0.882601878,1,9,12,TRUE
248,Call,10,European,3,5,100,100,100,110,100,0.385507029,0.37387496,0.318285215,0.230670246,0.188170507,1,0.065855121,-0.126748687,0.061013231,0.038042424,0.239893138,1,0.153831267,0.053146503,0.142561139,-0.045939006,0.420316761,1,0.766200333,0.608583023,0.959678204,0.503588405,0.833595577,1,0.974065823,0.852127405,0.656133746,0.820596523,0.954876043,1,0,0,FALSE
249,Call,99,European,3,5,100,105,105,100,100,0.280879619,0.419921072,0.3340131,0.232635592,0.292811011,1,0.113751977,-0.101249009,0.095459182,0.056125654,0.218486722,1,0.102614361,0.091150127,0.051213496,-0.025626253,0.410548771,1,0.713315288,0.606283339,0.970500929,0.58094492,0.894826373,1,0.952418066,0.887683029,0.608325539,0.811856485,0.893986805,1,0,0,FALSE
250,Put,190,European,6,5,100,105,100,105,100,0.319955062,0.249032933,0.287156383,0.388721207,0.303895492,1,0.053636703,-0.153764925,0.133032669,0.125188812,0.245994683,1,0.064893913,0.043886392,0.139709307,-0.088210636,0.475638757,1,0.7729936,0.605567747,0.910774699,0.57497099,0.815635053,1,0.955603188,0.896591868,0.596487853,0.816675302,0.945670529,1,0,0,FALSE
251,Call,85,European,3,5,100,105,100,100,100,0.239861182,0.352481726,0.28889219,0.316377117,0.274179736,1,0.081431787,-0.166397099,0.105582782,0.06193455,0.16816549,1,0.138966116,0.087634216,0.103914154,-0.031156657,0.408940103,1,0.786431797,0.645595635,0.947601884,0.528402646,0.823515773,1,0.998692778,0.887997065,0.642190407,0.788106184,0.884872875,1,0,0,FALSE
252,Put,95,European,6,5,100,105,100,100,100,0.413059725,0.340957938,0.224665628,0.422691253,0.320102782,1,0.062608438,-0.080948507,0.095611657,0.106332902,0.253513794,1,0.119821983,0.08520362,0.101687114,-0.044651928,0.414054287,1,0.710729853,0.642043328,0.98960421,0.572241103,0.846385717,1,0.928012947,0.885944988,0.634712928,0.798011839,0.966838326,1,0,0,FALSE
253,Call,50,American,0,5,70,105,100,100,100,0.382260589,0.233100625,0.207437491,0.234324503,0.265992673,1,0.138299425,-0.109342813,0.043294744,0.08141581,0.177532632,1,0.077422828,0.118245814,0.111976474,-0.092683703,0.41326509,1,0.775121413,0.640052113,0.997466371,0.521842028,0.844668248,1,0.969694815,0.883757497,0.684086642,0.8759476,0.931265191,1,3,9,TRUE
254,Put,97,European,3,5,80,95,100,100,100,0.188029484,0.31853328,0.239208627,0.153666693,0.165371209,1,0.12739979,-0.115729596,0.085706823,0.037632703,0.250300352,1,0.137470778,0.066620635,0.130395917,-0.118398054,0.460733519,1,0.722821754,0.655203112,0.950138884,0.566789497,0.895627727,1,0.954243361,0.944077917,0.633282807,0.850412592,0.89452224,1,0,0,FALSE
255,Call,85,European,3,5,70,105,100,100,100,0.144932315,0.374768485,0.298281333,0.362656983,0.140169594,1,0.136875302,-0.127012666,0.094927734,0.05679946,0.216883258,1,0.071957561,0.109593789,0.111753096,-0.023287445,0.468162238,1,0.719503782,0.600024639,0.93448569,0.518310636,0.898921962,1,0.921660007,0.88221589,0.688175484,0.80862124,0.966152485,1,0,0,FALSE
256,Put,96,European,6,5,102,105,100,100,100,0.161660749,0.364128863,0.154227444,0.259494595,0.209148897,1,0.086232378,-0.120930869,0.086509623,0.099975901,0.196877683,1,0.128124196,0.03701519,0.14568366,-0.090167922,0.477580625,1,0.747076755,0.679988585,0.988974175,0.516629696,0.893142323,1,0.954629391,0.873738161,0.641312898,0.868391437,0.910358821,1,0,0,FALSE
257,Put,89,American,0,5,79,105,100,100,100,0.321716368,0.334274336,0.397661464,0.238242044,0.217544899,1,0.109294208,-0.104726993,0.043979994,0.112328299,0.255805122,1,0.063643207,0.07236659,0.115524879,-0.116644993,0.422757974,1,0.73971885,0.653990554,0.914873544,0.520305531,0.826154557,1,0.939458765,0.906716799,0.687961973,0.783626804,0.920681749,1,9,12,TRUE
258,Call,40,European,3,5,100,100,100,110,100,0.413880632,0.247228316,0.192384184,0.290072437,0.360176972,1,0.087877305,-0.125454148,0.106738248,0.132620966,0.169723074,1,0.089247216,0.101170723,0.078524698,-0.065123336,0.40154205,1,0.755613008,0.622190108,0.935359935,0.599573778,0.893599107,1,0.917042291,0.870712613,0.668099655,0.870931788,0.895251373,1,0,0,FALSE
259,Call,97,European,3,5,100,105,105,100,100,0.124505588,0.370936977,0.351670493,0.205435895,0.180477323,1,0.130274513,-0.071251037,0.069709436,0.084474959,0.231600502,1,0.104390279,0.033653842,0.053616126,-0.057751466,0.444703718,1,0.734285862,0.608660899,0.923280133,0.52821041,0.860460312,1,0.960987533,0.867901768,0.658053738,0.80094261,0.928382898,1,0,0,FALSE
260,Put,188,European,6,5,100,105,100,105,100,0.320812236,0.429411374,0.435571611,0.183477071,0.154772411,1,0.057728859,-0.158951466,0.072527592,0.093619845,0.254412183,1,0.106599354,0.116155768,0.141857306,-0.032290335,0.422805768,1,0.723991208,0.668427222,0.916318032,0.50287398,0.863661629,1,0.928092828,0.915756675,0.65120037,0.82493393,0.880980035,1,0,0,FALSE
261,Call,58,American,0,5,70,105,99,100,95,0.161387795,0.145233615,0.365245944,0.323119712,0.309924615,1,0.07190866,-0.117220695,0.085749465,0.08624397,0.244234036,1,0.125266853,0.093902196,0.065817556,-0.02666373,0.481080008,1,0.757143033,0.668633213,0.946383496,0.599825786,0.845709453,1,0.916564446,0.906975799,0.65787852,0.804006668,0.967554078,1,6,9,TRUE
262,Put,140,European,3,5,100,95,70,80,100,0.125775376,0.398756347,0.289162979,0.353974181,0.181649747,1,0.057741598,-0.151039726,0.061921262,0.078249441,0.232347269,1,0.140220662,0.092706707,0.092426006,-0.049045722,0.426785223,1,0.785646471,0.68993941,0.956953814,0.519652962,0.82298003,1,0.999350373,0.913922245,0.669913615,0.783218702,0.958096571,1,0,0,FALSE
263,Call,20,European,3,5,70,105,100,100,100,0.362302624,0.220329198,0.390988081,0.430143145,0.339382393,1,0.085613109,-0.124214868,0.087080344,0.08946014,0.167680531,1,0.079790078,0.038847547,0.071379306,-0.05392855,0.420072855,1,0.765693831,0.669754622,0.974458814,0.531884301,0.851832793,1,0.966091212,0.856421653,0.595627281,0.785073322,0.911833433,1,0,0,FALSE
264,Put,120,European,6,5,102,105,100,100,100,0.347579024,0.316186519,0.288474366,0.328831647,0.216464533,1,0.104817489,-0.167757241,0.1226905,0.135465453,0.171792764,1,0.154537416,0.066060928,0.083606942,-0.113007852,0.402084813,1,0.721258577,0.661984263,0.901846763,0.569763077,0.800724302,1,0.98010023,0.907879463,0.628428509,0.870623655,0.922937886,1,0,0,FALSE
265,Put,102,American,0,5,79,105,100,100,100,0.248693355,0.141015077,0.371316359,0.423946291,0.201643571,1,0.127305281,-0.130833287,0.108784552,0.043705267,0.183975547,1,0.13582985,0.04469738,0.110077797,-0.062873044,0.481584781,1,0.776505979,0.611583368,0.921742717,0.538517334,0.816211452,1,0.979758251,0.865185598,0.642533456,0.875645988,0.878666665,1,3,12,FALSE
266,Call,101,European,3,5,100,100,100,100,100,0.326769533,0.182957679,0.229783144,0.372263436,0.235813941,1,0.057130899,-0.089783206,0.090591654,0.109529714,0.180593461,1,0.112178475,0.091877886,0.14368761,-0.066335604,0.453667288,1,0.744988236,0.65658332,0.939823491,0.585671807,0.899624961,1,0.982048105,0.929029458,0.654052986,0.854198371,0.9571411,1,0,0,FALSE
267,Call,78,European,3,5,100,105,100,100,100,0.367544114,0.185799007,0.219627113,0.36097035,0.289087842,1,0.10234333,-0.105980712,0.092354525,0.051973561,0.238524993,1,0.090857379,0.115705007,0.064461417,-0.105978904,0.476899287,1,0.756913801,0.603020931,0.914318388,0.589769827,0.854844249,1,0.948259281,0.872625879,0.670815289,0.817602944,0.944108777,1,0,0,FALSE
268,Put,99,European,6,5,100,105,100,100,100,0.333342428,0.207154819,0.251143748,0.426790996,0.203958647,1,0.109811141,-0.082007296,0.090616931,0.123759325,0.170273848,1,0.122286358,0.098359476,0.123667022,-0.108763387,0.460773667,1,0.750857789,0.684293684,0.962188138,0.562836484,0.893234829,1,0.98918603,0.929803708,0.623913382,0.80837758,0.875309024,1,0,0,FALSE
269,Call,65,American,0,5,70,105,100,100,100,0.339284529,0.374623662,0.441957319,0.406955864,0.361631997,1,0.068551523,-0.08000826,0.041203508,0.12467603,0.190946732,1,0.108915991,0.05270513,0.063765915,-0.038614718,0.498523408,1,0.77528696,0.6544848,0.984517729,0.519079996,0.809116297,1,0.904971499,0.942331444,0.591640192,0.877260425,0.892357097,1,3,9,TRUE
270,Put,97,European,3,5,80,95,100,100,100,0.214807816,0.298102566,0.432049941,0.161325044,0.39735504,1,0.114850935,-0.077229784,0.113250428,0.052377655,0.204216137,1,0.146295236,0.04880219,0.141689737,-0.048378443,0.459590626,1,0.716186411,0.601485872,0.950613635,0.54043104,0.806229424,1,0.981177517,0.932979368,0.669875205,0.851077157,0.88447369,1,0,0,FALSE
271,Call,85,European,3,5,70,105,100,100,100,0.423090899,0.361000208,0.270287664,0.34038676,0.26598151,1,0.103123443,-0.149788354,0.120311228,0.081119201,0.182115065,1,0.07702186,0.090085344,0.075627348,-0.053172277,0.418248731,1,0.739286358,0.652096931,0.929707674,0.541424901,0.824728156,1,0.924321985,0.864637865,0.630641511,0.796531315,0.889705889,1,0,0,FALSE
272,Put,96,European,6,5,102,105,100,100,100,0.233704474,0.41451153,0.166716351,0.362597269,0.292553234,1,0.129238213,-0.084806174,0.065072178,0.047225669,0.23553441,1,0.091200297,0.042936966,0.110677266,-0.083508797,0.412538198,1,0.769402511,0.636750445,0.922825493,0.549639442,0.855997057,1,0.99343655,0.901110149,0.682996788,0.856265985,0.926669379,1,0,0,FALSE
273,Put,97,American,0,5,79,105,100,100,100,0.330847589,0.227681365,0.44787827,0.158001816,0.389477741,1,0.06467055,-0.167557002,0.106513791,0.077287748,0.25282156,1,0.086937802,0.075007666,0.143354916,-0.067598042,0.438153234,1,0.759109379,0.621613601,0.998962305,0.595814427,0.816732646,1,0.937588982,0.899596194,0.688491568,0.827191124,0.94785909,1,9,12,TRUE
274,Call,10,European,3,5,100,100,100,110,100,0.418932723,0.423704315,0.443512507,0.307879837,0.164229942,1,0.133521198,-0.079736278,0.049212581,0.129668737,0.219152265,1,0.086408887,0.080241499,0.149757347,-0.029804059,0.423408157,1,0.794907154,0.660167563,0.99303398,0.583214364,0.851810026,1,0.900602782,0.871294169,0.668930697,0.82409368,0.878676339,1,0,0,FALSE
275,Call,99,European,3,5,100,105,105,100,100,0.147979558,0.334163523,0.314336722,0.409605988,0.125761661,1,0.094101703,-0.089168353,0.046838633,0.11116665,0.244273883,1,0.10872688,0.064797554,0.115096004,-0.024038882,0.461160875,1,0.769319466,0.624471654,0.911345499,0.509694578,0.802038116,1,0.903513379,0.919860267,0.594876155,0.846990209,0.884993597,1,0,0,FALSE
276,Put,190,European,6,5,100,105,100,105,100,0.222785565,0.213587307,0.268915759,0.307821713,0.195119666,1,0.137329621,-0.07646508,0.047568557,0.043963555,0.212650838,1,0.115781426,0.110195868,0.088697552,-0.046076496,0.436234346,1,0.70112286,0.680673814,0.930159564,0.584839374,0.866790266,1,0.951078941,0.856064754,0.685294973,0.785998294,0.897514979,1,0,0,FALSE
277,Call,68,American,0,5,70,105,99,100,95,0.312436594,0.289602049,0.195885696,0.192120523,0.265289115,1,0.070422415,-0.096086623,0.052404316,0.07318641,0.249571553,1,0.128866728,0.092719085,0.052334894,-0.100438453,0.474637128,1,0.778294696,0.640223216,0.995551009,0.538400695,0.868127435,1,0.96304579,0.924584605,0.671676792,0.791103127,0.871869214,1,6,9,TRUE
278,Put,142,European,3,5,100,95,70,80,100,0.167153471,0.158674563,0.394636977,0.222327078,0.324523094,1,0.114419373,-0.16098299,0.078447376,0.052134202,0.189317825,1,0.152498525,0.023594162,0.10138685,-0.115717937,0.428745532,1,0.729013328,0.657820831,0.960135824,0.570837041,0.837819896,1,0.904422522,0.893355647,0.624357883,0.789250414,0.88019529,1,0,0,FALSE
279,Call,97,European,3,5,70,105,100,100,100,0.255614729,0.257199669,0.412737646,0.36466796,0.215351028,1,0.106568398,-0.112306009,0.057737015,0.055086004,0.181883514,1,0.081433723,0.050933394,0.057265647,-0.058821631,0.439647575,1,0.707508539,0.621525866,0.931353903,0.516943741,0.837936569,1,0.966150819,0.908645382,0.659247188,0.850677153,0.937445717,1,0,0,FALSE
280,Put,125,European,6,5,102,105,100,100,100,0.214407299,0.217301904,0.283243265,0.396205119,0.393160131,1,0.129195931,-0.084415868,0.121288804,0.088368329,0.255129928,1,0.107097839,0.023776527,0.084302733,-0.101718289,0.466064146,1,0.785994814,0.690065057,0.948669017,0.511575352,0.823403877,1,0.968632276,0.87158504,0.614237932,0.830072076,0.884679188,1,0,0,FALSE
281,Put,135,American,0,5,79,105,100,100,100,0.195942405,0.41609124,0.322940619,0.237005777,0.154540119,1,0.069821261,-0.090029643,0.130654284,0.104612467,0.186781191,1,0.158970514,0.069130542,0.077819313,-0.087945273,0.430075677,1,0.751934905,0.664760962,0.999347785,0.563295652,0.842656967,1,0.98393191,0.931185785,0.597993242,0.840577706,0.882034247,1,3,6,FALSE
282,Put,99,European,6,5,100,105,100,100,100,0.20793635,0.264841485,0.283039943,0.150617621,0.353339113,1,0.114481981,-0.129048781,0.054686563,0.059308087,0.191855741,1,0.123585451,0.068538074,0.106209993,-0.028644518,0.422791339,1,0.704268612,0.605677509,0.905146946,0.501679309,0.82717324,1,0.908556671,0.929231191,0.601417329,0.797678708,0.889474821,1,0,0,FALSE
283,Call,65,American,0,5,70,105,100,100,100,0.28618774,0.31112376,0.199824204,0.335452761,0.321532049,1,0.107607298,-0.140592843,0.094648405,0.064764206,0.180268271,1,0.144603089,0.066700584,0.051816459,-0.075033029,0.414698999,1,0.731311374,0.631845915,0.901076554,0.502945225,0.874577196,1,0.953250181,0.854841762,0.638678704,0.873829113,0.871439004,1,3,9,TRUE
284,Put,97,European,3,5,80,95,100,100,100,0.2575417,0.353098131,0.434137389,0.380884045,0.336106374,1,0.123428694,-0.141662577,0.128281229,0.046216204,0.215806286,1,0.100457441,0.034571187,0.13644218,-0.026564538,0.448930986,1,0.790174075,0.612193799,0.923194745,0.560206429,0.861497134,1,0.993195479,0.933934071,0.678790033,0.798005893,0.904604104,1,0,0,FALSE
285,Call,85,European,3,5,70,105,100,100,100,0.415784117,0.363328488,0.371652175,0.38379241,0.157082808,1,0.054635624,-0.095108243,0.120666149,0.052375581,0.193822344,1,0.135012398,0.051761904,0.068470779,-0.112896509,0.459384787,1,0.766154498,0.629263678,0.999173265,0.586747748,0.846948391,1,0.953025564,0.86781584,0.660223916,0.79155804,0.959527405,1,0,0,FALSE
286,Put,96,European,6,5,102,105,100,100,100,0.341405029,0.284654755,0.423354511,0.215346211,0.325295814,1,0.086101939,-0.096326192,0.076949146,0.069193088,0.167126077,1,0.115426039,0.073408093,0.092625255,-0.103980355,0.499180906,1,0.718526599,0.626324589,0.957251853,0.549588643,0.873373385,1,0.903994939,0.867681325,0.609814903,0.813971989,0.886900357,1,0,0,FALSE
287,Put,97,American,0,5,79,105,100,100,100,0.246045402,0.357475566,0.268632016,0.316069852,0.275333924,1,0.13046517,-0.121492473,0.129291212,0.112386228,0.218829273,1,0.114856104,0.109723055,0.068938941,-0.039547616,0.460863815,1,0.705964006,0.634346654,0.909378199,0.550710009,0.897204591,1,0.904753783,0.942151122,0.637532017,0.794474706,0.938158853,1,9,12,TRUE
288,Call,10,European,3,5,100,100,100,110,100,0.222386514,0.316257669,0.224475255,0.38523591,0.23268615,1,0.11406706,-0.140264914,0.08179013,0.099657779,0.181698352,1,0.119219231,0.031518832,0.116911263,-0.046352066,0.415885262,1,0.767005151,0.692845565,0.92147179,0.554990977,0.833291065,1,0.929506563,0.926738528,0.590772613,0.848512344,0.932656279,1,0,0,FALSE
289,Call,99,European,3,5,100,105,105,100,100,0.186627511,0.179877003,0.161567923,0.307946113,0.236245711,1,0.128491123,-0.092153472,0.068673959,0.067998463,0.216128258,1,0.09287071,0.059892543,0.06753181,-0.032008061,0.402883205,1,0.737092382,0.679932075,0.930734652,0.500393692,0.843071828,1,0.935233399,0.904752252,0.634343327,0.793013142,0.91719897,1,0,0,FALSE
290,Put,190,European,6,5,100,105,100,105,100,0.263925926,0.374523892,0.184899902,0.431178135,0.33146923,1,0.10145472,-0.115317486,0.034379922,0.092638021,0.203871428,1,0.097386883,0.11542805,0.082638994,-0.059602323,0.458557704,1,0.746503532,0.604936806,0.902290753,0.55883128,0.887459134,1,0.990278691,0.896734638,0.664986654,0.86055771,0.89493186,1,0,0,FALSE
291,Call,85,European,3,5,100,105,100,100,100,0.303360511,0.242708601,0.189902283,0.306144772,0.126075504,1,0.053801302,-0.162914801,0.103466675,0.112728763,0.246486478,1,0.140163761,0.097245264,0.063174711,-0.112695142,0.430621351,1,0.757146845,0.652993189,0.911294197,0.51997235,0.828390511,1,0.988817531,0.930271982,0.653027822,0.877578134,0.946180021,1,0,0,FALSE
292,Put,95,European,6,5,100,105,100,100,100,0.166636657,0.178878619,0.344054465,0.257754559,0.237441859,1,0.107665792,-0.107215147,0.096403291,0.106197936,0.204729246,1,0.098903355,0.097757516,0.073646767,-0.09405363,0.497255707,1,0.788510894,0.602753637,0.959110632,0.560085495,0.819086389,1,0.949658278,0.916611636,0.664846468,0.823623563,0.870829915,1,0,0,FALSE
293,Call,50,American,0,5,70,105,100,100,100,0.272697124,0.216414407,0.370232805,0.3685157,0.175951271,1,0.06242904,-0.12376599,0.038402323,0.12944193,0.252792501,1,0.106547753,0.079370671,0.110876535,-0.112515268,0.426506534,1,0.712503239,0.698930046,0.971226635,0.516392767,0.874291067,1,0.931735186,0.867914781,0.615996361,0.799371912,0.931589929,1,3,9,TRUE
294,Put,97,European,3,5,80,95,100,100,100,0.390066464,0.159620079,0.220340053,0.145801545,0.226655659,1,0.065667061,-0.073792413,0.068487175,0.036071284,0.236990679,1,0.091762603,0.025217802,0.097973961,-0.066162113,0.493532182,1,0.75452208,0.698642572,0.951656015,0.592028357,0.824097001,1,0.94404721,0.93253464,0.674523584,0.875463454,0.932760278,1,0,0,FALSE
295,Call,85,European,3,5,70,105,100,100,100,0.351821544,0.239475021,0.218531144,0.223634339,0.328590319,1,0.084990715,-0.096993517,0.09624397,0.065667361,0.169288999,1,0.085872458,0.096203521,0.084825294,-0.062753464,0.430185719,1,0.753760222,0.628337957,0.920378554,0.516797436,0.810858419,1,0.984827813,0.920305929,0.658691034,0.836139031,0.881105885,1,0,0,FALSE
296,Put,96,European,6,5,102,105,100,100,100,0.167924266,0.356803784,0.352493749,0.266355931,0.188239015,1,0.112069952,-0.147488866,0.125747026,0.089824704,0.18032874,1,0.091195142,0.096703671,0.112901979,-0.05769043,0.468799422,1,0.711428052,0.647344034,0.943415366,0.558135176,0.808366979,1,0.916117707,0.912993737,0.590510538,0.828410642,0.930611208,1,0,0,FALSE
297,Call,68,American,0,5,70,105,99,100,95,0.403913789,0.170688414,0.231962597,0.344116312,0.355966107,1,0.098763414,-0.164554153,0.120607902,0.084352154,0.176312468,1,0.156332552,0.080782346,0.053784229,-0.108566696,0.443417062,1,0.72129047,0.697921227,0.972341387,0.599429312,0.873843772,1,0.906459639,0.949986677,0.633941274,0.829283178,0.921469575,1,6,9,TRUE
298,Put,142,European,3,5,100,95,70,80,100,0.347764524,0.342946781,0.186394395,0.227708427,0.380718352,1,0.123226712,-0.081967242,0.11428341,0.114030605,0.258515787,1,0.061898126,0.037905112,0.059514908,-0.028682202,0.446401878,1,0.779152154,0.664519821,0.933629806,0.528199514,0.895481662,1,0.998382931,0.891702347,0.603867481,0.792864119,0.962745725,1,0,0,FALSE
299,Call,97,European,3,5,70,105,100,100,100,0.233157709,0.218755915,0.339295124,0.158786671,0.308953414,1,0.118093228,-0.095209588,0.07860254,0.068864338,0.217643551,1,0.074862983,0.087322448,0.067852718,-0.044861414,0.447717339,1,0.75096908,0.688680028,0.905726091,0.503264029,0.864639214,1,0.911755921,0.856985747,0.60439002,0.845058214,0.889547698,1,0,0,FALSE
300,Put,125,European,6,5,102,105,100,100,100,0.349022175,0.231563412,0.257993901,0.223583847,0.250832943,1,0.08537371,-0.134965879,0.101346853,0.115431117,0.207298916,1,0.128149002,0.076334332,0.147850251,-0.027419537,0.473986585,1,0.744375778,0.605227546,0.946121213,0.575129942,0.818329922,1,0.958679949,0.937552466,0.642439152,0.83949472,0.956300248,1,0,0,FALSE
301,Put,135,American,0,5,79,105,100,100,100,0.26542094,0.263838922,0.312121734,0.163685151,0.295013198,1,0.119874012,-0.163959346,0.070928687,0.072245376,0.231054519,1,0.07288527,0.109698194,0.110490185,-0.031269679,0.472618056,1,0.768596421,0.648848164,0.993251368,0.581302776,0.880110366,1,0.929150919,0.899438806,0.638978314,0.836300933,0.9491479,1,3,6,FALSE
302,Put,99,European,6,5,100,105,100,100,100,0.251264283,0.183678942,0.427352208,0.242753701,0.290558287,1,0.117681581,-0.085341874,0.058586586,0.053049043,0.248301626,1,0.114440129,0.055697018,0.064293886,-0.038893404,0.410814447,1,0.759201046,0.621227783,0.970014645,0.565961949,0.844975213,1,0.986517792,0.861075287,0.621032757,0.782329552,0.964986181,1,0,0,FALSE
303,Call,65,American,0,5,70,105,100,100,100,0.313461271,0.239709801,0.231713954,0.285486895,0.17785806,1,0.142942471,-0.100885632,0.064459877,0.131142787,0.182442109,1,0.068001476,0.03684175,0.128311465,-0.069817884,0.423003736,1,0.758556676,0.669921128,0.923734424,0.507843558,0.827494165,1,0.9538439,0.888706467,0.615482915,0.834072509,0.875166111,1,3,9,TRUE
304,Put,97,European,3,5,80,95,100,100,100,0.268750695,0.209930013,0.308936507,0.226142798,0.224938382,1,0.126252331,-0.165864133,0.067367855,0.070324607,0.250203196,1,0.130141263,0.058453062,0.101463283,-0.091003943,0.47134589,1,0.746390926,0.630776888,0.953123858,0.556777089,0.885139828,1,0.900359099,0.939580325,0.63026972,0.860146729,0.965515271,1,0,0,FALSE
305,Call,85,European,3,5,70,105,100,100,100,0.267438758,0.209575068,0.314722471,0.374830091,0.150665641,1,0.070488632,-0.149888215,0.047471258,0.048869846,0.20347456,1,0.083260584,0.030933319,0.095327467,-0.114986218,0.462841793,1,0.794811244,0.618486348,0.966659605,0.503113945,0.828229371,1,0.993239102,0.939777827,0.595312892,0.81600917,0.941968006,1,0,0,FALSE
306,Put,96,European,6,5,102,105,100,100,100,0.290992763,0.270119716,0.387682456,0.195218915,0.162356076,1,0.104434956,-0.078401272,0.128421881,0.077700806,0.160270256,1,0.131198842,0.065673576,0.068620001,-0.067602573,0.446114895,1,0.700725652,0.650119277,0.966158121,0.50493944,0.824971247,1,0.944974235,0.920367336,0.642899135,0.847700725,0.875048053,1,0,0,FALSE
307,Put,97,American,0,5,79,105,100,100,100,0.248368668,0.259097442,0.218622513,0.149499508,0.348465828,1,0.060423937,-0.157217407,0.10730346,0.105231952,0.204205579,1,0.120207822,0.02574443,0.1114008,-0.112339149,0.450091209,1,0.74798886,0.694498618,0.962209322,0.536863054,0.861466557,1,0.914841746,0.945187154,0.637679627,0.846409773,0.927453014,1,9,12,TRUE
308,Call,10,European,3,5,100,100,100,110,100,0.134978329,0.170475625,0.263542203,0.411732608,0.166555715,1,0.06720386,-0.105398518,0.128276892,0.092961467,0.181065209,1,0.120911935,0.109820069,0.06393549,-0.027657447,0.400235492,1,0.721340868,0.633422242,0.918312018,0.581688563,0.824786289,1,0.944256862,0.879602949,0.666536745,0.879135584,0.940811691,1,0,0,FALSE
309,Call,99,European,3,5,100,105,105,100,100,0.179545861,0.280597689,0.197842983,0.392699417,0.129451794,1,0.110057152,-0.138765301,0.098019886,0.095110472,0.246307132,1,0.088274872,0.115064267,0.125174006,-0.020194535,0.427854393,1,0.772293371,0.630682011,0.961157632,0.570318972,0.886054667,1,0.949277688,0.91739975,0.683477227,0.830404978,0.94197382,1,0,0,FALSE
310,Put,190,European,6,5,100,105,100,105,100,0.357745015,0.219451456,0.206774571,0.409588484,0.341097242,1,0.059296969,-0.128935598,0.043515867,0.11938419,0.170159372,1,0.159673965,0.03514216,0.116883502,-0.073102039,0.433868182,1,0.783291697,0.64057417,0.94878883,0.590626254,0.828287414,1,0.979215003,0.890109409,0.591381416,0.781504125,0.877889682,1,0,0,FALSE
311,Call,85,European,3,5,100,105,100,100,100,0.215903611,0.378189574,0.235533391,0.139609784,0.162312188,1,0.084903216,-0.110680861,0.061139257,0.134362357,0.164907201,1,0.134821528,0.096341914,0.116127523,-0.094293782,0.441439366,1,0.703202655,0.69919719,0.98916673,0.593493724,0.870205608,1,0.961536119,0.934238636,0.661956642,0.833680682,0.968753832,1,0,0,FALSE
312,Put,95,European,6,5,100,105,100,100,100,0.361530432,0.185001618,0.215486468,0.375807982,0.22253193,1,0.129508411,-0.089389752,0.088140716,0.07157854,0.238351331,1,0.079433532,0.118995172,0.081177336,-0.023925535,0.473327363,1,0.715765899,0.6404235,0.931578385,0.556782357,0.86089328,1,0.901316964,0.859092394,0.6515422,0.867532843,0.91619653,1,0,0,FALSE
313,Call,50,American,0,5,70,105,100,100,100,0.407501867,0.354138355,0.333137612,0.381116292,0.113024092,1,0.147472664,-0.083329346,0.110015706,0.110148812,0.174323101,1,0.095120117,0.081915727,0.139656875,-0.019368943,0.47580817,1,0.745393055,0.659686221,0.941283714,0.574367568,0.865794728,1,0.971982087,0.852071333,0.619431124,0.842481503,0.881428021,1,3,9,TRUE
314,Put,97,European,3,5,80,95,100,100,100,0.244037152,0.429538689,0.180050723,0.242035199,0.140870464,1,0.128056174,-0.166515017,0.089583087,0.05140396,0.16902372,1,0.071040863,0.030195659,0.13419733,-0.023262533,0.470405689,1,0.785817271,0.642460194,0.904728719,0.551665342,0.833857555,1,0.914054182,0.920807678,0.665875577,0.817554386,0.965546202,1,0,0,FALSE
315,Call,85,European,3,5,70,105,100,100,100,0.369590639,0.18287194,0.316266604,0.426368969,0.191562177,1,0.103539,-0.145300582,0.130276226,0.128517018,0.173079495,1,0.140321057,0.095921043,0.072701691,-0.052888159,0.411239177,1,0.775190339,0.63405406,0.964945602,0.570175517,0.898932895,1,0.994228506,0.945109187,0.597714649,0.843117758,0.910833297,1,0,0,FALSE
316,Put,96,European,6,5,102,105,100,100,100,0.315113166,0.187140172,0.162073345,0.331047498,0.344124819,1,0.126241699,-0.110699067,0.090568934,0.124806957,0.225867349,1,0.136563434,0.077214253,0.065534481,-0.10824261,0.43079193,1,0.743552709,0.670471513,0.979585105,0.527916556,0.872134855,1,0.962554233,0.868249603,0.675119871,0.82398237,0.879520333,1,0,0,FALSE
317,Call,100,European,3,5,100,100,100,100,100,0.327082755,0.439929423,0.347779001,0.315334113,0.146612742,1,0.089373814,-0.091917823,0.0653708,0.076642014,0.23713745,1,0.132173308,0.064139833,0.146257424,-0.086560992,0.484533684,1,0.771148086,0.699112782,0.997272515,0.59533629,0.870508678,1,0.980342396,0.896506151,0.643687431,0.855252519,0.910801938,1,0,0,FALSE
318,Call,85,European,3,5,100,105,100,100,100,0.379631779,0.342099696,0.159130293,0.401791625,0.278441996,1,0.115780451,-0.096996659,0.092876667,0.054329395,0.254743834,1,0.146209547,0.114597175,0.128765195,-0.117519541,0.426043707,1,0.735711185,0.640094286,0.904908507,0.549207739,0.889679218,1,0.990884427,0.924149154,0.591120227,0.874206646,0.952621856,1,0,0,FALSE
319,Put,95,European,6,5,100,105,100,100,100,0.146181083,0.378719645,0.28270123,0.338670553,0.148462036,1,0.089045378,-0.089815192,0.083240516,0.039593378,0.24447574,1,0.087127363,0.107823231,0.102185502,-0.040855222,0.471573678,1,0.726670934,0.64799713,0.94717025,0.59141332,0.836790089,1,0.961429727,0.90301809,0.631202142,0.793213747,0.950824503,1,0,0,FALSE
320,Call,50,American,0,5,70,105,100,100,100,0.299277732,0.149720966,0.225663534,0.150819411,0.250181011,1,0.096055314,-0.116309187,0.07193468,0.103989158,0.192980831,1,0.068162658,0.072518082,0.1084002,-0.068214034,0.409168566,1,0.793246666,0.607171284,0.922577648,0.562809586,0.878088332,1,0.987273619,0.917215432,0.6778153,0.822949896,0.906395804,1,3,9,TRUE
321,Put,97,European,3,5,80,95,100,100,100,0.297663793,0.323049137,0.309804301,0.261850202,0.12323679,1,0.096146027,-0.077836786,0.047837374,0.067447098,0.200847716,1,0.129282195,0.061405491,0.143000978,-0.080193104,0.464320076,1,0.786198378,0.682655183,0.906298537,0.559620525,0.88246382,1,0.933535236,0.932786175,0.675714537,0.870684367,0.931425778,1,0,0,FALSE
322,Call,85,European,3,5,70,105,100,100,100,0.211436069,0.152558732,0.415599507,0.286301783,0.395318656,1,0.137685605,-0.159076407,0.115770595,0.037565892,0.253469394,1,0.142939127,0.072892779,0.05645974,-0.115599429,0.427763865,1,0.7779603,0.616969074,0.944965863,0.593732104,0.802279724,1,0.972396339,0.85662991,0.63167964,0.859724987,0.964406267,1,0,0,FALSE
323,Put,96,European,6,5,102,105,100,100,100,0.151970569,0.382395173,0.346382679,0.301844211,0.371016796,1,0.086328773,-0.12173971,0.117599288,0.036494189,0.181335188,1,0.130000648,0.092023588,0.093291006,-0.118055524,0.497533368,1,0.797784946,0.617870487,0.987140957,0.579463984,0.856756788,1,0.953266047,0.932291875,0.65181692,0.816871498,0.969199235,1,0,0,FALSE
324,Put,89,American,0,5,79,105,100,100,100,0.378871889,0.195282971,0.421358734,0.338355074,0.31707177,1,0.119769196,-0.100172186,0.108568733,0.075395051,0.242689805,1,0.13225784,0.042964132,0.064911557,-0.083352467,0.410210552,1,0.717529182,0.622240855,0.927208166,0.502341823,0.835427711,1,0.949879769,0.871484506,0.657394542,0.806337691,0.90714305,1,9,12,TRUE
325,Call,40,European,3,5,100,100,100,110,100,0.410623361,0.297732951,0.326991731,0.326292233,0.178285435,1,0.121787855,-0.11867337,0.121018343,0.130730157,0.212159942,1,0.113370311,0.120022193,0.089697605,-0.050691626,0.453314456,1,0.793957675,0.617009223,0.902469572,0.572230409,0.847919532,1,0.943632678,0.89018236,0.61173172,0.847342912,0.911477364,1,0,0,FALSE
326,Call,97,European,3,5,100,105,105,100,100,0.403464537,0.149840116,0.295040089,0.316776103,0.334430625,1,0.140695951,-0.169008477,0.106393115,0.059074323,0.160539798,1,0.140114392,0.103720813,0.130895085,-0.081787482,0.41154432,1,0.708219384,0.690571911,0.919842489,0.548369278,0.818844553,1,0.970245001,0.868153641,0.60244944,0.84566758,0.888202598,1,0,0,FALSE
327,Put,188,European,6,5,100,105,100,105,100,0.31633728,0.346122179,0.430405002,0.42028907,0.350448045,1,0.059679424,-0.071167399,0.051444325,0.104449715,0.169516834,1,0.140746089,0.031819348,0.137419559,-0.099789803,0.421699108,1,0.742811453,0.600832561,0.976263122,0.59589956,0.826298245,1,0.992606163,0.941810576,0.656672931,0.87048996,0.879739919,1,0,0,FALSE
328,Call,58,American,0,5,70,105,99,100,95,0.240504436,0.400486387,0.306280993,0.312130256,0.287521301,1,0.077287657,-0.072855473,0.067311744,0.064253064,0.244068857,1,0.156925849,0.087429833,0.078586653,-0.028119915,0.494335193,1,0.714013708,0.64949013,0.985874474,0.570859246,0.853951747,1,0.958720811,0.887777575,0.6691244,0.822361239,0.938968983,1,6,9,TRUE
329,Put,140,European,3,5,100,95,70,80,100,0.2395321,0.1742072,0.24243943,0.345114118,0.361001791,1,0.124050137,-0.144768982,0.072004392,0.056303337,0.241045798,1,0.075875144,0.122953562,0.074914554,-0.043415614,0.459247089,1,0.796536243,0.606350834,0.964092788,0.581118847,0.840806272,1,0.902990573,0.934226984,0.638545638,0.818112535,0.901531389,1,0,0,FALSE
330,Call,20,European,3,5,70,105,100,100,100,0.169120425,0.381782054,0.433883222,0.394416211,0.270547978,1,0.119235168,-0.152893159,0.101924079,0.088450526,0.230803572,1,0.066035519,0.067531838,0.084039794,-0.022468549,0.472162173,1,0.761972863,0.635280256,0.962976337,0.531166655,0.825962413,1,0.995271534,0.936541351,0.689268041,0.821679155,0.870442575,1,0,0,FALSE
331,Put,120,European,6,5,102,105,100,100,100,0.291129854,0.154910676,0.292040836,0.390844635,0.364007264,1,0.144716987,-0.150913212,0.055170767,0.128523827,0.210518071,1,0.104398831,0.03418811,0.105101044,-0.06928168,0.428473501,1,0.761181791,0.608455084,0.970401864,0.512065587,0.836479873,1,0.994335393,0.903669672,0.685521067,0.856743703,0.939519794,1,0,0,FALSE
332,Put,102,American,0,5,79,105,100,100,100,0.422978203,0.231554761,0.383457664,0.241065965,0.389521214,1,0.076959569,-0.099708281,0.114104146,0.080784647,0.21985827,1,0.101780863,0.08800924,0.062450666,-0.10706139,0.402208009,1,0.768284894,0.684770038,0.972364423,0.529801724,0.864105154,1,0.908187477,0.88563798,0.654595022,0.860727068,0.95923293,1,3,12,FALSE
333,Call,101,European,3,5,100,100,100,100,100,0.345920964,0.25445979,0.200743405,0.376945715,0.358958096,1,0.131011427,-0.139899598,0.089891967,0.117708738,0.219584937,1,0.130720188,0.10170826,0.100623418,-0.051670674,0.42094926,1,0.760826811,0.674762379,0.949875732,0.501888448,0.891178888,1,0.933677927,0.916309071,0.61670425,0.799326929,0.950879505,1,0,0,FALSE
334,Call,78,European,3,5,100,105,100,100,100,0.229356912,0.356720147,0.323068228,0.338648127,0.143652216,1,0.051318878,-0.158390415,0.084483983,0.106408433,0.200705673,1,0.093130904,0.072081551,0.098455146,-0.106061178,0.436782511,1,0.714932244,0.64393939,0.965291005,0.510949371,0.815855862,1,0.996501253,0.872580236,0.659019111,0.783922393,0.907615731,1,0,0,FALSE
335,Put,99,European,6,5,100,105,100,100,100,0.203533038,0.280804927,0.165348638,0.345858552,0.320070568,1,0.065006791,-0.078092453,0.127274507,0.044689209,0.251398501,1,0.128114166,0.032369502,0.100878615,-0.114239267,0.492751976,1,0.721299248,0.691796987,0.933530998,0.586690961,0.841948671,1,0.935360282,0.893892521,0.637321934,0.783486429,0.943395981,1,0,0,FALSE
336,Call,65,American,0,5,70,105,100,100,100,0.195425315,0.296701071,0.174094883,0.149472169,0.111233711,1,0.142565293,-0.130211823,0.081380226,0.097298559,0.236887165,1,0.075939723,0.049178147,0.076454196,-0.09385989,0.452862841,1,0.729294871,0.640223799,0.953403062,0.50819442,0.827694267,1,0.990706984,0.86311234,0.636123316,0.800053074,0.946226917,1,3,9,TRUE
337,Put,97,European,3,5,80,95,100,100,100,0.419206257,0.35540034,0.267330495,0.281049407,0.325178197,1,0.114818688,-0.156218296,0.056403115,0.042883235,0.214375181,1,0.11280413,0.04729366,0.107127234,-0.104195378,0.478451447,1,0.725471085,0.63089632,0.982769326,0.557682729,0.862472434,1,0.956476627,0.887204883,0.669526174,0.81921176,0.942608617,1,0,0,FALSE
338,Call,85,European,3,5,70,105,100,100,100,0.373796516,0.405696378,0.328668184,0.211667435,0.216777844,1,0.119765801,-0.098694275,0.04869975,0.093862357,0.211877545,1,0.0908935,0.107646238,0.1442042,-0.05594391,0.478709876,1,0.759534125,0.651171439,0.954080453,0.522638934,0.842777765,1,0.909869011,0.914622573,0.658928457,0.826800855,0.891251459,1,0,0,FALSE
339,Put,96,European,6,5,102,105,100,100,100,0.307777237,0.325298521,0.442438273,0.139065389,0.151351657,1,0.06718482,-0.150057287,0.058852337,0.075574796,0.237493169,1,0.122626585,0.118836937,0.107232658,-0.081423126,0.478593141,1,0.723930732,0.603887023,0.905853008,0.550300355,0.899392043,1,0.94199839,0.883327276,0.681505493,0.876133467,0.920125817,1,0,0,FALSE
340,Put,97,American,0,5,79,105,100,100,100,0.416913445,0.254447313,0.169967122,0.233778397,0.117926528,1,0.085292668,-0.08798019,0.101039667,0.063082597,0.236667343,1,0.101750485,0.072562961,0.132405899,-0.026781043,0.407252545,1,0.763436431,0.635789208,0.917358526,0.527334253,0.891734698,1,0.926616232,0.909997631,0.670437257,0.878883283,0.873208849,1,9,12,TRUE
341,Call,10,European,3,5,100,100,100,110,100,0.1480379,0.265171212,0.386061276,0.268886575,0.169358301,1,0.052344438,-0.087996435,0.044023602,0.080134371,0.21034026,1,0.157954585,0.055211346,0.123031814,-0.067868592,0.440809242,1,0.747408093,0.644748711,0.952266763,0.584366633,0.86729489,1,0.938331988,0.850446374,0.687840234,0.811234801,0.918247151,1,0,0,FALSE
342,Call,99,European,3,5,100,105,105,100,100,0.130497121,0.275731772,0.244189869,0.414066106,0.139462895,1,0.066353265,-0.083919782,0.066354518,0.113292278,0.234585822,1,0.091542586,0.026576543,0.134301383,-0.031891257,0.422905801,1,0.744447695,0.641208085,0.901722871,0.591812174,0.889495097,1,0.944271556,0.881876073,0.667711061,0.853422986,0.954517515,1,0,0,FALSE
343,Put,190,European,6,5,100,105,100,105,100,0.212106824,0.14596576,0.291679817,0.196870184,0.209874045,1,0.053913391,-0.140334072,0.084331364,0.06608763,0.222498081,1,0.066061567,0.11965476,0.107027686,-0.035866774,0.414472923,1,0.74314801,0.61658674,0.945252266,0.528438609,0.868969842,1,0.974845797,0.936445269,0.662656229,0.819955352,0.925823575,1,0,0,FALSE
344,Call,68,American,0,5,70,105,99,100,95,0.263698617,0.146173118,0.178772337,0.246514607,0.265265427,1,0.09891663,-0.167118256,0.091251817,0.060205016,0.180797256,1,0.155594816,0.062606091,0.111545852,-0.048617886,0.438193562,1,0.725953369,0.681473884,0.933664221,0.552291483,0.896953718,1,0.94309556,0.93267675,0.641883472,0.823739234,0.924212018,1,6,9,TRUE
345,Put,142,European,3,5,100,95,70,80,100,0.329874726,0.377055687,0.156437512,0.333636681,0.193563395,1,0.084384113,-0.127846551,0.100487947,0.057962969,0.244116422,1,0.109453463,0.076431854,0.142283712,-0.02560067,0.499876785,1,0.733364958,0.627279201,0.9240789,0.582553495,0.841259785,1,0.98660479,0.859307795,0.683383384,0.824455944,0.936533335,1,0,0,FALSE
346,Call,97,European,3,5,70,105,100,100,100,0.355200338,0.18300509,0.442999403,0.315347494,0.365270258,1,0.055474078,-0.084993226,0.111773473,0.110172034,0.224305844,1,0.114568395,0.099916034,0.094473391,-0.048798812,0.419192759,1,0.743533315,0.673407341,0.907747925,0.523898888,0.841196362,1,0.9637933,0.904396402,0.677072493,0.843664907,0.897659563,1,0,0,FALSE
347,Put,125,European,6,5,102,105,100,100,100,0.288358481,0.398860199,0.362067375,0.389804119,0.122421016,1,0.113436267,-0.108946977,0.079965132,0.108862206,0.208438945,1,0.08743088,0.078648931,0.071030579,-0.108866222,0.430642996,1,0.771888766,0.644293376,0.93142155,0.509810655,0.819042024,1,0.916342983,0.890387336,0.596274998,0.796181408,0.932040932,1,0,0,FALSE
348,Put,135,American,0,5,79,105,100,100,100,0.333106632,0.154691955,0.437498943,0.309117318,0.262442063,1,0.070707691,-0.10320375,0.108180611,0.04488589,0.230845274,1,0.158471015,0.113270647,0.124622469,-0.060870954,0.449446846,1,0.708489729,0.664394406,0.950601211,0.501922073,0.84144334,1,0.926531302,0.869541942,0.674301988,0.813228421,0.928931584,1,3,6,FALSE
349,Put,99,European,6,5,100,105,100,100,100,0.249030354,0.227844171,0.180327167,0.428411353,0.148017424,1,0.120009218,-0.159901885,0.122140403,0.052634786,0.211657503,1,0.141360915,0.07766203,0.077274145,-0.061487552,0.433272616,1,0.755700144,0.673388819,0.923771542,0.531267708,0.819304165,1,0.91119175,0.877143335,0.634732719,0.868250191,0.922752019,1,0,0,FALSE
350,Call,65,American,0,5,70,105,100,100,100,0.264083033,0.150595745,0.269657899,0.151658693,0.31872308,1,0.119072071,-0.140934342,0.114792154,0.092878876,0.218995761,1,0.154948576,0.116235879,0.141470636,-0.034332822,0.430750478,1,0.781401403,0.664502344,0.980782868,0.557985723,0.828754442,1,0.980717163,0.877200919,0.614560455,0.841503817,0.871162148,1,3,9,TRUE
351,Put,97,European,3,5,80,95,100,100,100,0.291910912,0.415653052,0.188417226,0.4024281,0.230901716,1,0.054059552,-0.126598815,0.127487255,0.127617597,0.256278669,1,0.08862222,0.052138053,0.093443931,-0.055758674,0.431899051,1,0.735939334,0.687436925,0.982223588,0.58830974,0.829389605,1,0.958846154,0.918649527,0.642782196,0.863325624,0.96247612,1,0,0,FALSE
352,Call,85,European,3,5,70,105,100,100,100,0.408658337,0.324946823,0.444521024,0.160592607,0.397868246,1,0.145399632,-0.16736365,0.075071679,0.089005468,0.248524405,1,0.085897684,0.038980757,0.060083064,-0.099434394,0.416210503,1,0.785315151,0.677574818,0.930771541,0.551432845,0.892312414,1,0.9628885,0.924453954,0.62206462,0.813847463,0.961794472,1,0,0,FALSE
353,Put,96,European,6,5,102,105,100,100,100,0.338297493,0.215492998,0.395650511,0.187679632,0.356825448,1,0.112252202,-0.126509936,0.087794225,0.086361369,0.177105413,1,0.134009043,0.105348106,0.138950265,-0.021370416,0.422118776,1,0.704157694,0.692737811,0.978573227,0.569437665,0.831360669,1,0.903528152,0.861153389,0.655748647,0.788411546,0.964390307,1,0,0,FALSE
354,Put,97,American,0,5,79,105,100,100,100,0.147778458,0.338987798,0.415379646,0.343186329,0.214982302,1,0.078948972,-0.155487287,0.091352811,0.047505753,0.257901902,1,0.085589221,0.064888832,0.12218579,-0.031924818,0.450029977,1,0.755000573,0.680565035,0.94837995,0.529451722,0.829147025,1,0.962907834,0.915678787,0.617486369,0.84446605,0.939018119,1,9,12,TRUE
355,Call,10,European,3,5,100,100,100,110,100,0.314825467,0.177657003,0.224731011,0.180695572,0.396645269,1,0.131925354,-0.131250102,0.129500819,0.071475433,0.20885999,1,0.094903892,0.050781252,0.134472332,-0.071781018,0.497906058,1,0.757136007,0.676960497,0.982812954,0.504866951,0.836443532,1,0.96949073,0.949835811,0.651410593,0.83796178,0.887400332,1,0,0,FALSE
356,Call,99,European,3,5,100,105,105,100,100,0.249385187,0.18129626,0.356591643,0.295398109,0.35002085,1,0.149988644,-0.159602953,0.132437982,0.075468478,0.211622715,1,0.103106825,0.030192717,0.094279316,-0.077508035,0.408525234,1,0.712956317,0.699742553,0.931391121,0.57345186,0.897460508,1,0.916506794,0.94995454,0.689546244,0.838698213,0.938978183,1,0,0,FALSE
357,Put,190,European,6,5,100,105,100,105,100,0.217002258,0.288375557,0.273357136,0.186188839,0.269094306,1,0.073679112,-0.113990886,0.037584464,0.135986556,0.251878651,1,0.143995494,0.108808081,0.132619048,-0.09670277,0.485311737,1,0.738553716,0.641238945,0.917879834,0.578033989,0.85997432,1,0.992430084,0.923308816,0.605783064,0.836097462,0.920293615,1,0,0,FALSE
358,Call,85,European,3,5,100,105,100,100,100,0.292205922,0.296687346,0.341012676,0.413156266,0.300861423,1,0.111709669,-0.127598358,0.067058367,0.069613556,0.183350724,1,0.110716814,0.081894971,0.116869603,-0.047381029,0.416181494,1,0.79484206,0.682700819,0.930712769,0.512365559,0.887844125,1,0.963065064,0.93122824,0.655565213,0.855242854,0.876073502,1,0,0,FALSE
359,Put,95,European,6,5,100,105,100,100,100,0.275456278,0.158278029,0.192113247,0.416302826,0.376146295,1,0.071847552,-0.083018585,0.064625637,0.087117139,0.248275841,1,0.115250438,0.053651977,0.139077085,-0.032970259,0.417736009,1,0.746504062,0.692744556,0.980968377,0.520899952,0.826097288,1,0.908472903,0.887178598,0.615145591,0.852495571,0.902848297,1,0,0,FALSE
360,Call,50,American,0,5,70,105,100,100,100,0.189849738,0.30640654,0.445796424,0.332017164,0.196104371,1,0.102678101,-0.145746981,0.065129865,0.036054783,0.17655919,1,0.121465711,0.118063728,0.099334353,-0.039811387,0.405489687,1,0.758955723,0.688243655,0.961078115,0.532492214,0.808813751,1,0.928806545,0.938400616,0.647178195,0.802972257,0.87236015,1,3,9,TRUE
361,Put,97,European,3,5,80,95,100,100,100,0.305707692,0.364449292,0.153467454,0.324017922,0.251971649,1,0.109130632,-0.104841574,0.050958473,0.113975887,0.166666888,1,0.121433898,0.0910626,0.059269503,-0.095166263,0.415885357,1,0.712919709,0.681679915,0.996937566,0.585101513,0.823698151,1,0.954893691,0.922809156,0.634403874,0.857376551,0.881209475,1,0,0,FALSE
362,Call,85,European,3,5,70,105,100,100,100,0.270516176,0.164923821,0.247087523,0.250896221,0.316932803,1,0.051205936,-0.110234373,0.065074698,0.116081046,0.252490629,1,0.148760538,0.120415681,0.07691602,-0.103632578,0.428213737,1,0.775759095,0.680782324,0.980191614,0.563409018,0.897905643,1,0.959294623,0.94148933,0.627337239,0.80242613,0.890126272,1,0,0,FALSE
363,Put,96,European,6,5,102,105,100,100,100,0.403092048,0.340451284,0.201449274,0.355639585,0.252205566,1,0.089163733,-0.101541369,0.098191412,0.08134569,0.212888223,1,0.091163781,0.043073485,0.093432882,-0.025097166,0.44383446,1,0.736041993,0.617262987,0.946405689,0.544329748,0.853467551,1,0.996386325,0.904856391,0.64897959,0.849859251,0.953401488,1,0,0,FALSE
364,Put,89,American,0,5,79,105,100,100,100,0.160727767,0.426483233,0.185704127,0.220498926,0.400524725,1,0.089839743,-0.153383768,0.04531848,0.04664549,0.22068181,1,0.094714075,0.081936954,0.102889255,-0.093288173,0.460048875,1,0.750958902,0.633333668,0.934848871,0.592334296,0.888912335,1,0.91526854,0.928074568,0.673562916,0.800381995,0.94798807,1,9,12,TRUE
365,Call,40,European,3,5,100,100,100,110,100,0.288051828,0.158035778,0.377590122,0.232368855,0.3641331,1,0.135470544,-0.104166182,0.042195106,0.053563033,0.201682608,1,0.111320119,0.088587233,0.081100815,-0.060776809,0.410635425,1,0.743870491,0.63993086,0.96856738,0.57213423,0.813166305,1,0.915996381,0.858755794,0.597855341,0.783454422,0.928252463,1,0,0,FALSE
366,Call,97,European,3,5,100,105,105,100,100,0.309592486,0.392245158,0.311885212,0.302713659,0.143224984,1,0.146996714,-0.111100248,0.110029205,0.066648257,0.179626847,1,0.098326684,0.078245881,0.087240909,-0.023270205,0.455226349,1,0.738138939,0.605014457,0.903661805,0.523220802,0.895661013,1,0.925618187,0.932029329,0.590456647,0.849286952,0.918211283,1,0,0,FALSE
367,Put,188,European,6,5,100,105,100,105,100,0.155179733,0.23454443,0.302532823,0.317731896,0.2900936,1,0.102962318,-0.111236298,0.054056367,0.050182108,0.213799711,1,0.141674591,0.044988642,0.085617268,-0.086576276,0.436968869,1,0.799690656,0.60528126,0.957810102,0.511909052,0.872986612,1,0.995119495,0.935771768,0.603405185,0.787903312,0.917855057,1,0,0,FALSE
368,Call,58,American,0,5,70,105,99,100,95,0.161327982,0.393975552,0.177490269,0.417350628,0.333573643,1,0.095740559,-0.092318451,0.098609388,0.110787392,0.209382391,1,0.134950058,0.049095556,0.132048028,-0.06531996,0.417785936,1,0.756586437,0.61876522,0.932005058,0.522830137,0.8883808,1,0.912598312,0.876504319,0.687025769,0.792957806,0.89814063,1,6,9,TRUE
369,Put,140,European,3,5,100,95,70,80,100,0.21594218,0.287477212,0.329451739,0.188962964,0.265095214,1,0.055371688,-0.161404114,0.060219889,0.036552143,0.257405012,1,0.141410099,0.064300873,0.144057904,-0.108468591,0.494631892,1,0.728171029,0.623163638,0.922128958,0.583292075,0.860775424,1,0.905629,0.8584222,0.660508915,0.814101391,0.879952355,1,0,0,FALSE
370,Call,20,European,3,5,70,105,100,100,100,0.350054891,0.176726147,0.164531113,0.24766885,0.379717826,1,0.066171087,-0.119102044,0.086676036,0.061228628,0.212236803,1,0.153098881,0.051834695,0.085384998,-0.117616731,0.471023636,1,0.783171815,0.60430607,0.978227726,0.590612979,0.873586791,1,0.977322295,0.88433234,0.635777014,0.861192578,0.959878159,1,0,0,FALSE
371,Put,120,European,6,5,102,105,100,100,100,0.291425122,0.378456777,0.254910137,0.214251719,0.358202315,1,0.115745148,-0.121068394,0.07083091,0.06739265,0.162748695,1,0.098505708,0.10656036,0.061594832,-0.031317433,0.464443189,1,0.720016052,0.631062497,0.950631462,0.563046002,0.846695024,1,0.935343602,0.928593754,0.667085776,0.823239322,0.957674494,1,0,0,FALSE
372,Put,102,American,0,5,79,105,100,100,100,0.257046926,0.439149373,0.355265132,0.180573105,0.200628248,1,0.081250614,-0.120644187,0.080697938,0.107069292,0.25891582,1,0.112356381,0.117247565,0.102143584,-0.045371961,0.470929784,1,0.797733166,0.674457575,0.918949762,0.594962165,0.895807605,1,0.995694835,0.924815361,0.603051458,0.833183191,0.913719619,1,3,12,FALSE
373,Call,101,European,3,5,100,100,100,100,100,0.131854297,0.381067496,0.163191686,0.343176158,0.181087966,1,0.114957764,-0.129333541,0.1303817,0.073321239,0.224150516,1,0.096089648,0.026095986,0.122058783,-0.095526551,0.448282129,1,0.753055486,0.66092415,0.916578067,0.552814623,0.837419171,1,0.911451292,0.937349271,0.593932702,0.78836776,0.905045191,1,0,0,FALSE
374,Call,78,European,3,5,100,105,100,100,100,0.224148983,0.214288189,0.416336675,0.333497218,0.172543679,1,0.051438007,-0.08307883,0.101519662,0.133338038,0.200105732,1,0.102923505,0.079935069,0.111687969,-0.02503347,0.489236445,1,0.793869064,0.672204161,0.935252467,0.590181771,0.814273449,1,0.955366632,0.940390225,0.654352666,0.853756039,0.950208393,1,0,0,FALSE
375,Put,99,European,6,5,100,105,100,100,100,0.328889176,0.152035337,0.234399192,0.184063865,0.355368169,1,0.130696568,-0.150063037,0.118383026,0.072604966,0.227913613,1,0.084564076,0.062353869,0.073871794,-0.036308452,0.482787408,1,0.721379271,0.672324218,0.935870731,0.503209231,0.802740681,1,0.961130624,0.856851758,0.624298331,0.810832849,0.870800746,1,0,0,FALSE
376,Call,65,American,0,5,70,105,100,100,100,0.196157862,0.19391641,0.331677488,0.272204943,0.278267209,1,0.084044705,-0.148628219,0.111334849,0.118815046,0.223753343,1,0.146249709,0.023582924,0.06181788,-0.083621688,0.417151843,1,0.739670531,0.688494566,0.940108887,0.514485039,0.856740575,1,0.951732724,0.852195133,0.686741727,0.862191757,0.943775655,1,3,9,TRUE
377,Put,97,European,3,5,80,95,100,100,100,0.372559433,0.204668338,0.43362085,0.280844774,0.366288966,1,0.134779993,-0.090450921,0.116054715,0.045314621,0.16616627,1,0.087591531,0.086847663,0.126665396,-0.085293686,0.462512255,1,0.701745917,0.656294198,0.996207286,0.594907996,0.856597632,1,0.982521901,0.912658144,0.67382855,0.834860847,0.92003907,1,0,0,FALSE
378,Call,85,European,3,5,70,105,100,100,100,0.416843669,0.377167016,0.315749304,0.160389494,0.249883977,1,0.146200827,-0.086501128,0.035530463,0.110360928,0.24768826,1,0.061607884,0.100987462,0.096868498,-0.06691391,0.457989015,1,0.735065576,0.657228892,0.907754865,0.535223884,0.879980085,1,0.92736012,0.936178501,0.620190491,0.82777036,0.92908156,1,0,0,FALSE
379,Put,96,European,6,5,102,105,100,100,100,0.402155652,0.411244774,0.347661789,0.427365173,0.281874056,1,0.147297059,-0.084901756,0.072330166,0.093878897,0.182915548,1,0.14192693,0.118391722,0.060089339,-0.065384862,0.426908972,1,0.747039123,0.651193567,0.950283779,0.506151063,0.829950496,1,0.922106291,0.894556209,0.649218979,0.852228119,0.890111449,1,0,0,FALSE
380,Put,97,American,0,5,79,105,100,100,100,0.128589796,0.272540135,0.393531638,0.367249014,0.402689594,1,0.089663675,-0.141820088,0.034865105,0.065924602,0.183455757,1,0.111827176,0.081469504,0.079605534,-0.040069556,0.435949202,1,0.761967034,0.6237228,0.981592262,0.53477647,0.824758092,1,0.966592085,0.897963616,0.685969127,0.782563638,0.953747953,1,9,12,TRUE
381,Call,10,European,3,5,100,100,100,110,100,0.322156988,0.42315546,0.28542903,0.260783932,0.240808265,1,0.068341981,-0.117724511,0.053744641,0.052904391,0.226081925,1,0.066165298,0.060244165,0.08117215,-0.0889889,0.415386975,1,0.709101343,0.637414313,0.975959011,0.592957785,0.882170216,1,0.946731487,0.885121236,0.632414448,0.794660227,0.902938479,1,0,0,FALSE
382,Call,99,European,3,5,100,105,105,100,100,0.39732541,0.210869098,0.376562705,0.190776949,0.139600312,1,0.138875259,-0.080263409,0.113185344,0.129925068,0.207608439,1,0.133974656,0.112347564,0.122720837,-0.112413656,0.449513992,1,0.731082784,0.671062722,0.922698729,0.549709658,0.805411142,1,0.929992529,0.914888104,0.641684562,0.824960728,0.914380844,1,0,0,FALSE
383,Put,190,European,6,5,100,105,100,105,100,0.368787124,0.339437366,0.242063337,0.356562315,0.303885526,1,0.107719362,-0.120840937,0.090454833,0.064697263,0.229570344,1,0.159269978,0.096302167,0.123856496,-0.097000997,0.431938802,1,0.744719831,0.687574179,0.973518723,0.570961098,0.808018073,1,0.918782121,0.936125494,0.638111708,0.87375102,0.897491102,1,0,0,FALSE
384,Call,68,American,0,5,70,105,99,100,95,0.198972638,0.43132861,0.162135897,0.289344474,0.371905104,1,0.137747573,-0.163732025,0.057737424,0.050345493,0.200371774,1,0.146393508,0.081921035,0.068506349,-0.10475094,0.475858301,1,0.753112236,0.611407196,0.912339156,0.526787097,0.899529735,1,0.966044307,0.871976843,0.636605393,0.830269602,0.915310181,1,6,9,TRUE
385,Put,142,European,3,5,100,95,70,80,100,0.394279256,0.327494422,0.414279408,0.2706019,0.203271274,1,0.099867682,-0.143347575,0.051252271,0.037931976,0.25895693,1,0.096326262,0.043362955,0.119188113,-0.022043472,0.42693625,1,0.742541415,0.617180312,0.91121656,0.540643333,0.839091716,1,0.921108984,0.936657741,0.625490061,0.82562243,0.968391085,1,0,0,FALSE
386,Call,97,European,3,5,70,105,100,100,100,0.303253734,0.240296769,0.277460615,0.172179176,0.292882197,1,0.070044778,-0.165346841,0.074799677,0.04522249,0.222885447,1,0.089300193,0.06415891,0.109806911,-0.047367056,0.404502424,1,0.758112973,0.643533694,0.994068892,0.531458794,0.81984835,1,0.940369271,0.873496104,0.663705301,0.857097466,0.928847924,1,0,0,FALSE
387,Put,125,European,6,5,102,105,100,100,100,0.131837728,0.240339891,0.243020869,0.15173353,0.232307878,1,0.104274124,-0.118571557,0.06274385,0.117320026,0.222163892,1,0.066916984,0.080712178,0.125815224,-0.089697404,0.44153978,1,0.735349201,0.670722436,0.95419114,0.546263888,0.828524672,1,0.949622105,0.852603378,0.653014574,0.875817375,0.898000855,1,0,0,FALSE
388,Put,135,American,0,5,79,105,100,100,100,0.163406566,0.304505747,0.252331926,0.410361155,0.227353676,1,0.065300532,-0.096903781,0.038844518,0.096454609,0.197282846,1,0.153231011,0.086604972,0.13318081,-0.11463304,0.412537275,1,0.726116677,0.609035832,0.928604962,0.542620835,0.879045685,1,0.927887396,0.87513801,0.609039646,0.822538188,0.886568649,1,3,6,FALSE
389,Put,99,European,6,5,100,105,100,100,100,0.375215544,0.275519122,0.215624134,0.134283971,0.268505143,1,0.068137213,-0.099755462,0.048973403,0.1041449,0.254020939,1,0.078745984,0.09929815,0.096010455,-0.020440997,0.476230901,1,0.744602624,0.638357282,0.952246055,0.501989959,0.830506351,1,0.963186475,0.878955301,0.659852514,0.857399213,0.93573625,1,0,0,FALSE
390,Call,65,American,0,5,70,105,100,100,100,0.329637664,0.430999142,0.217134832,0.152359867,0.396779621,1,0.077337697,-0.115460539,0.084759618,0.12867304,0.226217935,1,0.128871507,0.068698902,0.090529302,-0.101305649,0.481472073,1,0.754074934,0.634737977,0.958911126,0.544433992,0.832013257,1,0.90602895,0.855389461,0.616360077,0.804829963,0.923640018,1,3,9,TRUE
391,Put,97,European,3,5,80,95,100,100,100,0.340434659,0.267117128,0.391492354,0.317305967,0.105260092,1,0.127066638,-0.131968696,0.111230597,0.101074995,0.180529067,1,0.081955086,0.054322078,0.141640909,-0.022076236,0.401643403,1,0.754878719,0.659833855,0.98650703,0.586074407,0.829547577,1,0.940807833,0.926427489,0.685983215,0.830817466,0.919654711,1,0,0,FALSE
392,Call,85,European,3,5,70,105,100,100,100,0.30448485,0.304314942,0.442116244,0.30119665,0.144157733,1,0.142117273,-0.1650921,0.105483474,0.115050282,0.162007555,1,0.072873263,0.071595506,0.124062704,-0.109311175,0.458783927,1,0.748465655,0.686743798,0.97253239,0.54503115,0.878329659,1,0.931973036,0.949253696,0.633322997,0.850979278,0.92978114,1,0,0,FALSE
393,Put,96,European,6,5,102,105,100,100,100,0.153999336,0.419393185,0.160544139,0.17867661,0.22285021,1,0.092317724,-0.144900891,0.062525642,0.060503551,0.202203364,1,0.072060731,0.081638514,0.115750557,-0.088693484,0.491176104,1,0.760650824,0.612363103,0.931234702,0.593609472,0.883636176,1,0.960296982,0.938333745,0.652726528,0.799026242,0.899984824,1,0,0,FALSE
394,Put,97,American,0,5,79,105,100,100,100,0.167997864,0.401154165,0.188785595,0.316024286,0.343398172,1,0.058782573,-0.135863615,0.052906764,0.066376532,0.199380588,1,0.14786612,0.117092066,0.100019494,-0.090266018,0.461603191,1,0.734075989,0.661177861,0.90046387,0.522003807,0.831572438,1,0.988427362,0.936554236,0.596879752,0.795711596,0.927912252,1,9,12,TRUE
395,Call,10,European,3,5,100,100,100,110,100,0.184464251,0.299559531,0.36650145,0.245641527,0.116313965,1,0.147549754,-0.127938373,0.129736764,0.072747521,0.219262919,1,0.113081775,0.109453699,0.119159831,-0.106775081,0.408484728,1,0.755335393,0.628377079,0.962415146,0.580063967,0.882618182,1,0.944405355,0.912656531,0.641597162,0.845668655,0.929696673,1,0,0,FALSE
396,Call,99,European,3,5,100,105,105,100,100,0.306417425,0.247448702,0.273357077,0.43157455,0.190871785,1,0.104945625,-0.095180819,0.056729892,0.064859393,0.195374146,1,0.159728019,0.08625387,0.056673633,-0.11701975,0.405717922,1,0.703300835,0.603723618,0.913628524,0.59925771,0.818159828,1,0.964714691,0.923754941,0.675923723,0.863126681,0.945307195,1,0,0,FALSE
397,Put,190,European,6,5,100,105,100,105,100,0.173388307,0.156703721,0.240240593,0.240984088,0.280678271,1,0.095579259,-0.136014341,0.131997525,0.095790621,0.163972387,1,0.066261287,0.066755841,0.091430691,-0.11025816,0.416590952,1,0.79258993,0.661118951,0.988065489,0.541973671,0.814048199,1,0.961592815,0.866062833,0.654734541,0.857736783,0.891284812,1,0,0,FALSE
398,Call,85,European,3,5,100,105,100,100,100,0.162842598,0.218070752,0.300534967,0.329235345,0.326205083,1,0.083522151,-0.117117263,0.076946456,0.133725236,0.216672984,1,0.090739242,0.12067085,0.09417446,-0.071888851,0.43177036,1,0.743933232,0.623038657,0.909487526,0.548235268,0.859451977,1,0.912949002,0.917370834,0.613911524,0.800694765,0.912293014,1,0,0,FALSE
399,Put,95,European,6,5,100,105,100,100,100,0.246642666,0.172942083,0.266208143,0.320781463,0.170041004,1,0.141364013,-0.154794178,0.037754194,0.123048276,0.252892722,1,0.113180718,0.107378049,0.063810701,-0.040023098,0.4267272,1,0.741528873,0.621407561,0.972874742,0.568171614,0.824538065,1,0.981611347,0.889822452,0.668756654,0.803966938,0.912191077,1,0,0,FALSE
400,Call,50,American,0,5,70,105,100,100,100,0.145596877,0.317812001,0.291289092,0.298176748,0.364879305,1,0.072704726,-0.1600307,0.105057873,0.071762911,0.196527192,1,0.114753173,0.063530905,0.112426035,-0.042502851,0.460619431,1,0.703537006,0.65563526,0.984448139,0.538323863,0.842531788,1,0.950778497,0.887528623,0.61341214,0.83714359,0.965843033,1,3,9,TRUE
401,Put,97,European,3,5,80,95,100,100,100,0.40572276,0.23397863,0.214323707,0.292996219,0.247391328,1,0.126298301,-0.079298291,0.125828752,0.088949129,0.182323936,1,0.120877508,0.077954327,0.081359024,-0.079894862,0.453287287,1,0.73116734,0.606050381,0.962656369,0.572332554,0.886845305,1,0.960099145,0.888206396,0.661467377,0.80818366,0.923069015,1,0,0,FALSE
402,Call,85,European,3,5,70,105,100,100,100,0.40963327,0.217325355,0.428621249,0.161299924,0.144792639,1,0.148601514,-0.123728196,0.051346013,0.108694569,0.162070626,1,0.079139483,0.08290157,0.096711745,-0.103206831,0.415801743,1,0.732775306,0.696821429,0.922359748,0.555565383,0.832513322,1,0.965138806,0.941559159,0.608282747,0.819308396,0.895403173,1,0,0,FALSE
403,Put,96,European,6,5,102,105,100,100,100,0.257148533,0.293587272,0.207917995,0.1408752,0.200300467,1,0.135413594,-0.092866311,0.091680962,0.049115407,0.163182746,1,0.156466663,0.089463101,0.120321411,-0.038197154,0.464705548,1,0.780471937,0.668481154,0.94054943,0.589777613,0.871051405,1,0.922257641,0.873171874,0.607128254,0.839263489,0.931311337,1,0,0,FALSE
404,Put,102,American,0,5,79,105,100,100,100,0.139654579,0.230070586,0.421976436,0.253467872,0.156037226,1,0.063714007,-0.116040295,0.037540574,0.088813605,0.247891712,1,0.128915241,0.078594802,0.076552468,-0.09347039,0.420345234,1,0.72648049,0.666756278,0.989143133,0.579456333,0.805861579,1,0.983461052,0.904683612,0.647189437,0.852981121,0.968020554,1,3,12,FALSE
405,Call,101,European,3,5,100,100,100,100,100,0.389138021,0.272952042,0.193513188,0.30339367,0.169337935,1,0.062749313,-0.128782163,0.062033696,0.057289333,0.232963809,1,0.139660627,0.096913392,0.134402037,-0.046605328,0.487081674,1,0.745947849,0.647032038,0.99394038,0.570437493,0.810186738,1,0.998095452,0.911984735,0.674174372,0.804665003,0.912940163,1,0,0,FALSE
406,Call,78,European,3,5,100,105,100,100,100,0.35629007,0.141865942,0.154119887,0.400558283,0.221808899,1,0.139704281,-0.124276065,0.035368054,0.120220185,0.190263413,1,0.130502214,0.0890331,0.068203901,-0.050041027,0.426441543,1,0.755979195,0.652614092,0.936662791,0.571775194,0.843743431,1,0.953893664,0.942277359,0.622643531,0.821875909,0.901297914,1,0,0,FALSE
407,Put,99,European,6,5,100,105,100,100,100,0.257190859,0.379132349,0.439438598,0.141507371,0.143366478,1,0.131527966,-0.114483865,0.041866654,0.065676259,0.211110505,1,0.063751203,0.045616975,0.062371775,-0.104808448,0.407482406,1,0.769669241,0.602971512,0.987611731,0.567333937,0.843503533,1,0.974376221,0.943179029,0.608697236,0.78245676,0.905286727,1,0,0,FALSE
408,Call,65,American,0,5,70,105,100,100,100,0.235936207,0.239940366,0.405352162,0.412467734,0.113110937,1,0.094958403,-0.139809906,0.078104372,0.106345871,0.233346425,1,0.152719827,0.032425834,0.14008005,-0.088213339,0.478852275,1,0.733138969,0.627526681,0.999853177,0.55482253,0.840680342,1,0.928794173,0.891318037,0.616560177,0.873617971,0.915495001,1,3,9,TRUE
409,Put,97,European,3,5,80,95,100,100,100,0.169422834,0.356555837,0.207536221,0.418024768,0.272477026,1,0.133451531,-0.114495038,0.06022757,0.095441037,0.184122607,1,0.141999179,0.08505848,0.083808153,-0.087966583,0.466556721,1,0.704918872,0.648882523,0.947123163,0.581539355,0.815098687,1,0.956788669,0.948158216,0.596855121,0.868556112,0.876859437,1,0,0,FALSE
410,Call,85,European,3,5,70,105,100,100,100,0.183013281,0.216946097,0.355172177,0.343958907,0.265484014,1,0.1071047,-0.151230832,0.045592726,0.130091723,0.256739694,1,0.074021141,0.111571651,0.056089697,-0.070575364,0.42072891,1,0.70705161,0.612932389,0.905224376,0.560325064,0.806447128,1,0.928867651,0.866679611,0.632271486,0.865410858,0.953865196,1,0,0,FALSE
411,Put,96,European,6,5,102,105,100,100,100,0.226501093,0.422696777,0.242461185,0.247028437,0.163753427,1,0.124392622,-0.130657851,0.103091476,0.119938038,0.161060314,1,0.074543981,0.059668215,0.065380354,-0.038675863,0.405545481,1,0.738804282,0.687043306,0.979440324,0.53462759,0.832595442,1,0.989704274,0.872689545,0.635480738,0.861029463,0.965141676,1,0,0,FALSE
412,Put,97,American,0,5,79,105,100,100,100,0.406202414,0.362223777,0.230280771,0.396817271,0.237520143,1,0.136945313,-0.107115482,0.071139249,0.067934572,0.231131813,1,0.06567205,0.035008544,0.136415295,-0.061833887,0.406657553,1,0.792178769,0.621699293,0.981566032,0.532871264,0.829045512,1,0.941434147,0.922084442,0.594885152,0.793798598,0.961127316,1,9,12,TRUE
413,Call,10,European,3,5,100,100,100,110,100,0.286945159,0.320278402,0.381294111,0.184270491,0.394880586,1,0.107078868,-0.163408181,0.050204682,0.123669102,0.218136643,1,0.15171851,0.080110523,0.124243016,-0.038219312,0.492702043,1,0.734658828,0.608930434,0.986736228,0.585775644,0.804616195,1,0.953045556,0.872689219,0.686699995,0.850722151,0.915073828,1,0,0,FALSE
414,Call,99,European,3,5,100,105,105,100,100,0.354256159,0.332382142,0.179062229,0.274226648,0.186061005,1,0.096988552,-0.072377832,0.095667778,0.125991054,0.17091322,1,0.100591012,0.058580833,0.064528141,-0.073081235,0.434016097,1,0.726118888,0.651479064,0.987171882,0.522325843,0.820883707,1,0.988387118,0.869145148,0.600543827,0.794955791,0.903346329,1,0,0,FALSE
415,Put,190,European,6,5,100,105,100,105,100,0.223677138,0.341987645,0.158509698,0.17272584,0.38337368,1,0.091780901,-0.134157531,0.054186576,0.126093725,0.194708858,1,0.071966889,0.093262477,0.115713782,-0.097930091,0.445031794,1,0.785686572,0.637989796,0.971127596,0.520037935,0.850338786,1,0.985588073,0.896319052,0.667160227,0.803241534,0.956863564,1,0,0,FALSE
416,Call,68,American,0,5,70,105,99,100,95,0.422375368,0.390234554,0.162354782,0.394956996,0.336663473,1,0.125180263,-0.113778089,0.128166275,0.117403271,0.236876291,1,0.071683255,0.114702518,0.115055873,-0.100654617,0.409382111,1,0.740239182,0.630965818,0.970033687,0.561839959,0.858790032,1,0.979527854,0.932304416,0.637424722,0.869269013,0.885825304,1,6,9,TRUE
417,Put,142,European,3,5,100,95,70,80,100,0.23592877,0.319334829,0.409806457,0.413575265,0.165938046,1,0.089712807,-0.089982094,0.040692666,0.050052899,0.247354454,1,0.126622433,0.08639072,0.130990611,-0.03449567,0.471363713,1,0.756822236,0.638310765,0.937303496,0.515090116,0.871906422,1,0.901574875,0.865474463,0.644312383,0.836226932,0.87146757,1,0,0,FALSE
418,Call,97,European,3,5,70,105,100,100,100,0.373728453,0.19600235,0.302279716,0.194987492,0.153383083,1,0.075460532,-0.121352345,0.102962037,0.04320813,0.169624951,1,0.146541163,0.109492734,0.148735204,-0.023367298,0.404756319,1,0.749969398,0.618037103,0.983895322,0.563995776,0.896490281,1,0.932797714,0.92880615,0.664640811,0.863046427,0.95955388,1,0,0,FALSE
419,Put,125,European,6,5,102,105,100,100,100,0.416454933,0.255037553,0.341578343,0.196263255,0.172678728,1,0.054731789,-0.114845038,0.040491496,0.103834716,0.216470415,1,0.153680602,0.098286196,0.135797122,-0.062067965,0.447493436,1,0.716178477,0.601157312,0.997202917,0.571162239,0.841668905,1,0.953490565,0.899277105,0.676560707,0.855403432,0.916319591,1,0,0,FALSE
420,Put,135,American,0,5,79,105,100,100,100,0.176462486,0.242550684,0.19467774,0.218525039,0.393525056,1,0.060931102,-0.122570377,0.10271307,0.064698862,0.181764904,1,0.078261159,0.051919154,0.055933368,-0.046711224,0.487027455,1,0.72657652,0.688634856,0.993719112,0.57403413,0.821964103,1,0.979552475,0.913707019,0.653934719,0.820882175,0.964434307,1,3,6,FALSE
421,Put,99,European,6,5,100,105,100,100,100,0.274837043,0.437740455,0.369766052,0.316261268,0.183705729,1,0.1277548,-0.142636487,0.130399881,0.060194045,0.194403643,1,0.080466246,0.100069308,0.124324654,-0.057538881,0.479036709,1,0.729351894,0.623591997,0.939189782,0.541532945,0.839123907,1,0.914366879,0.85787422,0.65111132,0.802571528,0.884106232,1,0,0,FALSE
422,Call,65,American,0,5,70,105,100,100,100,0.398045328,0.264128734,0.150485496,0.224532766,0.336322751,1,0.125866258,-0.149183857,0.060866737,0.134905151,0.166554435,1,0.081682672,0.118804307,0.098920476,-0.033231719,0.486093225,1,0.787112026,0.699324941,0.936395567,0.526241138,0.814782296,1,0.928590476,0.883314807,0.673744543,0.828352265,0.924742753,1,3,9,TRUE
423,Put,97,European,3,5,80,95,100,100,100,0.235701645,0.279615588,0.253482512,0.248478213,0.255692877,1,0.145524197,-0.160171838,0.05256382,0.063789925,0.236878581,1,0.136731363,0.082426643,0.143386127,-0.05611287,0.442400789,1,0.708760946,0.68939968,0.936051302,0.576622535,0.805476512,1,0.90832671,0.923480032,0.627705198,0.811427262,0.88721696,1,0,0,FALSE
424,Call,85,European,3,5,70,105,100,100,100,0.331143071,0.388748957,0.182625134,0.137913098,0.251304107,1,0.051711188,-0.124569547,0.06602418,0.067360311,0.211792907,1,0.101440156,0.0699553,0.088649831,-0.055997965,0.478271126,1,0.728221109,0.631375286,0.985848965,0.509071393,0.829137363,1,0.962667395,0.871731321,0.689738031,0.877615977,0.942143718,1,0,0,FALSE
425,Put,96,European,6,5,102,105,100,100,100,0.218917368,0.433021495,0.301723069,0.290667089,0.213999347,1,0.090348605,-0.077910592,0.078052661,0.092837217,0.252866915,1,0.075850008,0.048631432,0.097935359,-0.062303501,0.446906953,1,0.723577243,0.698892064,0.949931455,0.532919379,0.843994812,1,0.988123893,0.908339634,0.61505586,0.834588715,0.874054839,1,0,0,FALSE
426,Put,97,American,0,5,79,105,100,100,100,0.172599717,0.154601093,0.247515722,0.15391572,0.342097343,1,0.071400681,-0.100143747,0.044103621,0.089158668,0.213193931,1,0.086111538,0.054327605,0.074270373,-0.116518609,0.411217363,1,0.725849883,0.651243841,0.981409988,0.556900736,0.86485732,1,0.936609137,0.875687378,0.660174566,0.808295183,0.936942177,1,9,12,TRUE
427,Call,10,European,3,5,100,100,100,110,100,0.333223101,0.362590949,0.445652787,0.278144663,0.169664082,1,0.128513075,-0.106767742,0.1053186,0.070806872,0.203550137,1,0.15413477,0.063004633,0.099061534,-0.031255792,0.496575568,1,0.706304137,0.610261069,0.993455559,0.578670533,0.846920516,1,0.922000481,0.862525747,0.597689335,0.793647146,0.968518169,1,0,0,FALSE
428,Call,99,European,3,5,100,105,105,100,100,0.187382044,0.160875931,0.421659698,0.368140776,0.217840056,1,0.090357008,-0.166457533,0.068506296,0.099636227,0.17668266,1,0.15314624,0.023230203,0.126518228,-0.069761621,0.444879787,1,0.716857743,0.642361612,0.963656489,0.577766411,0.891549787,1,0.946638066,0.853140808,0.592788395,0.875348303,0.889132574,1,0,0,FALSE
429,Put,190,European,6,5,100,105,100,105,100,0.256702585,0.177527043,0.199281842,0.253001258,0.204345445,1,0.09406828,-0.099706413,0.089253829,0.088877479,0.175543568,1,0.068404615,0.104169461,0.134546297,-0.055601333,0.408237756,1,0.75516982,0.606639403,0.908362084,0.517595933,0.883551455,1,0.915699817,0.875417898,0.633027756,0.833789406,0.88116042,1,0,0,FALSE
430,Call,85,European,3,5,100,105,100,100,100,0.381054277,0.376926195,0.340008208,0.160924743,0.294745113,1,0.117122028,-0.142164499,0.091706402,0.134484359,0.160616337,1,0.152351636,0.090067643,0.103485774,-0.050826656,0.447289647,1,0.768953798,0.623559638,0.988884998,0.526489744,0.834541941,1,0.90872569,0.909547607,0.61286497,0.81420846,0.900629176,1,0,0,FALSE
431,Put,95,European,6,5,100,105,100,100,100,0.353657459,0.22807341,0.345579682,0.284749366,0.208401992,1,0.098112435,-0.078782203,0.103243389,0.103985569,0.167447888,1,0.108629644,0.047162293,0.129413769,-0.116921227,0.414696446,1,0.714961363,0.671923166,0.960011858,0.523728685,0.859528422,1,0.995014328,0.904483965,0.613983122,0.815733522,0.939557558,1,0,0,FALSE
432,Call,50,American,0,5,70,105,100,100,100,0.298391323,0.287834826,0.382600542,0.387134372,0.364961664,1,0.085821103,-0.151519344,0.034663847,0.1288232,0.225216686,1,0.104305549,0.083633435,0.10691137,-0.056230464,0.427649965,1,0.755140513,0.664481342,0.94642071,0.586388589,0.840052444,1,0.926493357,0.865560698,0.638473763,0.787079393,0.926422525,1,3,9,TRUE
433,Put,97,European,3,5,80,95,100,100,100,0.180270471,0.156196949,0.239653898,0.148024977,0.30488934,1,0.072402705,-0.15150414,0.03591207,0.076415406,0.195982117,1,0.147903739,0.031497866,0.052667495,-0.061823837,0.438276498,1,0.738485828,0.6127075,0.959026742,0.552581804,0.807767154,1,0.944498639,0.888017263,0.672570517,0.845372497,0.878416311,1,0,0,FALSE
434,Call,85,European,3,5,70,105,100,100,100,0.209231276,0.416204164,0.297825005,0.161146235,0.110221861,1,0.148251987,-0.154929455,0.05339937,0.08503001,0.244710502,1,0.075855964,0.058335931,0.065862131,-0.043979556,0.460452061,1,0.712265906,0.669574303,0.944973976,0.550193117,0.802146182,1,0.929594662,0.920006292,0.614607194,0.81304568,0.945977827,1,0,0,FALSE
435,Put,96,European,6,5,102,105,100,100,100,0.271743025,0.417701163,0.394491126,0.350301826,0.191336664,1,0.055389758,-0.074658464,0.119248367,0.076931294,0.188780502,1,0.108646532,0.084415819,0.053197316,-0.039854373,0.452003715,1,0.769243977,0.626758299,0.920184399,0.582035374,0.899571154,1,0.964395464,0.865575701,0.660770319,0.822293313,0.914887497,1,0,0,FALSE
436,Call,68,American,0,5,70,105,99,100,95,0.266054279,0.37233474,0.216247105,0.221683924,0.26136981,1,0.080374714,-0.115035918,0.07372121,0.078416428,0.223956469,1,0.153179257,0.061252461,0.125155503,-0.112633191,0.456543603,1,0.710261695,0.600700395,0.960438893,0.546081825,0.847209046,1,0.967491164,0.917755542,0.652420263,0.789075538,0.881626221,1,6,9,TRUE
437,Put,142,European,3,5,100,95,70,80,100,0.412566973,0.423767146,0.302858482,0.261251248,0.136617533,1,0.061922526,-0.084387476,0.123216142,0.127876057,0.168192248,1,0.148404827,0.05795774,0.118258269,-0.056085785,0.430500232,1,0.702939125,0.689167261,0.933836233,0.508760439,0.824257349,1,0.974699637,0.910787124,0.665192612,0.856790464,0.873103968,1,0,0,FALSE
438,Call,97,European,3,5,70,105,100,100,100,0.349432241,0.218071794,0.361504968,0.415002108,0.154225441,1,0.05910708,-0.119752383,0.097014184,0.041568328,0.177605434,1,0.123911594,0.050325031,0.082652503,-0.064886061,0.403409379,1,0.733372708,0.656035652,0.950378789,0.589493671,0.888323046,1,0.900312754,0.893628712,0.5971155,0.864814057,0.887630032,1,0,0,FALSE
439,Put,125,European,6,5,102,105,100,100,100,0.18076412,0.406575139,0.444495238,0.425865259,0.231652197,1,0.09179915,-0.168469441,0.123076128,0.087048143,0.190411642,1,0.113228623,0.044855703,0.145450999,-0.084846054,0.499037416,1,0.701917528,0.634366494,0.900228594,0.582285066,0.883449616,1,0.929172981,0.899277952,0.667169133,0.826454941,0.924540618,1,0,0,FALSE
440,Put,135,American,0,5,79,105,100,100,100,0.319308499,0.365758568,0.431519816,0.287015493,0.29924469,1,0.107471618,-0.140936939,0.110184628,0.121013436,0.224837935,1,0.155254757,0.093257597,0.130721306,-0.047919791,0.412153699,1,0.742783629,0.648602958,0.919800105,0.572069207,0.827377408,1,0.98396144,0.893763777,0.651488012,0.796184556,0.936165034,1,3,6,FALSE
441,Put,99,European,6,5,100,105,100,100,100,0.199913616,0.305860284,0.282769199,0.303616105,0.23858927,1,0.091543725,-0.152445271,0.035065108,0.084320657,0.167081192,1,0.074184341,0.063536983,0.13819596,-0.078144183,0.439954101,1,0.76726475,0.626608286,0.908981946,0.557180342,0.879541475,1,0.905609906,0.901235015,0.657334167,0.849007039,0.953046793,1,0,0,FALSE
442,Call,65,American,0,5,70,105,100,100,100,0.200875232,0.19834534,0.433275313,0.360077934,0.328735951,1,0.094035871,-0.095047576,0.090162677,0.051625138,0.257027146,1,0.134282506,0.03533419,0.068508528,-0.044148772,0.490944991,1,0.706488751,0.682881809,0.932872875,0.501999787,0.884193161,1,0.945569247,0.898500062,0.612694734,0.798485358,0.894970943,1,3,9,TRUE
443,Put,97,European,3,5,80,95,100,100,100,0.145745876,0.341189944,0.400060924,0.311800633,0.291471686,1,0.146548835,-0.145730289,0.037022429,0.09550548,0.24785779,1,0.113953968,0.068685814,0.142583779,-0.021081693,0.451454849,1,0.761550208,0.643462528,0.983676167,0.563744264,0.855455159,1,0.956188882,0.943747839,0.66718212,0.802420711,0.905781999,1,0,0,FALSE
444,Call,85,European,3,5,70,105,100,100,100,0.226866442,0.26584273,0.158413577,0.164245083,0.116895028,1,0.095476095,-0.077668614,0.13294198,0.079051034,0.233071224,1,0.09527342,0.100728038,0.100656184,-0.052474263,0.487612215,1,0.795866801,0.643075709,0.91990974,0.534427215,0.846446222,1,0.934257632,0.946240844,0.597518715,0.876326657,0.919043795,1,0,0,FALSE
445,Put,96,European,6,5,102,105,100,100,100,0.353588518,0.414340855,0.445820272,0.259447716,0.156363323,1,0.061857322,-0.149885627,0.057960635,0.057776418,0.205222463,1,0.145713532,0.0355077,0.149335214,-0.106246703,0.402796918,1,0.774854885,0.636770375,0.904747752,0.543793455,0.85430292,1,0.970050591,0.940232504,0.646719228,0.813461714,0.871902881,1,0,0,FALSE
446,Put,97,American,0,5,79,105,100,100,100,0.394630997,0.380675375,0.446889678,0.368230981,0.347515408,1,0.127378953,-0.099148532,0.062295187,0.055581893,0.19130011,1,0.085983878,0.068019015,0.110100784,-0.028782951,0.459524324,1,0.730151681,0.636291874,0.910991795,0.541992782,0.888568055,1,0.966996552,0.931212031,0.679673312,0.809562519,0.946558159,1,9,12,TRUE
447,Call,10,European,3,5,100,100,100,110,100,0.334403125,0.34500867,0.282375128,0.331450071,0.11295,1,0.093102995,-0.126405853,0.05586289,0.117672121,0.209101738,1,0.107127064,0.121038818,0.122684496,-0.092279115,0.427357917,1,0.793759868,0.601171484,0.931277576,0.54852455,0.831235281,1,0.948422657,0.905014299,0.679082359,0.879526964,0.948848199,1,0,0,FALSE
448,Call,99,European,3,5,100,105,105,100,100,0.25700015,0.183286391,0.429082483,0.423455799,0.312421007,1,0.110546856,-0.162251269,0.079755629,0.065933308,0.233434176,1,0.076692536,0.066468312,0.136569113,-0.106469029,0.408086181,1,0.750054368,0.629163174,0.927773266,0.594592837,0.873438305,1,0.964169001,0.92173945,0.592876787,0.852265634,0.886079988,1,0,0,FALSE
449,Put,190,European,6,5,100,105,100,105,100,0.3468222,0.309195328,0.367539939,0.331649077,0.271238637,1,0.140055926,-0.160300231,0.067155759,0.099596829,0.246526801,1,0.152933619,0.03861646,0.075583826,-0.084093067,0.468131439,1,0.734870051,0.68645051,0.92065504,0.568626248,0.860809113,1,0.936551702,0.862242817,0.680752364,0.826297054,0.945485243,1,0,0,FALSE
450,Call,85,European,3,5,100,105,100,100,100,0.1245595,0.427688955,0.32638322,0.357583081,0.360151966,1,0.125519539,-0.151683096,0.076359306,0.111253015,0.210887023,1,0.064973741,0.103719776,0.055222888,-0.048652357,0.438695351,1,0.716419121,0.620167529,0.943902645,0.593451589,0.835250828,1,0.924770754,0.898143276,0.685889459,0.834969906,0.961026319,1,0,0,FALSE
451,Put,95,European,6,5,100,105,100,100,100,0.137626373,0.142766344,0.334199463,0.214003189,0.338401875,1,0.065913409,-0.102928977,0.07855704,0.063203807,0.16214358,1,0.107123535,0.079451362,0.050687679,-0.072348916,0.411494526,1,0.709903394,0.633138436,0.905347449,0.509855791,0.889910236,1,0.906539295,0.918540392,0.600414199,0.81519135,0.898956122,1,0,0,FALSE
452,Call,50,American,0,5,70,105,100,100,100,0.303387787,0.233522333,0.2947839,0.348427688,0.146686303,1,0.140631105,-0.157930712,0.070113308,0.124611953,0.256249092,1,0.07499103,0.115704842,0.112513117,-0.06721208,0.407796699,1,0.74565159,0.698112016,0.978789956,0.564486188,0.804905794,1,0.991617077,0.904344944,0.629144849,0.858804734,0.922246272,1,3,9,TRUE
453,Put,97,European,3,5,80,95,100,100,100,0.333155241,0.185686025,0.444760406,0.364863093,0.323038201,1,0.079980985,-0.106513607,0.114142619,0.038271208,0.181871792,1,0.06273995,0.026773477,0.138780262,-0.024058431,0.446565269,1,0.779994203,0.677978659,0.955030237,0.523076034,0.863901418,1,0.988978313,0.900582049,0.59836194,0.865037116,0.949125123,1,0,0,FALSE
454,Put,97,American,0,5,79,105,100,100,100,0.171723848,0.148483308,0.426459126,0.220157444,0.150746619,1,0.057104693,-0.135402393,0.060665051,0.078489737,0.172340298,1,0.095306307,0.089878113,0.134187203,-0.113788035,0.495752004,1,0.785309588,0.659393945,0.951420716,0.511936791,0.889272657,1,0.925072297,0.923805862,0.661100652,0.79680411,0.880613917,1,9,12,TRUE
455,Call,10,European,3,5,100,100,100,110,100,0.258631741,0.143706996,0.414283118,0.355110593,0.209623769,1,0.072892328,-0.162244034,0.076561567,0.064132377,0.205089741,1,0.080745562,0.122073729,0.084221113,-0.039343144,0.467182744,1,0.702208239,0.62407926,0.918357532,0.524890477,0.896072419,1,0.916054815,0.899439104,0.603994865,0.855087597,0.92416983,1,0,0,FALSE
456,Call,99,European,3,5,100,105,105,100,100,0.308650821,0.288234342,0.379817946,0.252921622,0.299573129,1,0.146267831,-0.153861549,0.086994198,0.125642203,0.210800205,1,0.109538559,0.091464352,0.148674349,-0.021115925,0.444352908,1,0.731934854,0.665234913,0.980369814,0.5512015,0.814321488,1,0.967572572,0.874301087,0.641045547,0.790709833,0.901942843,1,0,0,FALSE
457,Put,190,European,6,5,100,105,100,105,100,0.390905457,0.225797136,0.221971163,0.403589944,0.198806385,1,0.12067661,-0.113245414,0.05163663,0.103921126,0.161561864,1,0.066577816,0.084071708,0.139262022,-0.089708158,0.488879888,1,0.702524719,0.674236952,0.901600699,0.543364401,0.811573433,1,0.959709388,0.880618671,0.607464388,0.837649479,0.881074765,1,0,0,FALSE
458,Call,68,American,0,5,70,105,99,100,95,0.277307273,0.399235281,0.251585944,0.313081882,0.205527791,1,0.072761052,-0.133610476,0.041970324,0.132304637,0.190165993,1,0.078215824,0.120308959,0.081435321,-0.040621726,0.411695928,1,0.70925535,0.691425477,0.929075897,0.525698539,0.88745804,1,0.997282227,0.928509539,0.676042619,0.79579292,0.925648662,1,6,9,TRUE
459,Put,142,European,3,5,100,95,70,80,100,0.268133146,0.393154433,0.152715652,0.240246669,0.177434052,1,0.089061171,-0.087435194,0.107051768,0.081437627,0.188315034,1,0.094381413,0.026792437,0.053907539,-0.056859029,0.439667265,1,0.768995036,0.633865201,0.950308093,0.565744191,0.83086133,1,0.972961998,0.93293489,0.638009373,0.788242148,0.90451089,1,0,0,FALSE
460,Call,97,European,3,5,70,105,100,100,100,0.331754793,0.398008058,0.436006909,0.376066384,0.258568716,1,0.143198314,-0.079798952,0.133683454,0.084282606,0.248426977,1,0.060966244,0.052697895,0.095885697,-0.077439802,0.464187851,1,0.719235298,0.626483615,0.992779298,0.578735498,0.847870521,1,0.986456602,0.931980265,0.638965781,0.809716714,0.963054832,1,0,0,FALSE
461,Put,125,European,6,5,102,105,100,100,100,0.315901502,0.194636937,0.207475971,0.156642837,0.35165561,1,0.066771648,-0.08916157,0.110857096,0.055345829,0.163975945,1,0.077200695,0.053214246,0.142059293,-0.085428871,0.402532086,1,0.768363673,0.605604182,0.920965462,0.545548594,0.881833101,1,0.941781439,0.906986735,0.63919496,0.829878086,0.922176277,1,0,0,FALSE
462,Put,135,American,0,5,79,105,100,100,100,0.398023783,0.260732422,0.246217264,0.306515536,0.145129407,1,0.122983779,-0.102232789,0.071852011,0.123223211,0.199853523,1,0.082938298,0.110469443,0.138374512,-0.116181717,0.401834926,1,0.712147725,0.679793147,0.939320481,0.52681993,0.827724742,1,0.947321243,0.904209725,0.685575961,0.845462813,0.905279646,1,3,6,FALSE
463,Put,99,European,6,5,100,105,100,100,100,0.32416587,0.282646146,0.334146234,0.338775966,0.322297991,1,0.104227338,-0.110452986,0.066858633,0.068533518,0.166593443,1,0.084770485,0.045773238,0.072084957,-0.108604492,0.466368112,1,0.794098695,0.628399522,0.986867082,0.509394526,0.896864268,1,0.96096915,0.923282707,0.604370791,0.873002169,0.934367749,1,0,0,FALSE
464,Call,65,American,0,5,70,105,100,100,100,0.157605782,0.391787725,0.269756057,0.282709622,0.237157917,1,0.07895573,-0.126817613,0.09764507,0.122922069,0.2105372,1,0.064139963,0.106413385,0.111841396,-0.070258235,0.49550918,1,0.734730721,0.65619142,0.917697903,0.55232679,0.858943764,1,0.917568179,0.907422306,0.642677776,0.782471724,0.886451613,1,3,9,TRUE
465,Put,97,European,3,5,80,95,100,100,100,0.188884021,0.399178666,0.38500804,0.153869805,0.189265571,1,0.101256901,-0.146338899,0.049261689,0.036924583,0.247808374,1,0.111914869,0.076525555,0.070952716,-0.059306998,0.427175184,1,0.772623114,0.609966472,0.936989861,0.56872569,0.812106561,1,0.961592329,0.886747955,0.653421316,0.819198859,0.88465173,1,0,0,FALSE
466,Call,85,European,3,5,70,105,100,100,100,0.215090662,0.14959838,0.176549604,0.301087471,0.108006625,1,0.067929553,-0.113487983,0.066742865,0.069346755,0.166794514,1,0.126418274,0.035069553,0.135758648,-0.105134674,0.403059635,1,0.722075443,0.67664098,0.99320406,0.564004086,0.815550663,1,0.93469399,0.935974677,0.591725358,0.849471778,0.895629899,1,0,0,FALSE
467,Put,96,European,6,5,102,105,100,100,100,0.420744318,0.265479711,0.343338434,0.150394229,0.213386581,1,0.137179072,-0.09948949,0.053115378,0.045204948,0.249493331,1,0.141239166,0.119925341,0.136325811,-0.0925421,0.431802823,1,0.771931806,0.646377708,0.968174658,0.543324054,0.888942293,1,0.964725841,0.865053481,0.668845774,0.830821921,0.889874409,1,0,0,FALSE
468,Put,97,American,0,5,79,105,100,100,100,0.219796549,0.32337808,0.261762692,0.288379018,0.19510719,1,0.112330788,-0.163482698,0.048875304,0.076451605,0.172311705,1,0.139381779,0.119774047,0.089128242,-0.097344977,0.400928369,1,0.725754912,0.62558125,0.9576398,0.523264852,0.881994156,1,0.907107639,0.857324282,0.634836814,0.838599994,0.884593999,1,9,12,TRUE
469,Call,10,European,3,5,100,100,100,110,100,0.352634556,0.173147214,0.368578701,0.135883915,0.29700952,1,0.064774437,-0.076228639,0.121959363,0.075328182,0.175096861,1,0.11117768,0.110848425,0.129573394,-0.037475297,0.468779971,1,0.70125552,0.65140898,0.977790686,0.576342988,0.810100001,1,0.986819592,0.933739345,0.603377334,0.866238767,0.960814461,1,0,0,FALSE
470,Call,99,European,3,5,100,105,105,100,100,0.237659011,0.153121807,0.35058335,0.364070536,0.349652797,1,0.051990235,-0.099831501,0.115042788,0.050298354,0.18787214,1,0.150067402,0.089984561,0.050289828,-0.025571952,0.438892845,1,0.799892268,0.633269146,0.933142711,0.583518246,0.892115196,1,0.936227617,0.913104397,0.676258184,0.83419741,0.90646698,1,0,0,FALSE
471,Put,190,European,6,5,100,105,100,105,100,0.164352139,0.336886474,0.308967566,0.197680007,0.300919099,1,0.118927451,-0.072923418,0.130483883,0.093397475,0.248692174,1,0.094437283,0.098264212,0.065032782,-0.086303513,0.423583771,1,0.777902338,0.644563825,0.997583126,0.591340781,0.83372498,1,0.983932769,0.896593357,0.621150854,0.836733927,0.963104525,1,0,0,FALSE
472,Call,85,European,3,5,100,105,100,100,100,0.323747421,0.159387476,0.150298657,0.238597184,0.230723372,1,0.059097184,-0.132584607,0.096983697,0.098071164,0.245339256,1,0.060365593,0.075037779,0.056031335,-0.064021743,0.460737619,1,0.723458341,0.649052797,0.977641178,0.5532234,0.875072064,1,0.958867855,0.939385685,0.635772119,0.809825325,0.939892763,1,0,0,FALSE
473,Put,95,European,6,5,100,105,100,100,100,0.239360027,0.243285363,0.280444996,0.370708207,0.358818313,1,0.132246324,-0.128724138,0.120788075,0.041285995,0.235989886,1,0.082117563,0.063497937,0.147189383,-0.094202329,0.476844335,1,0.735261665,0.641685275,0.941823303,0.52299928,0.897514947,1,0.962194683,0.915089622,0.653239961,0.840793876,0.959283884,1,0,0,FALSE
474,Call,50,American,0,5,70,105,100,100,100,0.308870979,0.261132938,0.241083606,0.198742759,0.12037612,1,0.058077281,-0.11667439,0.128392191,0.133767383,0.194218356,1,0.080442415,0.071534971,0.096877217,-0.098251924,0.419304973,1,0.755681828,0.602190415,0.948924149,0.508156698,0.809014053,1,0.951917774,0.928260437,0.677551006,0.826299374,0.907532529,1,3,9,TRUE
475,Put,97,European,3,5,80,95,100,100,100,0.422883898,0.197408107,0.332843548,0.364112151,0.39987693,1,0.063332524,-0.167868319,0.03453491,0.110643803,0.182768821,1,0.076092346,0.024463913,0.080885263,-0.073181467,0.486422944,1,0.737705186,0.637235652,0.96389463,0.570050002,0.862651739,1,0.976577394,0.86235393,0.662227037,0.81291382,0.887232706,1,0,0,FALSE
476,Call,85,European,3,5,70,105,100,100,100,0.236597105,0.22661646,0.238605877,0.275812321,0.359129093,1,0.117564308,-0.145409143,0.047059724,0.091112199,0.173944954,1,0.131780247,0.107482115,0.108718654,-0.06671513,0.45382537,1,0.725790124,0.696986132,0.973593229,0.555131543,0.863796671,1,0.962894911,0.879507414,0.625648567,0.798478796,0.881153777,1,0,0,FALSE
477,Put,96,European,6,5,102,105,100,100,100,0.417916271,0.222833515,0.348805295,0.416021525,0.107314003,1,0.074824346,-0.102734945,0.082797514,0.102954599,0.236290131,1,0.105788788,0.053553947,0.137391966,-0.098318205,0.471192079,1,0.713471203,0.664651589,0.955112973,0.529325784,0.868361745,1,0.90163488,0.908683288,0.625098632,0.78388978,0.913427119,1,0,0,FALSE
478,Call,68,American,0,5,70,105,99,100,95,0.177672878,0.429694822,0.311047284,0.322903462,0.336840179,1,0.125744927,-0.119812834,0.128478779,0.067954559,0.22930782,1,0.128859523,0.04786046,0.098684445,-0.02871538,0.435116137,1,0.710416852,0.620332108,0.943485856,0.511565983,0.807016586,1,0.914448928,0.937530643,0.670973659,0.856754413,0.961153563,1,6,9,TRUE
479,Put,142,European,3,5,100,95,70,80,100,0.376330353,0.228338874,0.309619202,0.279819334,0.173292558,1,0.108386685,-0.095307128,0.100016102,0.048273357,0.20205008,1,0.072528706,0.030287125,0.130018987,-0.111576575,0.446387688,1,0.723855961,0.672286498,0.957000475,0.514605732,0.879613149,1,0.985850872,0.916261423,0.673784831,0.814930818,0.958234652,1,0,0,FALSE
480,Call,97,European,3,5,70,105,100,100,100,0.280810087,0.160046708,0.439000365,0.277378121,0.253333252,1,0.093494245,-0.152619253,0.11049474,0.129908174,0.2380308,1,0.136554844,0.107090875,0.073722272,-0.03854042,0.463730683,1,0.711720945,0.613458886,0.932910143,0.558594902,0.821868048,1,0.98358718,0.860117446,0.622893945,0.879222542,0.928362464,1,0,0,FALSE
481,Put,125,European,6,5,102,105,100,100,100,0.338160408,0.432462289,0.366597283,0.395984655,0.285331443,1,0.106590156,-0.094809373,0.062509915,0.101031611,0.248488744,1,0.159940066,0.03172675,0.100969207,-0.035626945,0.474623242,1,0.785226455,0.658843368,0.912119262,0.524037694,0.856696137,1,0.910003582,0.85944422,0.62286931,0.792963337,0.905887172,1,0,0,FALSE
482,Put,135,American,0,5,79,105,100,100,100,0.264084931,0.254690962,0.317645681,0.263916692,0.343159589,1,0.099501666,-0.11189582,0.122976228,0.126235607,0.231501348,1,0.140288407,0.025740627,0.120291909,-0.029638655,0.406187761,1,0.708245105,0.670365001,0.904957333,0.537652437,0.892754443,1,0.933889081,0.88331347,0.687431719,0.879429124,0.880206324,1,3,6,FALSE
483,Put,99,European,6,5,100,105,100,100,100,0.137912157,0.310766433,0.273943501,0.385454133,0.151019883,1,0.130114175,-0.14580752,0.114750577,0.121626962,0.162636077,1,0.157158573,0.056582091,0.13892754,-0.047927139,0.454130333,1,0.777119855,0.625479863,0.918778934,0.570032326,0.832277467,1,0.931204742,0.933332052,0.665699638,0.801677499,0.8863241,1,0,0,FALSE
484,Call,65,American,0,5,70,105,100,100,100,0.216660395,0.300164315,0.176998209,0.368851915,0.387645566,1,0.067553747,-0.132123397,0.059870601,0.13260701,0.185211452,1,0.145540039,0.029378528,0.101966479,-0.072081064,0.440426543,1,0.711179123,0.62739597,0.968460806,0.517133093,0.816822902,1,0.915664557,0.880320194,0.677843653,0.860398976,0.964025439,1,3,9,TRUE
485,Put,97,European,3,5,80,95,100,100,100,0.319885221,0.403788702,0.234953935,0.320545542,0.400357877,1,0.055852182,-0.081339091,0.128674991,0.039393765,0.252412087,1,0.127908075,0.09187106,0.132551973,-0.053084668,0.470561178,1,0.790105688,0.683832051,0.948398682,0.53826768,0.803538719,1,0.952207683,0.942401997,0.595732427,0.859780411,0.905442123,1,0,0,FALSE
486,Call,85,European,3,5,70,105,100,100,100,0.125128602,0.298300267,0.332062889,0.170543971,0.159421596,1,0.100282177,-0.167016982,0.101062844,0.092555929,0.207911288,1,0.140020196,0.072397357,0.078737035,-0.106481158,0.460522324,1,0.725082997,0.684563679,0.993648855,0.537194841,0.896554463,1,0.986329993,0.945460042,0.638466444,0.861549391,0.906658425,1,0,0,FALSE
487,Put,96,European,6,5,102,105,100,100,100,0.357318035,0.245952628,0.365421538,0.400938573,0.195187319,1,0.056363278,-0.150140118,0.094002564,0.106466661,0.227946997,1,0.159655914,0.04177368,0.082182925,-0.081360883,0.46181268,1,0.708112767,0.651051514,0.963629231,0.597976807,0.82541305,1,0.974465216,0.944507522,0.634825406,0.821720822,0.920547763,1,0,0,FALSE
488,Put,97,American,0,5,79,105,100,100,100,0.222467873,0.346677283,0.267567109,0.250945365,0.216724667,1,0.070626281,-0.109058694,0.116264207,0.072054465,0.223400267,1,0.10655987,0.065345794,0.121964653,-0.022778689,0.446755936,1,0.742072024,0.698357719,0.90882927,0.504083261,0.843698243,1,0.916965688,0.868093702,0.591595663,0.837062398,0.898060954,1,9,12,TRUE
489,Call,10,European,3,5,100,100,100,110,100,0.166512929,0.178343101,0.181466501,0.197868622,0.115715725,1,0.130542872,-0.128569877,0.038084165,0.053246299,0.226847612,1,0.090821077,0.097510674,0.081342177,-0.111130141,0.42469823,1,0.71485096,0.639433938,0.980879966,0.57893925,0.888926829,1,0.986588655,0.879766363,0.61610355,0.879816598,0.914253681,1,0,0,FALSE
490,Call,99,European,3,5,100,105,105,100,100,0.28848463,0.231924217,0.314964129,0.345310732,0.22100528,1,0.134413009,-0.161821156,0.0866872,0.099705255,0.24654643,1,0.082928288,0.049340315,0.050165881,-0.03404448,0.453014836,1,0.73112802,0.612999456,0.927806934,0.519354226,0.890534197,1,0.902793657,0.863605463,0.668516411,0.780542368,0.92274204,1,0,0,FALSE
491,Put,190,European,6,5,100,105,100,105,100,0.370849541,0.23520519,0.378263483,0.177393314,0.209411598,1,0.088663841,-0.108473775,0.112813416,0.113846849,0.233305267,1,0.096423556,0.024644034,0.108552661,-0.061275472,0.458073132,1,0.795975587,0.660628434,0.979983977,0.587620194,0.887892341,1,0.932612273,0.937044462,0.637182568,0.817027369,0.900613602,1,0,0,FALSE
492,Call,85,European,3,5,100,105,100,100,100,0.259547174,0.431318766,0.330022484,0.333827659,0.149005091,1,0.1473503,-0.107050512,0.034390869,0.100646185,0.185383659,1,0.144900615,0.060613121,0.105761243,-0.027958634,0.482792156,1,0.770689144,0.663449115,0.997937665,0.505251283,0.818328253,1,0.936907848,0.867071606,0.658606127,0.786376641,0.906407133,1,0,0,FALSE
493,Put,95,European,6,5,100,105,100,100,100,0.407434318,0.241548496,0.228784963,0.379393927,0.260639201,1,0.115888152,-0.138045606,0.123556427,0.036552593,0.165097888,1,0.140080045,0.051959451,0.056367226,-0.07067322,0.487518836,1,0.787110923,0.63368306,0.911763614,0.590395372,0.888847781,1,0.9175988,0.878741676,0.609190065,0.819325408,0.899578211,1,0,0,FALSE
494,Call,50,American,0,5,70,105,100,100,100,0.317935573,0.21458879,0.41274639,0.212585488,0.3305821,1,0.091574076,-0.109044242,0.113695861,0.115489163,0.218955571,1,0.117785714,0.03783935,0.085838089,-0.107578231,0.443879055,1,0.77457156,0.644120571,0.930841296,0.593036759,0.853136653,1,0.931077954,0.854606703,0.671732167,0.875381511,0.903995286,1,3,9,TRUE
495,Put,97,European,3,5,80,95,100,100,100,0.340626988,0.235869949,0.421450468,0.135064438,0.232274538,1,0.137973084,-0.087707483,0.04669535,0.131162379,0.220092766,1,0.091382268,0.087874083,0.080146325,-0.116098187,0.42090932,1,0.723497065,0.655015633,0.998557619,0.588049514,0.820071802,1,0.993831278,0.922948323,0.66555688,0.868788046,0.915333506,1,0,0,FALSE
496,Put,188,European,6,5,100,105,100,105,100,0.213705941,0.354011894,0.174107679,0.220672464,0.177357493,1,0.08396507,-0.164983117,0.119042959,0.117917788,0.165737159,1,0.151890969,0.113746759,0.124405126,-0.046389388,0.457142337,1,0.763854465,0.640793089,0.921839914,0.514027596,0.819531842,1,0.999896658,0.890138869,0.591556792,0.790003607,0.952798663,1,0,0,FALSE
497,Call,58,American,0,5,70,105,99,100,95,0.187676634,0.144661323,0.34838072,0.142813472,0.360369041,1,0.131770669,-0.153957236,0.07156802,0.045084223,0.2554368,1,0.109608167,0.07815442,0.101347398,-0.076961572,0.419591871,1,0.723513819,0.619976075,0.921519228,0.507139852,0.830064371,1,0.961351799,0.949175126,0.632305222,0.798326007,0.877551815,1,6,9,TRUE
498,Put,140,European,3,5,100,95,70,80,100,0.174426138,0.439918562,0.233871704,0.185128614,0.168934057,1,0.108104108,-0.0887434,0.046345407,0.134054733,0.195018579,1,0.092310493,0.106394282,0.050111109,-0.105700238,0.447562194,1,0.753827972,0.697323017,0.938158181,0.599423315,0.840633519,1,0.954915026,0.901058566,0.655362783,0.859791679,0.908749495,1,0,0,FALSE
499,Call,20,European,3,5,70,105,100,100,100,0.400535549,0.197779151,0.318962131,0.37425399,0.16119715,1,0.09678294,-0.141611476,0.04001979,0.071279356,0.21026237,1,0.155466786,0.043236704,0.109442013,-0.025946231,0.467253991,1,0.709672543,0.691103191,0.989114621,0.594843299,0.897498413,1,0.951190457,0.901338091,0.641821818,0.787615927,0.939466432,1,0,0,FALSE
500,Put,120,European,6,5,102,105,100,100,100,0.283505568,0.245125404,0.214915401,0.398522714,0.30300822,1,0.13374635,-0.106193809,0.089973381,0.092300456,0.235947304,1,0.106542499,0.11386116,0.134467956,-0.041473525,0.456514498,1,0.76655584,0.626284962,0.943259587,0.581386478,0.869357617,1,0.982270816,0.939866908,0.595279255,0.869432842,0.895695747,1,0,0,FALSE
501,Put,102,American,0,5,79,105,100,100,100,0.35965425,0.304484391,0.159558775,0.338260845,0.326617087,1,0.056192159,-0.118713925,0.052172119,0.111234027,0.243643764,1,0.130291865,0.048000249,0.121122842,-0.01934144,0.45369365,1,0.768271962,0.634628461,0.990606738,0.517270531,0.816481891,1,0.943659972,0.934758061,0.668587271,0.859426784,0.928584346,1,3,12,FALSE
502,Call,101,European,3,5,100,100,100,100,100,0.324265215,0.339770821,0.377410306,0.305977002,0.170875133,1,0.147086002,-0.155505126,0.132285319,0.078160604,0.255347256,1,0.084144173,0.07089053,0.148605285,-0.027523619,0.498755426,1,0.765382451,0.677645947,0.909363228,0.591323509,0.877743788,1,0.928773959,0.910937924,0.663800635,0.78963779,0.873293461,1,0,0,FALSE
503,Call,78,European,3,5,100,105,100,100,100,0.176382605,0.178996834,0.401362973,0.244450205,0.401134678,1,0.058543622,-0.129051729,0.057636496,0.114275732,0.175998828,1,0.07131056,0.068370524,0.087653319,-0.109788721,0.412564421,1,0.702782935,0.641339983,0.985872008,0.501046604,0.880332548,1,0.900710552,0.880918701,0.605636387,0.835064073,0.897528433,1,0,0,FALSE
504,Put,99,European,6,5,100,105,100,100,100,0.14176107,0.293400291,0.248319835,0.312449344,0.315505522,1,0.148916427,-0.162582558,0.066489995,0.064812115,0.232816351,1,0.127424727,0.067550504,0.112304838,-0.064078356,0.488193868,1,0.713061912,0.612080313,0.915576296,0.541133979,0.845704819,1,0.997294707,0.852411249,0.641058112,0.803094949,0.920923685,1,0,0,FALSE
505,Call,65,American,0,5,70,105,100,100,100,0.292970717,0.310836885,0.326793026,0.232863851,0.208121574,1,0.100743801,-0.098871439,0.109696433,0.067441566,0.183823628,1,0.07733101,0.118401888,0.133750194,-0.027978099,0.485588293,1,0.742769362,0.643343805,0.99638001,0.534951957,0.857446185,1,0.912065347,0.909315613,0.608730425,0.86224002,0.929559292,1,3,9,TRUE
506,Put,97,European,3,5,80,95,100,100,100,0.155969607,0.214791088,0.419035673,0.412296884,0.14772628,1,0.127434331,-0.090202366,0.043406897,0.05550802,0.241923209,1,0.14106644,0.032812481,0.098011744,-0.098223461,0.485858133,1,0.747043938,0.685082404,0.929762065,0.577823277,0.823265387,1,0.992578178,0.949194233,0.640731872,0.786700307,0.875714029,1,0,0,FALSE
507,Call,85,European,3,5,70,105,100,100,100,0.206899495,0.285607958,0.426239363,0.365054365,0.392671158,1,0.066956605,-0.126579614,0.127662605,0.090030213,0.16240732,1,0.098250479,0.077379989,0.094705056,-0.076740045,0.448485286,1,0.77561559,0.628176256,0.918526039,0.558153808,0.877334347,1,0.97046221,0.939272375,0.620152295,0.789736271,0.945284983,1,0,0,FALSE
508,Put,96,European,6,5,102,105,100,100,100,0.226689892,0.347537282,0.161865342,0.408038334,0.360754554,1,0.076597151,-0.139621831,0.116161703,0.100985615,0.215799222,1,0.152574494,0.077374207,0.095741398,-0.081991761,0.449371832,1,0.791557082,0.647113921,0.952115157,0.545686481,0.846424141,1,0.915247678,0.872438402,0.638341335,0.784286245,0.87721126,1,0,0,FALSE
509,Put,97,American,0,5,79,105,100,100,100,0.27258428,0.164795569,0.382458993,0.404334866,0.199494871,1,0.081526179,-0.156279484,0.127405302,0.067358512,0.249281732,1,0.148189251,0.078209796,0.145007251,-0.066859113,0.447142064,1,0.747688853,0.607232422,0.956390165,0.510629842,0.816809921,1,0.90554058,0.917526893,0.669063177,0.837630183,0.945247809,1,9,12,TRUE
510,Call,10,European,3,5,100,100,100,110,100,0.15060099,0.301513344,0.373008896,0.331191987,0.344030872,1,0.136158298,-0.120552858,0.099490672,0.12479317,0.211080078,1,0.070252871,0.122807727,0.051151817,-0.020064047,0.489944746,1,0.767392021,0.67531207,0.994233644,0.519430761,0.85515637,1,0.919995914,0.924176036,0.681871953,0.791892284,0.957604811,1,0,0,FALSE
511,Call,99,European,3,5,100,105,105,100,100,0.252027937,0.302944028,0.207235829,0.183677363,0.245428811,1,0.057172036,-0.146356297,0.044309769,0.126621701,0.194934957,1,0.130938095,0.067383856,0.050248886,-0.087296137,0.49081556,1,0.772760579,0.61718165,0.960991944,0.533526869,0.867696243,1,0.975374347,0.877019121,0.682746754,0.835400829,0.931572892,1,0,0,FALSE
512,Put,190,European,6,5,100,105,100,105,100,0.405434046,0.167629959,0.297563537,0.390480236,0.187838487,1,0.096004709,-0.15134276,0.095546407,0.075977627,0.179135813,1,0.09387719,0.101606687,0.063664826,-0.108035393,0.418627228,1,0.770390995,0.657969197,0.957460207,0.527278922,0.824833554,1,0.974162966,0.916025293,0.66188524,0.873398076,0.917127556,1,0,0,FALSE
513,Call,68,American,0,5,70,105,99,100,95,0.148508564,0.309418484,0.3855863,0.344139695,0.274076619,1,0.107869259,-0.157596733,0.12195207,0.098554853,0.222986145,1,0.062945096,0.12068339,0.050554974,-0.075919019,0.464241224,1,0.790497496,0.626101573,0.957102942,0.510555026,0.878271159,1,0.984397677,0.856097724,0.678926777,0.863203188,0.888145732,1,6,9,TRUE
514,Put,142,European,3,5,100,95,70,80,100,0.408327654,0.428297453,0.154193285,0.394622001,0.116406204,1,0.136787695,-0.097794345,0.07359927,0.063510659,0.256667891,1,0.144991318,0.035490208,0.080484795,-0.113350739,0.435643339,1,0.705213851,0.605849034,0.985515807,0.546836655,0.841675916,1,0.998107708,0.858782871,0.670116906,0.821164814,0.954845287,1,0,0,FALSE
515,Call,97,European,3,5,70,105,100,100,100,0.292918441,0.362609312,0.261194796,0.301027963,0.306395838,1,0.137401483,-0.124441103,0.039481691,0.04240275,0.198192484,1,0.156435578,0.083844457,0.065479711,-0.042930834,0.41293011,1,0.726078238,0.686620645,0.916343775,0.573917135,0.882906651,1,0.957511969,0.938569894,0.626029878,0.850837492,0.87851303,1,0,0,FALSE
516,Put,125,European,6,5,102,105,100,100,100,0.327564098,0.350341097,0.379373735,0.314050818,0.103731182,1,0.061542713,-0.163944281,0.125217574,0.047015713,0.19574439,1,0.07371445,0.11684575,0.108763973,-0.085130602,0.423223831,1,0.782914523,0.608452765,0.940343516,0.561229241,0.830291384,1,0.960236017,0.883840604,0.666667833,0.870907377,0.958236388,1,0,0,FALSE
517,Put,135,American,0,5,79,105,100,100,100,0.276595194,0.403979172,0.337660812,0.140149791,0.398707955,1,0.061102754,-0.16343887,0.051807276,0.094109027,0.248770669,1,0.10962668,0.028562495,0.077897154,-0.02150712,0.474968968,1,0.775209273,0.61475168,0.98610593,0.543594454,0.831781335,1,0.97297723,0.85310196,0.614048571,0.808650981,0.951441505,1,3,6,FALSE
518,Put,99,European,6,5,100,105,100,100,100,0.253135188,0.209060789,0.184710012,0.263626491,0.308575753,1,0.059654917,-0.122044263,0.07106328,0.073424807,0.209419082,1,0.126134553,0.048401162,0.132281566,-0.088031115,0.482370967,1,0.789590801,0.611103807,0.956249109,0.579197997,0.804871932,1,0.963804418,0.878685291,0.632484329,0.862972291,0.939273429,1,0,0,FALSE
519,Call,65,American,0,5,70,105,100,100,100,0.320142489,0.273645755,0.179272597,0.155251918,0.305308469,1,0.050224912,-0.103757196,0.079984222,0.049183524,0.253629636,1,0.116598697,0.113911359,0.085935091,-0.081699905,0.495437216,1,0.791832488,0.619595708,0.940182121,0.565863823,0.857008485,1,0.949788785,0.920932316,0.616357901,0.855358875,0.872575434,1,3,9,TRUE
520,Put,97,European,3,5,80,95,100,100,100,0.164600056,0.384832509,0.397709179,0.302188605,0.193562548,1,0.055440216,-0.130165605,0.075603079,0.131921304,0.165253416,1,0.060483079,0.053618962,0.102577784,-0.028862515,0.429891975,1,0.749407703,0.677705128,0.929203162,0.501129465,0.811492975,1,0.970632478,0.90275859,0.657735819,0.804894335,0.929684926,1,0,0,FALSE
521,Call,85,European,3,5,70,105,100,100,100,0.180235995,0.397208071,0.232362569,0.169412066,0.380529813,1,0.122626038,-0.073091792,0.046558246,0.064136844,0.199733084,1,0.130577064,0.059605147,0.073432618,-0.118580773,0.471316844,1,0.797782489,0.615282677,0.924183679,0.598264634,0.859036016,1,0.978236681,0.932164874,0.653925378,0.78774682,0.878700888,1,0,0,FALSE
522,Put,96,European,6,5,102,105,100,100,100,0.207609742,0.268915909,0.289303428,0.380807343,0.107852021,1,0.097328296,-0.098790683,0.042928943,0.067476156,0.183380394,1,0.090676451,0.118390694,0.058133038,-0.061693465,0.425295942,1,0.714722086,0.622050335,0.959358365,0.50278649,0.862286148,1,0.954019028,0.925774493,0.60835332,0.788708393,0.884285782,1,0,0,FALSE
523,Put,97,American,0,5,79,105,100,100,100,0.415404626,0.32695979,0.177909181,0.413684463,0.238955141,1,0.121526083,-0.164275972,0.097773351,0.068143535,0.234480342,1,0.1221879,0.102126317,0.052376226,-0.03535903,0.465012577,1,0.79164971,0.656774774,0.996502745,0.559167693,0.879701633,1,0.973029372,0.868683357,0.607632989,0.791663326,0.917181231,1,9,12,TRUE
524,Call,10,European,3,5,100,100,100,110,100,0.325051112,0.375601689,0.374910401,0.139873343,0.121963451,1,0.108420592,-0.0713215,0.094681568,0.073026096,0.211238321,1,0.067485246,0.106040758,0.057704532,-0.098615517,0.458701386,1,0.706827856,0.6871932,0.970738507,0.536368578,0.857454401,1,0.948248465,0.945950694,0.636508232,0.789462287,0.919848856,1,0,0,FALSE
525,Call,99,European,3,5,100,105,105,100,100,0.31915119,0.234764158,0.370693597,0.405625242,0.39916801,1,0.124337486,-0.125632724,0.074623344,0.046979836,0.256940015,1,0.099813574,0.041674952,0.148262629,-0.035853559,0.498513946,1,0.799797057,0.608847906,0.971453718,0.549804776,0.893735719,1,0.97863632,0.945252177,0.630546265,0.804317169,0.93475411,1,0,0,FALSE
526,Put,190,European,6,5,100,105,100,105,100,0.228684441,0.192014185,0.383762547,0.232582314,0.214886664,1,0.138652876,-0.078918786,0.052467865,0.094415541,0.233658888,1,0.084633964,0.036928509,0.121307904,-0.027426701,0.418218794,1,0.709468345,0.619692946,0.950386989,0.557331163,0.81833713,1,0.921485026,0.868130107,0.666767605,0.7935843,0.933792729,1,0,0,FALSE
527,Call,85,European,3,5,100,105,100,100,100,0.187727179,0.177474568,0.222472393,0.423874866,0.120017441,1,0.116211662,-0.113818791,0.0852982,0.039537928,0.161161684,1,0.079062592,0.064880323,0.108913982,-0.055805456,0.477828774,1,0.79154825,0.608413844,0.920202643,0.564084744,0.898528037,1,0.916616854,0.904763412,0.619102076,0.818992447,0.96949659,1,0,0,FALSE
528,Put,95,European,6,5,100,105,100,100,100,0.240010951,0.189075812,0.305594821,0.408720814,0.295281027,1,0.092126894,-0.132802652,0.042936406,0.047933319,0.227382734,1,0.134419087,0.11267901,0.110054208,-0.099734884,0.459646921,1,0.78360922,0.641860456,0.940673248,0.588174704,0.882170894,1,0.990711042,0.927876292,0.678979148,0.868758071,0.921690178,1,0,0,FALSE
529,Call,50,American,0,5,70,105,100,100,100,0.254367519,0.269176472,0.306806388,0.371801717,0.375641934,1,0.124729197,-0.14647002,0.039451627,0.058223613,0.211938628,1,0.156231904,0.114665552,0.142412386,-0.02356933,0.425055645,1,0.799648911,0.618610394,0.994735053,0.585643695,0.841322087,1,0.977303658,0.881449824,0.600253442,0.820389311,0.909266906,1,3,9,TRUE
530,Put,97,European,3,5,80,95,100,100,100,0.388598602,0.192509932,0.388886438,0.16696223,0.400075761,1,0.138338523,-0.140111024,0.067645566,0.108420194,0.242788988,1,0.110222931,0.108614835,0.144939348,-0.067515934,0.485640638,1,0.709033387,0.667437734,0.912947279,0.567011023,0.84313731,1,0.987252832,0.853644773,0.676363054,0.866125239,0.946974328,1,0,0,FALSE
531,Call,85,European,3,5,70,105,100,100,100,0.375934666,0.37484923,0.40095834,0.415499768,0.339811359,1,0.127478008,-0.097575547,0.133035633,0.048899092,0.223053901,1,0.06570056,0.067968656,0.136757306,-0.094756397,0.417160005,1,0.77339637,0.640520706,0.932944452,0.550848731,0.893434223,1,0.920662624,0.860514095,0.641877716,0.83094474,0.942981298,1,0,0,FALSE
532,Put,96,European,6,5,102,105,100,100,100,0.148857903,0.248257961,0.341723163,0.283595414,0.235094183,1,0.107636485,-0.099881967,0.046501363,0.107812223,0.213993924,1,0.086294047,0.035116158,0.052940605,-0.068139542,0.404269361,1,0.736778316,0.637161498,0.934814399,0.599018783,0.807355104,1,0.981156122,0.884631873,0.641575223,0.846727529,0.87423048,1,0,0,FALSE
533,Put,89,American,0,5,79,105,100,100,100,0.377082987,0.20455668,0.446717507,0.280067698,0.194813901,1,0.108460869,-0.109761765,0.112388522,0.124927131,0.248645126,1,0.125222014,0.0874939,0.058471174,-0.052173656,0.457829222,1,0.763125568,0.696793433,0.941206639,0.556636026,0.869613792,1,0.914747679,0.914358323,0.597971918,0.833293873,0.898811421,1,9,12,TRUE
534,Call,40,European,3,5,100,100,100,110,100,0.414450497,0.323033258,0.387087418,0.231600838,0.371695072,1,0.079981911,-0.078929769,0.10636846,0.093678837,0.206179681,1,0.117413068,0.113965742,0.112445812,-0.041092975,0.478178744,1,0.709998052,0.615524575,0.929489539,0.517142447,0.889022731,1,0.987453283,0.876151229,0.683241931,0.836878641,0.920653323,1,0,0,FALSE
535,Call,97,European,3,5,100,105,105,100,100,0.224516005,0.399745179,0.296420453,0.322267344,0.227869722,1,0.085820734,-0.122034149,0.044154534,0.134904829,0.193379224,1,0.151779206,0.089095675,0.065897962,-0.074402404,0.455532077,1,0.773603852,0.627413812,0.901380027,0.555218674,0.834007585,1,0.915688521,0.921827184,0.652322182,0.846566345,0.935566048,1,0,0,FALSE
536,Put,188,European,6,5,100,105,100,105,100,0.387993845,0.345133395,0.284680322,0.185555844,0.258147908,1,0.133285778,-0.12616812,0.074595256,0.135874596,0.196101161,1,0.143653603,0.056302624,0.091591468,-0.061124156,0.423337209,1,0.767150688,0.600215161,0.902265369,0.542941432,0.837838479,1,0.948336783,0.906610851,0.647472786,0.857577797,0.899671507,1,0,0,FALSE
537,Call,58,American,0,5,70,105,99,100,95,0.164751364,0.368891753,0.337420601,0.332690706,0.201628518,1,0.051570004,-0.165146525,0.050562785,0.077785815,0.195062649,1,0.143779271,0.093899686,0.050351264,-0.088737515,0.404007144,1,0.782697732,0.694448043,0.927374257,0.514522472,0.806402661,1,0.917397573,0.85932473,0.643682986,0.788716401,0.923068448,1,6,9,TRUE
538,Put,140,European,3,5,100,95,70,80,100,0.264268375,0.301803548,0.196371534,0.2797165,0.3958306,1,0.067283662,-0.144678637,0.035981418,0.053104814,0.178275321,1,0.061372279,0.064714878,0.147092442,-0.055811627,0.490052591,1,0.766448283,0.667082971,0.901211101,0.506914258,0.842573389,1,0.983007272,0.850099641,0.662574465,0.789958976,0.903162086,1,0,0,FALSE
539,Call,20,European,3,5,70,105,100,100,100,0.399963307,0.347556382,0.231481471,0.183405784,0.210044052,1,0.131538958,-0.083158331,0.106637496,0.037352688,0.256439892,1,0.13668296,0.10058529,0.069805024,-0.025818296,0.498510818,1,0.750960713,0.688134651,0.950458453,0.587775593,0.873356238,1,0.96397549,0.902603876,0.60061851,0.792804116,0.893330473,1,0,0,FALSE
540,Put,120,European,6,5,102,105,100,100,100,0.255855918,0.307269521,0.291677205,0.245408213,0.29609172,1,0.054122865,-0.093113906,0.106878222,0.052915729,0.226946024,1,0.08398115,0.037283529,0.116520104,-0.116532107,0.44475813,1,0.740455467,0.643917646,0.923397714,0.59885591,0.808191499,1,0.979856572,0.872665499,0.664640055,0.827018185,0.905127836,1,0,0,FALSE
541,Put,102,American,0,5,79,105,100,100,100,0.240583866,0.307294421,0.400617772,0.291656318,0.210395076,1,0.064107342,-0.131186715,0.063983625,0.080648047,0.196351873,1,0.097068903,0.086473007,0.133480171,-0.057689921,0.411342578,1,0.759111223,0.616382623,0.965679257,0.519957992,0.880701343,1,0.910472291,0.857524715,0.597811858,0.816571082,0.921359848,1,3,12,FALSE
542,Call,101,European,3,5,100,100,100,100,100,0.291651022,0.377336623,0.257979435,0.334387701,0.19594078,1,0.140796016,-0.109921225,0.111602416,0.059310332,0.241938151,1,0.137695256,0.038873753,0.108220181,-0.050372345,0.433937564,1,0.729156705,0.661389632,0.979483553,0.537841773,0.846336901,1,0.914229944,0.92784939,0.642287204,0.825408515,0.884132011,1,0,0,FALSE
543,Call,78,European,3,5,100,105,100,100,100,0.402878354,0.421102734,0.354955365,0.380984727,0.242960763,1,0.121892252,-0.123268113,0.078514737,0.078556805,0.236673727,1,0.107397071,0.054767639,0.117336208,-0.110081616,0.462292858,1,0.705493099,0.675731607,0.953360887,0.500617403,0.830029735,1,0.977531671,0.920674613,0.618986449,0.82324544,0.939266824,1,0,0,FALSE
544,Put,99,European,6,5,100,105,100,100,100,0.403184592,0.436082751,0.37440469,0.256204814,0.345983515,1,0.112058778,-0.123621167,0.075952898,0.099951552,0.224323045,1,0.086660956,0.092410272,0.116937203,-0.101395476,0.415228726,1,0.773186895,0.698406006,0.998665988,0.543315002,0.855806007,1,0.994274562,0.904881245,0.641629432,0.78867114,0.968271215,1,0,0,FALSE
545,Call,65,American,0,5,70,105,100,100,100,0.271186021,0.206790529,0.196106382,0.427971833,0.140215697,1,0.140285369,-0.129047519,0.092596863,0.048262696,0.232352553,1,0.089748724,0.073187915,0.117778879,-0.028452009,0.411021628,1,0.711094075,0.699521897,0.920246005,0.596361872,0.85372772,1,0.936888181,0.905807993,0.602417037,0.847257233,0.893431892,1,3,9,TRUE
546,Put,97,European,3,5,80,95,100,100,100,0.298166441,0.398687171,0.396186977,0.171076756,0.386886408,1,0.143523846,-0.122176785,0.037554635,0.073480803,0.241441809,1,0.080693303,0.035600341,0.063105735,-0.079354905,0.427207443,1,0.785876226,0.651575166,0.92306929,0.573502153,0.803157852,1,0.944010265,0.853661272,0.669346931,0.804378529,0.910762363,1,0,0,FALSE
547,Call,85,European,3,5,70,105,100,100,100,0.383713633,0.374317882,0.160160875,0.218154345,0.272277991,1,0.088401121,-0.165651207,0.044487798,0.115969643,0.165505715,1,0.139651622,0.062280923,0.111129363,-0.102378594,0.418424938,1,0.710928687,0.607622744,0.915503096,0.500766802,0.829106074,1,0.949295787,0.880827307,0.626005648,0.805558872,0.959582847,1,0,0,FALSE
548,Put,96,European,6,5,102,105,100,100,100,0.293901041,0.268596292,0.183245775,0.272058787,0.299658728,1,0.0882576,-0.13463673,0.133748492,0.053147169,0.220201883,1,0.159088341,0.049777612,0.076592746,-0.034825046,0.472504265,1,0.796972129,0.681722597,0.931277468,0.555938535,0.816463496,1,0.951952397,0.905481297,0.593429746,0.786155554,0.951589024,1,0,0,FALSE
549,Put,97,American,0,5,79,105,100,100,100,0.368666249,0.395409471,0.39298245,0.314552456,0.24062747,1,0.131430957,-0.163938722,0.068238617,0.090303936,0.221375154,1,0.149486388,0.036858314,0.14102458,-0.0896879,0.439919302,1,0.723594604,0.649047894,0.93473279,0.555734008,0.864675559,1,0.962565693,0.897089942,0.610835403,0.786944617,0.91646302,1,9,12,TRUE
550,Call,10,European,3,5,100,100,100,110,100,0.217044517,0.432459186,0.156299814,0.291988361,0.380770156,1,0.126971521,-0.160209458,0.060466502,0.062529202,0.171253619,1,0.111379999,0.07321377,0.076152913,-0.114701556,0.45239329,1,0.704933187,0.634766306,0.961553008,0.535920794,0.899321521,1,0.942822142,0.915433968,0.614489689,0.863813728,0.96903425,1,0,0,FALSE
551,Call,99,European,3,5,100,105,105,100,100,0.26643072,0.419585446,0.432611774,0.19965014,0.246399807,1,0.101422947,-0.116958946,0.061066664,0.072493272,0.22276308,1,0.132770836,0.112312827,0.078398484,-0.067225442,0.413631392,1,0.795828673,0.658852455,0.962183978,0.501443607,0.854736131,1,0.993972053,0.850392641,0.595579449,0.875911495,0.874632651,1,0,0,FALSE
552,Put,190,European,6,5,100,105,100,105,100,0.233358573,0.192747682,0.294043759,0.377063454,0.103549517,1,0.099188393,-0.143329187,0.081177517,0.053110576,0.212250086,1,0.092365965,0.046974779,0.062411118,-0.054119507,0.482191505,1,0.748989844,0.673115134,0.956583801,0.583832383,0.823510538,1,0.914293811,0.925035118,0.643272233,0.867435573,0.956564484,1,0,0,FALSE
553,Call,68,American,0,5,70,105,99,100,95,0.179515401,0.432486468,0.443039467,0.351363448,0.249991035,1,0.102764054,-0.110696092,0.13343628,0.070006968,0.17384343,1,0.120527784,0.06387712,0.132977769,-0.032910604,0.42912732,1,0.728995599,0.684132232,0.916196486,0.55973142,0.832582602,1,0.916976642,0.93214551,0.678859676,0.816629909,0.897152036,1,6,9,TRUE
554,Put,142,European,3,5,100,95,70,80,100,0.325142634,0.254479812,0.350613233,0.392562978,0.357457798,1,0.088443306,-0.147686975,0.064103508,0.091006323,0.200913572,1,0.111382885,0.055416001,0.135164029,-0.036716891,0.420620416,1,0.781758812,0.610607745,0.996934632,0.576708828,0.843657731,1,0.934538994,0.905171997,0.594853841,0.821346789,0.921265877,1,0,0,FALSE
555,Call,97,European,3,5,70,105,100,100,100,0.175424955,0.307115596,0.256967252,0.232971775,0.104456019,1,0.146128606,-0.161175095,0.051395895,0.090295428,0.200654104,1,0.080655499,0.096987618,0.051049837,-0.039931724,0.497842376,1,0.738079341,0.68898784,0.977484872,0.520948946,0.836877715,1,0.988745848,0.925979396,0.660434603,0.785583645,0.914133192,1,0,0,FALSE
556,Put,125,European,6,5,102,105,100,100,100,0.143728501,0.34831907,0.283452304,0.32660512,0.264980846,1,0.124643927,-0.079827386,0.10597532,0.061899706,0.175623748,1,0.128935804,0.119755917,0.052994299,-0.067072603,0.488674685,1,0.799317378,0.600574194,0.992886227,0.536145727,0.873213978,1,0.946607498,0.900282123,0.651613962,0.873982697,0.876982298,1,0,0,FALSE
557,Put,135,American,0,5,79,105,100,100,100,0.406122671,0.183578852,0.268684313,0.191807936,0.153230454,1,0.085874777,-0.106028599,0.052949004,0.113269763,0.221564876,1,0.13469691,0.078991337,0.059618283,-0.046299173,0.457159315,1,0.730049483,0.68083787,0.919292884,0.585954909,0.854014406,1,0.926345934,0.876520208,0.654341845,0.803760826,0.913879097,1,3,6,FALSE
558,Put,99,European,6,5,100,105,100,100,100,0.196575732,0.358350463,0.300388129,0.26793235,0.194551858,1,0.088542548,-0.159493506,0.098613238,0.084128747,0.233981301,1,0.159740625,0.09533766,0.083339679,-0.04680316,0.40670095,1,0.706090794,0.680689484,0.949023821,0.595712369,0.8730461,1,0.900894995,0.901925972,0.661324412,0.836806381,0.875869141,1,0,0,FALSE
559,Call,65,American,0,5,70,105,100,100,100,0.41575196,0.339459719,0.389498541,0.243686367,0.103936774,1,0.075536555,-0.071856094,0.077491668,0.082771027,0.212840401,1,0.089843704,0.108385964,0.118534796,-0.107640243,0.439052139,1,0.797894521,0.611402746,0.936910583,0.599396128,0.813966768,1,0.941919395,0.938781577,0.679264683,0.873631992,0.960066489,1,3,9,TRUE
560,Put,97,European,3,5,80,95,100,100,100,0.250411073,0.396075479,0.168458405,0.363875035,0.207089648,1,0.138545879,-0.081790776,0.090892759,0.106704032,0.259066054,1,0.086737304,0.103850595,0.145432149,-0.089590396,0.465462852,1,0.771159395,0.674083523,0.922199752,0.53594903,0.884520534,1,0.913300922,0.923605316,0.611507466,0.823839784,0.956342464,1,0,0,FALSE
561,Call,85,European,3,5,70,105,100,100,100,0.317555057,0.362072497,0.218221117,0.322696615,0.19500273,1,0.107495514,-0.149214573,0.073714534,0.131795491,0.175302361,1,0.151122097,0.048791553,0.147075054,-0.106783181,0.401486699,1,0.73842915,0.644014436,0.9086464,0.598469843,0.841499384,1,0.978056615,0.874585723,0.615713932,0.877404756,0.923498608,1,0,0,FALSE
562,Put,96,European,6,5,102,105,100,100,100,0.13501083,0.295598332,0.372235235,0.255258153,0.279429936,1,0.061496203,-0.0704079,0.082179662,0.069090873,0.234382729,1,0.100284906,0.06324716,0.124661765,-0.053086837,0.440284392,1,0.783065493,0.629765522,0.932016277,0.55263415,0.843422226,1,0.940474548,0.875757206,0.598609385,0.815371544,0.908857488,1,0,0,FALSE
563,Put,97,American,0,5,79,105,100,100,100,0.239704763,0.166029206,0.286530524,0.22417345,0.205206781,1,0.089408888,-0.091537327,0.085752031,0.13250323,0.225511398,1,0.0997661,0.076969952,0.109939713,-0.027898054,0.458481029,1,0.767096225,0.629250605,0.920396494,0.500563861,0.869814895,1,0.968664854,0.919864707,0.618451796,0.837705915,0.906960776,1,9,12,TRUE
564,Call,10,European,3,5,100,100,100,110,100,0.270043696,0.324950349,0.338933429,0.417792927,0.190180792,1,0.050269023,-0.155105193,0.115674993,0.068047091,0.20406015,1,0.130225687,0.108980607,0.099067373,-0.032387295,0.488936791,1,0.72536148,0.670281636,0.907147571,0.550936157,0.871334215,1,0.920903479,0.896136078,0.684956097,0.820563403,0.960886614,1,0,0,FALSE
565,Call,99,European,3,5,100,105,105,100,100,0.191602366,0.333661213,0.180242626,0.227197431,0.219420219,1,0.056214363,-0.12044427,0.068837154,0.036430308,0.194956085,1,0.143087652,0.0802629,0.139313125,-0.044828553,0.445780585,1,0.741695206,0.669358203,0.922772575,0.52114665,0.832461612,1,0.985053835,0.912757103,0.666349453,0.834160424,0.887728657,1,0,0,FALSE
566,Put,190,European,6,5,100,105,100,105,100,0.389646005,0.199202998,0.355769192,0.200457876,0.161506939,1,0.053084599,-0.081622746,0.053252726,0.090806677,0.244060371,1,0.120963077,0.121362238,0.106241687,-0.045942065,0.48000064,1,0.724590256,0.651147973,0.955374553,0.528679891,0.803771803,1,0.908300421,0.923665252,0.623937378,0.87397499,0.8785915,1,0,0,FALSE
567,Call,85,European,3,5,100,105,100,100,100,0.353824781,0.355201098,0.309906314,0.203786957,0.29538708,1,0.073039473,-0.08127602,0.104525659,0.104065823,0.252173929,1,0.141258678,0.120798542,0.050792722,-0.11118488,0.431070952,1,0.721686107,0.637366371,0.967541294,0.591448166,0.825920817,1,0.970225189,0.889884563,0.647216096,0.798965872,0.944163879,1,0,0,FALSE
568,Put,95,European,6,5,100,105,100,100,100,0.296964384,0.316325609,0.191393873,0.186870166,0.216877986,1,0.084634319,-0.106382577,0.052650415,0.040947906,0.164885784,1,0.068428659,0.102897247,0.133277542,-0.042678498,0.441655108,1,0.722443204,0.680170291,0.962511767,0.536233227,0.822941042,1,0.928393252,0.927111333,0.624477198,0.793972477,0.96032613,1,0,0,FALSE
569,Call,50,American,0,5,70,105,100,100,100,0.382201383,0.356939101,0.32381619,0.304057416,0.123077249,1,0.07648935,-0.14216388,0.119975288,0.054045966,0.23076718,1,0.109549794,0.03695319,0.116179437,-0.107864302,0.447074515,1,0.714769292,0.682004096,0.956705688,0.596514244,0.885581642,1,0.998958559,0.857073665,0.650437915,0.847032428,0.962332219,1,3,9,TRUE
570,Put,97,European,3,5,80,95,100,100,100,0.166854545,0.401857841,0.204166628,0.432392979,0.301881077,1,0.110942035,-0.125952946,0.057222122,0.052321474,0.221263447,1,0.14000528,0.066126956,0.120354,-0.079837894,0.479212402,1,0.799184924,0.621805195,0.936359882,0.561906342,0.877461992,1,0.927066296,0.911949863,0.591255809,0.809565595,0.927511155,1,0,0,FALSE
571,Call,85,European,3,5,70,105,100,100,100,0.273881491,0.201018047,0.331038219,0.36154665,0.172231434,1,0.057583672,-0.163610544,0.047678977,0.094317965,0.249706753,1,0.061304003,0.0856079,0.116385922,-0.027689239,0.42847467,1,0.714565277,0.663111215,0.919598386,0.536705669,0.885043733,1,0.947290094,0.932378067,0.619208882,0.809719806,0.930555976,1,0,0,FALSE
572,Put,96,European,6,5,102,105,100,100,100,0.186918816,0.170079376,0.341454745,0.210415081,0.231327606,1,0.080229393,-0.152291516,0.096712406,0.067157003,0.173267903,1,0.142698879,0.08094418,0.113080308,-0.060273195,0.456707632,1,0.763828147,0.605671139,0.951607963,0.575110225,0.891735868,1,0.949079951,0.935525728,0.624826103,0.824196702,0.952002244,1,0,0,FALSE
573,Call,100,European,3,5,100,100,100,100,100,0.180673189,0.165355006,0.355568218,0.309302547,0.161984585,1,0.089274184,-0.105309037,0.122647912,0.094334477,0.242818373,1,0.083185419,0.034884496,0.08837554,-0.109888666,0.418326623,1,0.718966388,0.632268635,0.973341658,0.526858292,0.891316194,1,0.942326396,0.887915701,0.618823759,0.804690363,0.965609177,1,0,0,FALSE
574,Call,85,European,3,5,100,105,100,100,100,0.288474193,0.432737347,0.193530523,0.362549026,0.202643412,1,0.103298257,-0.168218925,0.048988169,0.107880902,0.187143445,1,0.101002577,0.122369555,0.089168263,-0.037287271,0.40778989,1,0.740181462,0.699349959,0.961498346,0.542176352,0.893108648,1,0.957890687,0.858141576,0.632893818,0.796151484,0.932199453,1,0,0,FALSE
575,Put,95,European,6,5,100,105,100,100,100,0.15212097,0.30074922,0.324378086,0.152346563,0.239510421,1,0.054657754,-0.146336657,0.037080022,0.036156864,0.200213168,1,0.141697426,0.117394786,0.123130422,-0.05934084,0.439833245,1,0.707196919,0.689897628,0.908150006,0.56234561,0.875941787,1,0.904680484,0.907991341,0.598479929,0.841649363,0.960459979,1,0,0,FALSE
576,Call,50,American,0,5,70,105,100,100,100,0.355944756,0.422439461,0.322328808,0.287135409,0.148459446,1,0.106080435,-0.121492878,0.093868217,0.073705081,0.204533977,1,0.102476872,0.047691755,0.072824362,-0.035155968,0.422389416,1,0.721279021,0.618131119,0.950040724,0.532566323,0.810698491,1,0.998597956,0.856422459,0.64170051,0.82608681,0.951254825,1,3,9,TRUE
577,Put,97,European,3,5,80,95,100,100,100,0.185841179,0.189985961,0.360813681,0.263713919,0.176154451,1,0.102593113,-0.14534357,0.06546798,0.0672852,0.197075056,1,0.138771003,0.051953718,0.115048609,-0.090812267,0.451221549,1,0.79411784,0.622527388,0.90098387,0.565136395,0.81881843,1,0.976929628,0.866102792,0.606452573,0.803041709,0.905843509,1,0,0,FALSE
578,Call,85,European,3,5,70,105,100,100,100,0.207153884,0.35674416,0.344678741,0.153876582,0.334290254,1,0.052065871,-0.082075597,0.076499831,0.102535676,0.168258847,1,0.060802807,0.08747971,0.065186238,-0.118197416,0.40574671,1,0.768077299,0.644149308,0.994230447,0.531490726,0.892568613,1,0.915012038,0.94596623,0.64530868,0.807348414,0.963904982,1,0,0,FALSE
579,Put,96,European,6,5,102,105,100,100,100,0.227529376,0.226056257,0.433269533,0.279945631,0.265409718,1,0.117425075,-0.115993141,0.102861366,0.109334658,0.191222841,1,0.061734879,0.073745814,0.119760063,-0.089253566,0.411119659,1,0.731355617,0.687717206,0.988489893,0.587752918,0.837687834,1,0.911350517,0.88636814,0.674287792,0.805625709,0.946433848,1,0,0,FALSE
580,Put,89,American,0,5,79,105,100,100,100,0.379358664,0.382370307,0.253011128,0.144940803,0.220860765,1,0.141710567,-0.151370666,0.034286335,0.094613982,0.253586412,1,0.128650457,0.105034868,0.078334484,-0.050216054,0.463671344,1,0.762140038,0.661649589,0.978768734,0.506797408,0.84634211,1,0.96455587,0.851798402,0.646987022,0.856794843,0.914156636,1,9,12,TRUE
581,Call,40,European,3,5,100,100,100,110,100,0.144277255,0.26499147,0.256967472,0.261444891,0.120810329,1,0.088629062,-0.129755903,0.103739751,0.085304854,0.229722599,1,0.145988005,0.076746895,0.079016893,-0.090210112,0.483974927,1,0.780998481,0.608296348,0.907975636,0.593415824,0.879687234,1,0.978402225,0.853374651,0.60434285,0.809132457,0.904531452,1,0,0,FALSE
582,Call,97,European,3,5,100,105,105,100,100,0.139266208,0.210314832,0.408459214,0.184096802,0.159194515,1,0.099594089,-0.102048111,0.071495366,0.080169074,0.255130368,1,0.09297678,0.032495481,0.078330681,-0.080126507,0.429877561,1,0.743389957,0.676511379,0.950538385,0.520073325,0.847464148,1,0.98060897,0.876480795,0.685498485,0.841933425,0.893992707,1,0,0,FALSE
583,Put,188,European,6,5,100,105,100,105,100,0.143816291,0.419756187,0.305056838,0.139666155,0.383536777,1,0.099374999,-0.142256158,0.054663188,0.093392938,0.178602652,1,0.135708738,0.03734817,0.124774398,-0.019261278,0.478844943,1,0.769107866,0.607494188,0.931181645,0.53077484,0.891288908,1,0.972576797,0.869209217,0.653756177,0.825209266,0.922211414,1,0,0,FALSE
584,Call,58,American,0,5,70,105,99,100,95,0.404164332,0.156713834,0.376809933,0.218161579,0.241746642,1,0.107883325,-0.160504397,0.056975811,0.069492311,0.226563662,1,0.138093759,0.067287924,0.05047138,-0.048567093,0.47336733,1,0.785923336,0.685193102,0.986065774,0.587059367,0.856181213,1,0.96051447,0.906010657,0.665815709,0.790512843,0.935541326,1,6,9,TRUE
585,Put,140,European,3,5,100,95,70,80,100,0.414047446,0.294818555,0.156652728,0.2674523,0.272708514,1,0.067751047,-0.108822425,0.130541714,0.116602126,0.18902432,1,0.153582297,0.035680663,0.068928022,-0.069325878,0.411743191,1,0.778932796,0.663702976,0.96228988,0.531702012,0.895128136,1,0.936588531,0.872609848,0.59695462,0.80324145,0.918098531,1,0,0,FALSE
586,Call,20,European,3,5,70,105,100,100,100,0.321058432,0.225840338,0.212952324,0.324928813,0.286087642,1,0.066640933,-0.112215044,0.037162292,0.092764619,0.211833943,1,0.120820518,0.035326751,0.128212816,-0.118427677,0.449244425,1,0.748804075,0.644928431,0.971971415,0.500984293,0.857403108,1,0.911621084,0.94715817,0.673652988,0.864670599,0.950026279,1,0,0,FALSE
587,Put,120,European,6,5,102,105,100,100,100,0.30042111,0.26832185,0.175467521,0.275106868,0.379446102,1,0.057308067,-0.142653603,0.06708684,0.114159283,0.227314886,1,0.10684275,0.113488426,0.125768914,-0.027177143,0.46466744,1,0.763768522,0.643056674,0.93110239,0.551559126,0.830084333,1,0.941197162,0.870011897,0.593337354,0.821553575,0.938314238,1,0,0,FALSE
588,Put,102,American,0,5,79,105,100,100,100,0.251485953,0.188263866,0.325663887,0.381540411,0.12509435,1,0.114307172,-0.162888353,0.060812762,0.084653571,0.193514836,1,0.131031303,0.049810556,0.121107682,-0.043684514,0.496717254,1,0.704342594,0.656725718,0.922822045,0.504154442,0.807677946,1,0.941450576,0.944418578,0.597640805,0.879294878,0.941231767,1,3,12,FALSE
589,Call,101,European,3,5,100,100,100,100,100,0.264703788,0.420584557,0.415664091,0.274969051,0.168743609,1,0.060783433,-0.158207104,0.05492643,0.042980127,0.2297985,1,0.158678011,0.070901464,0.110038652,-0.105985566,0.408340084,1,0.731068846,0.647689121,0.908329656,0.537146172,0.885485428,1,0.984040757,0.902268052,0.664876896,0.805427102,0.900320427,1,0,0,FALSE
590,Call,78,European,3,5,100,105,100,100,100,0.138607284,0.408307748,0.239590142,0.357782349,0.34501331,1,0.106547903,-0.112069575,0.040313167,0.070561294,0.218844275,1,0.156366049,0.056748072,0.094000183,-0.048156068,0.499050404,1,0.747583415,0.672306995,0.930763711,0.509128623,0.829317205,1,0.970325707,0.90073316,0.674151675,0.873657754,0.947542569,1,0,0,FALSE
591,Put,99,European,6,5,100,105,100,100,100,0.331685404,0.354757048,0.346518838,0.225199832,0.383245285,1,0.114230818,-0.102234819,0.082496145,0.112025059,0.216825246,1,0.120555828,0.096749308,0.09451415,-0.114457416,0.436243233,1,0.789233076,0.63544775,0.920955521,0.537251549,0.856178872,1,0.98821268,0.904838733,0.674843295,0.86353066,0.884491825,1,0,0,FALSE
592,Call,65,American,0,5,70,105,100,100,100,0.229266763,0.396330417,0.153686005,0.160793381,0.129189061,1,0.131285595,-0.098803309,0.085696199,0.046325914,0.1772181,1,0.083740775,0.110905688,0.114598252,-0.031694026,0.425723104,1,0.797258105,0.630692554,0.915729521,0.564004775,0.869738286,1,0.903081376,0.872459522,0.68286183,0.848443674,0.927924523,1,3,9,TRUE
593,Put,97,European,3,5,80,95,100,100,100,0.200747852,0.353920662,0.414302796,0.233383126,0.274885519,1,0.116099514,-0.124830271,0.047855913,0.106125203,0.237323451,1,0.118646883,0.099359267,0.050697946,-0.049445013,0.450444903,1,0.782478243,0.600698042,0.946117366,0.515946832,0.886361477,1,0.979914944,0.864318651,0.681006096,0.789287527,0.942402359,1,0,0,FALSE
594,Call,85,European,3,5,70,105,100,100,100,0.25782908,0.319223349,0.346019297,0.42123748,0.261706252,1,0.094631315,-0.100569347,0.126876185,0.111090164,0.167193155,1,0.148940728,0.121504564,0.064354265,-0.095045168,0.403242429,1,0.712035578,0.620473315,0.969791836,0.59373723,0.848446918,1,0.93096363,0.945194909,0.638393621,0.836121029,0.880951879,1,0,0,FALSE
595,Put,96,European,6,5,102,105,100,100,100,0.316266519,0.301637592,0.368270264,0.17232259,0.145235895,1,0.142466612,-0.115025214,0.104958906,0.038980981,0.254150766,1,0.091629965,0.064142762,0.133086668,-0.092079719,0.407387586,1,0.77457306,0.681534375,0.983561739,0.530677747,0.879927083,1,0.980696967,0.93450351,0.638602885,0.815839652,0.926223494,1,0,0,FALSE
596,Put,190,European,6,5,100,105,100,105,100,0.268877253,0.209587939,0.307862361,0.321821871,0.309079989,1,0.074306055,-0.100743245,0.092088206,0.09607134,0.198567814,1,0.146062935,0.113144408,0.135294922,-0.081741524,0.457567246,1,0.738184293,0.63032853,0.986416031,0.508251712,0.871165818,1,0.901425457,0.907132238,0.680766338,0.869411809,0.952592506,1,0,0,FALSE
597,Call,85,European,3,5,100,105,100,100,100,0.353191827,0.361913251,0.189326933,0.220166505,0.217590466,1,0.127914176,-0.1695826,0.0948623,0.064219121,0.166930323,1,0.135747099,0.069376565,0.074470083,-0.0283603,0.43594063,1,0.79645698,0.654027754,0.959983201,0.596259373,0.800572037,1,0.904251743,0.913522634,0.660538397,0.81797855,0.874878875,1,0,0,FALSE
598,Put,95,European,6,5,100,105,100,100,100,0.396521727,0.235064987,0.327355695,0.250565112,0.239610367,1,0.07992653,-0.073628427,0.038356632,0.107430504,0.24571557,1,0.098077211,0.063323268,0.124307727,-0.034837102,0.436529129,1,0.79435971,0.616919063,0.950011282,0.550788855,0.890009842,1,0.910861436,0.850549307,0.624530283,0.850045486,0.926731685,1,0,0,FALSE
599,Call,50,American,0,5,70,105,100,100,100,0.371174814,0.428266594,0.187274121,0.224477878,0.373632178,1,0.068394319,-0.079219036,0.061759066,0.085180377,0.23620089,1,0.070006634,0.103013314,0.072409104,-0.047184795,0.449302257,1,0.792846457,0.637958127,0.95895123,0.544143402,0.830473859,1,0.975797211,0.85432982,0.686934526,0.857149005,0.921446557,1,3,9,TRUE
600,Put,97,European,3,5,80,95,100,100,100,0.281487312,0.245613482,0.168771765,0.361771859,0.187594443,1,0.111332274,-0.158126604,0.082384426,0.124595196,0.259017127,1,0.147122799,0.090412974,0.091614009,-0.03988699,0.448872191,1,0.752672439,0.693002337,0.967368345,0.59463443,0.880183594,1,0.904785578,0.851611853,0.608793872,0.83099067,0.877011632,1,0,0,FALSE
601,Call,85,European,3,5,70,105,100,100,100,0.377898454,0.163628517,0.324096277,0.353861701,0.348437246,1,0.147513371,-0.160246779,0.108937303,0.092805194,0.162928615,1,0.131559434,0.086289336,0.054583423,-0.039325242,0.432747322,1,0.797670378,0.688896008,0.962805036,0.509995503,0.890311825,1,0.997591171,0.935250728,0.640048881,0.823004815,0.889531754,1,0,0,FALSE
602,Put,96,European,6,5,102,105,100,100,100,0.402354548,0.374613117,0.317434353,0.410536024,0.390218478,1,0.059046362,-0.085195956,0.077667947,0.068877903,0.228602364,1,0.136432476,0.076482014,0.099049303,-0.088994106,0.452989057,1,0.779008433,0.643255975,0.979853977,0.53958722,0.854018662,1,0.922094981,0.897279647,0.686964406,0.787216517,0.907945139,1,0,0,FALSE
603,Call,68,American,0,5,70,105,99,100,95,0.373814662,0.306110938,0.179239283,0.239173199,0.38567076,1,0.090869739,-0.148200058,0.06953627,0.096066674,0.178217854,1,0.070912709,0.087991796,0.052224101,-0.084796108,0.47879799,1,0.741898594,0.670482605,0.931764975,0.572291321,0.877071739,1,0.904649818,0.917624708,0.681711109,0.868370715,0.944888611,1,6,9,TRUE
604,Put,142,European,3,5,100,95,70,80,100,0.32360561,0.389298009,0.152106264,0.433169124,0.181890749,1,0.105151597,-0.149933843,0.130282929,0.059680406,0.208786482,1,0.147154552,0.071543556,0.10243239,-0.059690366,0.419201777,1,0.734192276,0.622799736,0.984200195,0.507743407,0.878195898,1,0.992191981,0.905349317,0.66127718,0.793324285,0.9305201,1,0,0,FALSE
605,Call,97,European,3,5,70,105,100,100,100,0.196459167,0.375495917,0.342489956,0.330405775,0.324803754,1,0.082277546,-0.162284335,0.060067307,0.096720499,0.258071469,1,0.108953143,0.088450534,0.135323402,-0.025927831,0.400330644,1,0.717958139,0.679769425,0.972885597,0.582378666,0.855721645,1,0.962009461,0.938783966,0.684051075,0.788862027,0.875618265,1,0,0,FALSE
606,Put,125,European,6,5,102,105,100,100,100,0.383609424,0.231491561,0.25870306,0.162088069,0.165655083,1,0.10555488,-0.160643646,0.099283875,0.133062007,0.207641749,1,0.085560439,0.109148427,0.093868365,-0.070311575,0.431220741,1,0.780704638,0.615524013,0.998079601,0.573096278,0.899194136,1,0.90417248,0.948543312,0.68388683,0.821191149,0.886358081,1,0,0,FALSE
607,Put,135,American,0,5,79,105,100,100,100,0.2042551,0.36427879,0.207835741,0.228973048,0.303128314,1,0.112695058,-0.097336888,0.0395095,0.101027484,0.194515452,1,0.102776128,0.106900101,0.128848235,-0.031926646,0.438701542,1,0.773328319,0.663050609,0.928519668,0.589888852,0.803033021,1,0.926526968,0.894551858,0.636814269,0.798631142,0.944015189,1,3,6,FALSE
608,Put,99,European,6,5,100,105,100,100,100,0.353011458,0.393854833,0.429795143,0.266664965,0.269202631,1,0.059515498,-0.118227066,0.111288815,0.049283702,0.220330041,1,0.116590569,0.034324787,0.096541872,-0.061469922,0.492636947,1,0.714998531,0.661072011,0.932589344,0.584505128,0.820240078,1,0.966550372,0.90668357,0.617118169,0.8398053,0.967829776,1,0,0,FALSE
609,Call,65,American,0,5,70,105,100,100,100,0.177268919,0.201965508,0.261826683,0.180946541,0.150451347,1,0.069331096,-0.153552941,0.130664423,0.119019848,0.198862599,1,0.062889056,0.033100327,0.09967372,-0.056997938,0.401868921,1,0.756385633,0.687518028,0.978998116,0.518048578,0.803416694,1,0.998049079,0.869244743,0.659963379,0.878620601,0.943001718,1,3,9,TRUE
610,Put,97,European,3,5,80,95,100,100,100,0.245466231,0.247675218,0.296889681,0.381757521,0.374513863,1,0.084381356,-0.137153335,0.089317565,0.059986202,0.220273748,1,0.133676297,0.043513177,0.062896321,-0.096628295,0.431288589,1,0.734628281,0.635926422,0.907046922,0.544293462,0.876018405,1,0.974052193,0.871144879,0.649567121,0.863375735,0.921054934,1,0,0,FALSE
611,Call,85,European,3,5,70,105,100,100,100,0.357228139,0.418469505,0.166227067,0.347183965,0.301132867,1,0.099309111,-0.155533364,0.073864307,0.083783844,0.24750847,1,0.149433463,0.080640005,0.052631606,-0.108714767,0.424488596,1,0.743309076,0.643938095,0.982624646,0.511227077,0.888475515,1,0.90855441,0.883800279,0.613351934,0.843267404,0.884245999,1,0,0,FALSE
612,Put,96,European,6,5,102,105,100,100,100,0.287319075,0.408559714,0.447551932,0.380161614,0.359574544,1,0.137794046,-0.076080241,0.054828521,0.09601141,0.236591147,1,0.133528854,0.101453451,0.093295377,-0.0668492,0.428785086,1,0.770935289,0.640398127,0.901389675,0.59936029,0.839295733,1,0.974825926,0.912099356,0.626537709,0.843670472,0.889411748,1,0,0,FALSE
613,Put,97,American,0,5,79,105,100,100,100,0.251654876,0.211020453,0.408952874,0.369019669,0.335259795,1,0.078971076,-0.121240851,0.108875301,0.100167225,0.237132694,1,0.147583659,0.059310219,0.100819205,-0.102878016,0.48132766,1,0.755653505,0.678730318,0.938537571,0.593882751,0.88682098,1,0.951405157,0.913227489,0.671818292,0.85156472,0.961956239,1,9,12,TRUE
614,Call,10,European,3,5,100,100,100,110,100,0.345547171,0.282911651,0.307350152,0.309163587,0.286175379,1,0.127898744,-0.100847512,0.046651977,0.086354818,0.1654798,1,0.067430499,0.046120186,0.113082738,-0.109369832,0.428753387,1,0.717359525,0.60398328,0.900106032,0.554194386,0.831519168,1,0.999996679,0.875874342,0.61112163,0.84513864,0.926281512,1,0,0,FALSE
615,Call,99,European,3,5,100,105,105,100,100,0.4196042,0.174376409,0.385458863,0.173997485,0.39819568,1,0.147764573,-0.101158158,0.1034699,0.093506727,0.165251614,1,0.109940155,0.042213987,0.073858391,-0.052153314,0.417600838,1,0.779602733,0.627615139,0.919669745,0.500394743,0.811169027,1,0.935697255,0.899205017,0.645574834,0.827606851,0.891002817,1,0,0,FALSE
616,Put,190,European,6,5,100,105,100,105,100,0.168873052,0.384424711,0.361947059,0.161784521,0.390571764,1,0.146230014,-0.16604304,0.121251875,0.068495862,0.163607719,1,0.067883885,0.076783918,0.135999772,-0.046317555,0.438285686,1,0.721495803,0.699919123,0.904456898,0.502031447,0.853539387,1,0.929300952,0.884038089,0.671633178,0.781911364,0.939759008,1,0,0,FALSE
617,Call,85,European,3,5,100,105,100,100,100,0.26627017,0.27471927,0.379825109,0.421765329,0.277857454,1,0.107954803,-0.0804418,0.115445008,0.131706461,0.166887694,1,0.114997065,0.062418304,0.105170562,-0.079320505,0.415194533,1,0.755397609,0.661472807,0.991612098,0.512612583,0.871926656,1,0.901353361,0.885459761,0.631802095,0.816150839,0.938539298,1,0,0,FALSE
618,Put,95,European,6,5,100,105,100,100,100,0.215533241,0.356525528,0.159860317,0.169040015,0.368449468,1,0.099110313,-0.073217916,0.11512695,0.07805972,0.162029957,1,0.064012842,0.109572499,0.147278591,-0.07368909,0.409399429,1,0.707480336,0.611710312,0.923089928,0.595318461,0.859440165,1,0.933084838,0.882401023,0.65898706,0.845966245,0.875514078,1,0,0,FALSE
619,Call,50,American,0,5,70,105,100,100,100,0.391744871,0.247390952,0.273337649,0.342311315,0.257110406,1,0.057183459,-0.112652487,0.063113792,0.117824821,0.222628266,1,0.133953717,0.037933407,0.140400383,-0.067373337,0.466882977,1,0.7468453,0.68029064,0.916127385,0.572353924,0.803110123,1,0.920660306,0.898213345,0.613870062,0.818627662,0.892473339,1,3,9,TRUE
620,Put,97,European,3,5,80,95,100,100,100,0.414836192,0.38844171,0.192700151,0.157193722,0.191852674,1,0.062981247,-0.119132434,0.065744573,0.112742763,0.242091923,1,0.091329531,0.025196136,0.050447243,-0.023510612,0.494055134,1,0.758055784,0.657354598,0.987020543,0.535229688,0.848940454,1,0.93460528,0.931909239,0.663761154,0.879932155,0.872963688,1,0,0,FALSE
621,Put,188,European,6,5,100,105,100,105,100,0.305743461,0.200801095,0.359577959,0.409549898,0.220030115,1,0.113950427,-0.073342817,0.131793046,0.061699912,0.253214603,1,0.082383788,0.081205795,0.067221438,-0.073320361,0.460016558,1,0.739862359,0.633226432,0.907100177,0.571171657,0.88813274,1,0.934239512,0.887828531,0.639581851,0.872965235,0.907321964,1,0,0,FALSE
622,Call,58,American,0,5,70,105,99,100,95,0.148125731,0.187683053,0.260784714,0.28371049,0.197604434,1,0.137401545,-0.103520319,0.122846294,0.052872089,0.249564913,1,0.143151351,0.099013207,0.107914086,-0.03780354,0.464066343,1,0.722727714,0.631449886,0.952054768,0.551274534,0.893884216,1,0.905202289,0.894070852,0.594182219,0.809512721,0.891492518,1,6,9,TRUE
623,Put,140,European,3,5,100,95,70,80,100,0.403097161,0.147580686,0.375384754,0.342011182,0.18245409,1,0.12422892,-0.149052591,0.105480711,0.104003248,0.18115753,1,0.110014033,0.03316014,0.135329751,-0.020022989,0.417520855,1,0.774261862,0.636298116,0.961794194,0.560422301,0.8998605,1,0.960076099,0.934035576,0.596705281,0.85328057,0.922046387,1,0,0,FALSE
624,Call,20,European,3,5,70,105,100,100,100,0.363332376,0.330372273,0.295699984,0.138706476,0.3457176,1,0.110859273,-0.149492166,0.089394462,0.093251075,0.232697649,1,0.090491948,0.104847398,0.143277581,-0.107734121,0.469200926,1,0.765019722,0.687714501,0.942766453,0.528466295,0.858914322,1,0.948969108,0.874114918,0.595838049,0.861256805,0.91180705,1,0,0,FALSE
625,Put,120,European,6,5,102,105,100,100,100,0.373625423,0.30279769,0.342111221,0.167033786,0.397494388,1,0.065514386,-0.127189784,0.124150545,0.070586173,0.230275416,1,0.078401057,0.115845524,0.120476625,-0.033394283,0.440189213,1,0.794760101,0.601265439,0.95865113,0.557942051,0.869037376,1,0.913491547,0.90084188,0.595278108,0.871031479,0.926355996,1,0,0,FALSE
626,Put,102,American,0,5,79,105,100,100,100,0.348586099,0.153976869,0.414789147,0.137591388,0.136226788,1,0.124036882,-0.110456926,0.038182207,0.110301137,0.253748537,1,0.135317046,0.040284149,0.144165671,-0.081401985,0.466428844,1,0.78285424,0.605259843,0.959233827,0.569647501,0.846335747,1,0.922262065,0.865353281,0.67805562,0.782286,0.908841338,1,3,12,FALSE
627,Call,101,European,3,5,100,100,100,100,100,0.370625408,0.155202721,0.431494834,0.174920982,0.148502069,1,0.133117698,-0.162943313,0.132115327,0.050835062,0.233738385,1,0.121962658,0.089584608,0.069248751,-0.030907531,0.404297121,1,0.712421213,0.61492035,0.96511862,0.593171996,0.875043224,1,0.987769256,0.903167813,0.597292408,0.82362056,0.961603002,1,0,0,FALSE
628,Call,78,European,3,5,100,105,100,100,100,0.181412621,0.145835128,0.397746505,0.384690105,0.249543419,1,0.145193186,-0.101196508,0.111936838,0.045426995,0.17507731,1,0.143996432,0.062075869,0.12755326,-0.03085624,0.421447107,1,0.795797236,0.639773597,0.969969661,0.553041342,0.887719816,1,0.946901265,0.890763483,0.606867532,0.857694096,0.900866986,1,0,0,FALSE
629,Put,99,European,6,5,100,105,100,100,100,0.30238,0.179904407,0.219850321,0.272860513,0.110903713,1,0.053917453,-0.109926928,0.099674931,0.076702353,0.190959376,1,0.137821015,0.103482999,0.101846331,-0.031832416,0.483357991,1,0.763797839,0.682253455,0.983152667,0.539000304,0.817624767,1,0.984212314,0.87117994,0.656859184,0.810815764,0.909033694,1,0,0,FALSE
630,Call,65,American,0,5,70,105,100,100,100,0.281851372,0.393807187,0.25826782,0.332743057,0.312172192,1,0.088530526,-0.087206224,0.048491187,0.115831984,0.199167738,1,0.111185164,0.093740687,0.075198912,-0.041070253,0.497813608,1,0.754626397,0.604947789,0.904729491,0.522483519,0.807875511,1,0.983792707,0.949242188,0.686160662,0.816110659,0.950147374,1,3,9,TRUE
631,Put,97,European,3,5,80,95,100,100,100,0.20194064,0.40608504,0.377734012,0.199225945,0.233269923,1,0.131743153,-0.11788189,0.102292808,0.085926981,0.235920744,1,0.158775261,0.026487256,0.066913775,-0.021160274,0.431147131,1,0.768971703,0.614286636,0.921280817,0.567276937,0.805269597,1,0.931013257,0.947603852,0.683688998,0.866849675,0.903224254,1,0,0,FALSE
632,Call,85,European,3,5,70,105,100,100,100,0.132519264,0.421244437,0.351782883,0.368950199,0.211525477,1,0.059349764,-0.085073968,0.104659313,0.090374101,0.21217535,1,0.149412629,0.093988314,0.105395476,-0.036545138,0.497260257,1,0.724707544,0.630211322,0.955667504,0.513224867,0.850177996,1,0.970585739,0.904556993,0.60831147,0.834641763,0.954536668,1,0,0,FALSE
633,Put,96,European,6,5,102,105,100,100,100,0.305083155,0.161547764,0.275755131,0.193427803,0.143812967,1,0.055237482,-0.11056107,0.040023874,0.070581307,0.179726581,1,0.085217645,0.113482287,0.055809791,-0.060862318,0.417887822,1,0.757565655,0.67813687,0.973483397,0.526822732,0.827800961,1,0.982481099,0.910600137,0.634112519,0.865345514,0.900609953,1,0,0,FALSE
634,Put,97,American,0,5,79,105,100,100,100,0.236050454,0.259356583,0.381422053,0.247904829,0.353164736,1,0.121528779,-0.142026741,0.042340051,0.038820959,0.200558231,1,0.132199201,0.118475877,0.127977723,-0.080693932,0.484404474,1,0.771180509,0.633289987,0.969111586,0.533851711,0.808923229,1,0.948481797,0.901311877,0.646335191,0.823121731,0.908193254,1,9,12,TRUE
635,Call,10,European,3,5,100,100,100,110,100,0.325937159,0.168440493,0.351758533,0.284055989,0.388847017,1,0.093690125,-0.151891193,0.054495786,0.124650971,0.193375352,1,0.100485693,0.031882812,0.099767341,-0.026563358,0.453755861,1,0.713393112,0.617095985,0.980766028,0.525986704,0.896418875,1,0.92083365,0.939812128,0.605458234,0.81600532,0.909999362,1,0,0,FALSE
636,Call,99,European,3,5,100,105,105,100,100,0.326392397,0.21296439,0.447964515,0.1819977,0.108454462,1,0.119863149,-0.104130679,0.100678053,0.065207109,0.174685902,1,0.147313443,0.093197405,0.089914046,-0.101181962,0.417680757,1,0.71232655,0.620554023,0.955857914,0.574707514,0.850758552,1,0.922728162,0.878664851,0.603289728,0.810794493,0.884834006,1,0,0,FALSE
637,Put,190,European,6,5,100,105,100,105,100,0.164507384,0.234533554,0.221157586,0.381484575,0.25622293,1,0.102656099,-0.124205178,0.05755068,0.066625728,0.239800665,1,0.106968955,0.109159239,0.06411591,-0.080446241,0.419242914,1,0.71746081,0.678573522,0.929611696,0.540679393,0.877809985,1,0.927961672,0.872607965,0.683569905,0.842280514,0.927539737,1,0,0,FALSE
638,Call,68,American,0,5,70,105,99,100,95,0.222360156,0.167559263,0.426794264,0.372869984,0.119359301,1,0.081980898,-0.128842563,0.10243571,0.12872053,0.234109393,1,0.151335792,0.038503002,0.10778737,-0.092576734,0.418084068,1,0.700114523,0.6097764,0.950327091,0.573392137,0.852089445,1,0.964639528,0.89444684,0.674817538,0.825370739,0.905509978,1,6,9,TRUE
639,Put,142,European,3,5,100,95,70,80,100,0.14929773,0.183531138,0.209463065,0.369362697,0.204984641,1,0.126381078,-0.144232188,0.116697816,0.058112367,0.169744099,1,0.106885476,0.054843643,0.062229914,-0.043616526,0.417923456,1,0.730837567,0.676492677,0.962613058,0.538760309,0.830731636,1,0.917146804,0.948652061,0.679232036,0.807910626,0.9054065,1,0,0,FALSE
640,Call,97,European,3,5,70,105,100,100,100,0.300961076,0.353486553,0.402416564,0.387697355,0.253945209,1,0.089880083,-0.147821906,0.132940225,0.077826135,0.256724756,1,0.128242554,0.112933388,0.14354475,-0.062250228,0.403090688,1,0.741964536,0.611552724,0.953202823,0.548440248,0.830463493,1,0.986251144,0.948760064,0.669377407,0.859094036,0.903788327,1,0,0,FALSE
641,Put,125,European,6,5,102,105,100,100,100,0.359874302,0.27759601,0.287902355,0.265603092,0.126595599,1,0.111619073,-0.158574377,0.038857628,0.077283991,0.207676912,1,0.079321024,0.042740374,0.116175236,-0.088273527,0.489285161,1,0.724661795,0.655700007,0.988786177,0.502385208,0.844340319,1,0.936450168,0.861578173,0.626590242,0.870891042,0.912683902,1,0,0,FALSE
642,Put,135,American,0,5,79,105,100,100,100,0.390582613,0.27068843,0.314043597,0.383033911,0.293513321,1,0.130276245,-0.109465999,0.132471343,0.078943494,0.216983785,1,0.132890852,0.103485581,0.120364703,-0.04175389,0.437653849,1,0.708773306,0.685784268,0.935447021,0.545932617,0.879269353,1,0.956885426,0.860656081,0.613717718,0.860087065,0.911242009,1,3,6,FALSE
643,Put,99,European,6,5,100,105,100,100,100,0.300587736,0.283838787,0.1971586,0.402614426,0.205404568,1,0.101832695,-0.092053695,0.081740299,0.05366628,0.232949209,1,0.082307952,0.075537281,0.086950432,-0.06964636,0.490477973,1,0.710322514,0.695084246,0.925124997,0.552886281,0.807978374,1,0.996694521,0.941009292,0.645551554,0.822542571,0.937864398,1,0,0,FALSE
644,Call,65,American,0,5,70,105,100,100,100,0.280711797,0.387039054,0.321407125,0.267137253,0.247398419,1,0.050657394,-0.098468509,0.090287344,0.051651455,0.218103795,1,0.143673852,0.109138153,0.093507673,-0.073927344,0.443239117,1,0.733358431,0.681015096,0.9172513,0.523970561,0.868251799,1,0.932219936,0.862801847,0.646449124,0.820392892,0.908528599,1,3,9,TRUE
645,Put,97,European,3,5,80,95,100,100,100,0.353248762,0.409886481,0.228594518,0.328721417,0.163758185,1,0.102455252,-0.081972334,0.041385882,0.107661244,0.173013505,1,0.066946581,0.119155229,0.116089101,-0.107048197,0.410539121,1,0.719510593,0.61548961,0.97668563,0.599696908,0.852985012,1,0.925472777,0.862780157,0.624671683,0.851220141,0.948725256,1,0,0,FALSE
646,Call,85,European,3,5,70,105,100,100,100,0.282322788,0.438853111,0.364097677,0.365388856,0.108114661,1,0.133719997,-0.070066733,0.073860301,0.088808454,0.170876046,1,0.119591728,0.103779071,0.12156714,-0.095680168,0.418328733,1,0.748646725,0.693602063,0.9965704,0.52878979,0.885187068,1,0.932301141,0.946584023,0.644604818,0.806542281,0.887554003,1,0,0,FALSE
647,Put,96,European,6,5,102,105,100,100,100,0.24333552,0.29288513,0.420470308,0.220183659,0.252160365,1,0.077006053,-0.139866348,0.075919348,0.13494004,0.185277707,1,0.078178183,0.093720721,0.12782569,-0.076235015,0.446754934,1,0.794527185,0.629412121,0.925147204,0.597345927,0.860767488,1,0.997067841,0.86009948,0.644274815,0.807952999,0.919606808,1,0,0,FALSE
648,Put,97,American,0,5,79,105,100,100,100,0.145676016,0.162345119,0.419927534,0.223593999,0.27000374,1,0.131475228,-0.162019826,0.08313483,0.062280441,0.178713814,1,0.092325282,0.08122923,0.100273642,-0.080472913,0.44452472,1,0.709332694,0.639857281,0.900559059,0.533811271,0.894292643,1,0.992521269,0.854780718,0.643206026,0.812691683,0.968147842,1,9,12,TRUE
649,Call,10,European,3,5,100,100,100,110,100,0.414248391,0.363832329,0.354750451,0.222044652,0.180583299,1,0.107450587,-0.1433292,0.049606403,0.114266028,0.247160507,1,0.073594098,0.115447873,0.059124679,-0.066350975,0.40407283,1,0.757902155,0.63147409,0.916354212,0.560169297,0.84526646,1,0.957599885,0.867884159,0.632963062,0.803710436,0.88972092,1,0,0,FALSE
650,Call,99,European,3,5,100,105,105,100,100,0.317262498,0.173026634,0.332079125,0.332447533,0.331710974,1,0.052215842,-0.092650538,0.103948427,0.116223394,0.207065533,1,0.132535265,0.098224808,0.134723515,-0.070071675,0.448890612,1,0.76456671,0.602273863,0.935250012,0.596139597,0.827894268,1,0.943073068,0.894006154,0.622602578,0.864413057,0.880627338,1,0,0,FALSE
651,Put,190,European,6,5,100,105,100,105,100,0.371066835,0.342576954,0.400725506,0.242975171,0.329615196,1,0.149997664,-0.137383654,0.061982523,0.045697434,0.186679556,1,0.147157057,0.060844141,0.083771256,-0.113675505,0.477725432,1,0.73806293,0.601051663,0.974347254,0.505484039,0.862973059,1,0.98350704,0.916289523,0.634819983,0.879174336,0.907015682,1,0,0,FALSE
652,Call,85,European,3,5,100,105,100,100,100,0.416340703,0.399252009,0.31845273,0.237719567,0.113312571,1,0.147370365,-0.126753975,0.056062815,0.101838671,0.220188263,1,0.119383055,0.054143931,0.115112437,-0.019365316,0.479651397,1,0.768848444,0.676927081,0.92139109,0.521257569,0.869094667,1,0.962855007,0.918213858,0.633904933,0.832738202,0.884737593,1,0,0,FALSE
653,Put,95,European,6,5,100,105,100,100,100,0.240040149,0.169880066,0.19518423,0.143555527,0.226709076,1,0.136607376,-0.151827865,0.132754725,0.057951164,0.21085785,1,0.061434954,0.084484351,0.080903759,-0.058953998,0.443794632,1,0.73572363,0.629648583,0.966109545,0.520801729,0.83841541,1,0.948189627,0.883188644,0.624036121,0.834552327,0.955770647,1,0,0,FALSE
654,Call,50,American,0,5,70,105,100,100,100,0.207862332,0.356859101,0.246104406,0.221426766,0.39580292,1,0.116905324,-0.141466258,0.112155586,0.077395044,0.177105576,1,0.110223231,0.107539726,0.090951253,-0.113710671,0.499096251,1,0.757587677,0.699338177,0.995253421,0.521863836,0.817597525,1,0.91067336,0.94901316,0.67995407,0.820317388,0.872517693,1,3,9,TRUE
655,Put,97,European,3,5,80,95,100,100,100,0.275013108,0.404727777,0.235989142,0.251564978,0.364839759,1,0.114646362,-0.153548372,0.088820482,0.102854191,0.203117307,1,0.129767126,0.121806514,0.128757167,-0.025694504,0.46927999,1,0.700511258,0.64798543,0.925353593,0.566875835,0.837480603,1,0.948899554,0.879789527,0.600039402,0.822294895,0.915921557,1,0,0,FALSE
656,Call,85,European,3,5,70,105,100,100,100,0.146659035,0.156337609,0.252963727,0.346965049,0.145371165,1,0.070044956,-0.145533877,0.115980713,0.123386468,0.245196375,1,0.118824489,0.071815961,0.130877924,-0.044231701,0.466207069,1,0.772226944,0.690264567,0.928502625,0.528762645,0.847765796,1,0.978369259,0.892199144,0.683999504,0.808170204,0.914303662,1,0,0,FALSE
657,Put,96,European,6,5,102,105,100,100,100,0.176521017,0.170467732,0.331680773,0.146123974,0.367233995,1,0.134739026,-0.09532935,0.129818413,0.097850127,0.228199867,1,0.097410491,0.10954968,0.090396161,-0.105160351,0.497828565,1,0.72371746,0.642846491,0.944374904,0.528060798,0.812399818,1,0.96316971,0.931802626,0.61942714,0.855956261,0.91987397,1,0,0,FALSE
658,Put,89,American,0,5,79,105,100,100,100,0.135665483,0.161634147,0.195398844,0.272245735,0.106724744,1,0.093642756,-0.123792209,0.117941009,0.04297507,0.177998527,1,0.14533991,0.118078394,0.057337452,-0.022285239,0.436583472,1,0.715615419,0.689487417,0.912017216,0.548975059,0.876758802,1,0.991893914,0.875166368,0.625242608,0.854172352,0.964954108,1,9,12,TRUE
659,Call,40,European,3,5,100,100,100,110,100,0.283295964,0.428168253,0.270605311,0.181461028,0.201550221,1,0.093211328,-0.160934372,0.122496035,0.109830382,0.222246858,1,0.119811173,0.116781557,0.06799868,-0.059816322,0.412064269,1,0.713116436,0.64813086,0.997729467,0.598101797,0.854153435,1,0.927326676,0.873527437,0.595901551,0.798687347,0.906217964,1,0,0,FALSE
660,Call,97,European,3,5,100,105,105,100,100,0.139862218,0.161861198,0.445825338,0.394418683,0.247378346,1,0.072682321,-0.145548193,0.057367523,0.072133836,0.220034382,1,0.087694406,0.032929521,0.064498063,-0.058269774,0.430167251,1,0.725019915,0.671881041,0.987175555,0.55279435,0.87780097,1,0.975948778,0.913595148,0.613639622,0.869692792,0.96552489,1,0,0,FALSE
661,Put,188,European,6,5,100,105,100,105,100,0.178947688,0.429788418,0.35008541,0.36811515,0.241660964,1,0.143680295,-0.099061657,0.036244912,0.081950109,0.22909826,1,0.143300786,0.082310812,0.145396389,-0.027023288,0.471337218,1,0.702002941,0.682245353,0.944528721,0.556108688,0.825763359,1,0.930951001,0.908483816,0.617023922,0.852998689,0.906564947,1,0,0,FALSE
662,Call,58,American,0,5,70,105,99,100,95,0.227811035,0.393515808,0.388591081,0.179318798,0.352774035,1,0.071209124,-0.078462103,0.035087167,0.061917938,0.219349221,1,0.15705724,0.089512077,0.085084263,-0.019218041,0.401473929,1,0.788849405,0.691066945,0.990437255,0.564285415,0.847992018,1,0.985010432,0.857388208,0.689481852,0.795140947,0.883938327,1,6,9,TRUE
663,Put,140,European,3,5,100,95,70,80,100,0.281145868,0.437836138,0.440803106,0.232086357,0.267188507,1,0.053284217,-0.12675605,0.047950971,0.135004032,0.216753056,1,0.142128875,0.0696629,0.080695387,-0.067981363,0.428012295,1,0.77720317,0.644417164,0.929455182,0.525318508,0.878321404,1,0.953153749,0.853602957,0.665679616,0.793336181,0.912751008,1,0,0,FALSE
664,Call,20,European,3,5,70,105,100,100,100,0.339484982,0.262564034,0.289202243,0.216251086,0.110159124,1,0.102013768,-0.159597181,0.071119919,0.068288798,0.257353491,1,0.066825492,0.066401145,0.058675961,-0.029349832,0.479099987,1,0.782197228,0.644415509,0.945481307,0.593519533,0.878435643,1,0.992793206,0.891095619,0.647517471,0.856853422,0.955652904,1,0,0,FALSE
665,Put,120,European,6,5,102,105,100,100,100,0.383406442,0.164289472,0.23677314,0.276647143,0.202698571,1,0.098385084,-0.1343291,0.071596931,0.114586348,0.240678311,1,0.087854081,0.101782524,0.079363482,-0.03820747,0.464117913,1,0.779214437,0.631462721,0.953733902,0.530996795,0.834521738,1,0.99594978,0.89776908,0.685356749,0.87664513,0.903757316,1,0,0,FALSE
666,Put,102,American,0,5,79,105,100,100,100,0.300347147,0.206488707,0.432859417,0.28977517,0.226813508,1,0.127545175,-0.10778645,0.122356501,0.099007546,0.234294449,1,0.127223265,0.025415735,0.096070152,-0.055001857,0.432001726,1,0.719765622,0.61778396,0.971857518,0.553676363,0.82187826,1,0.98220788,0.881942219,0.687423421,0.794775922,0.928873841,1,3,12,FALSE
667,Call,101,European,3,5,100,100,100,100,100,0.377439418,0.230986331,0.217000768,0.407737827,0.284743886,1,0.144102981,-0.086948232,0.06481002,0.063681243,0.197221909,1,0.087645754,0.059493775,0.124184314,-0.052963562,0.460458656,1,0.759884756,0.688097649,0.970833957,0.508828343,0.899176826,1,0.912128566,0.904396177,0.601079171,0.837482744,0.934680917,1,0,0,FALSE
668,Call,78,European,3,5,100,105,100,100,100,0.149291354,0.411292074,0.430369158,0.312817621,0.302371083,1,0.145843852,-0.073014404,0.068278253,0.107321992,0.234379153,1,0.105510754,0.070274576,0.080414262,-0.027888987,0.480322488,1,0.794416859,0.605993909,0.969778776,0.503517452,0.891982019,1,0.93417518,0.868626902,0.591155119,0.780617068,0.911080762,1,0,0,FALSE
669,Put,99,European,6,5,100,105,100,100,100,0.224187995,0.225457376,0.403813537,0.192676651,0.219294929,1,0.075270509,-0.118212137,0.077623194,0.079182521,0.177730359,1,0.065273371,0.073084877,0.103220564,-0.090686722,0.469947516,1,0.771656102,0.66498746,0.920914163,0.515654198,0.892690675,1,0.904460833,0.865041039,0.677835342,0.791365653,0.922121731,1,0,0,FALSE
670,Call,65,American,0,5,70,105,100,100,100,0.293535574,0.259608086,0.2083243,0.303564086,0.120434907,1,0.149951126,-0.149703044,0.125178795,0.076867641,0.23177609,1,0.159136956,0.071321833,0.104206406,-0.071594286,0.495936927,1,0.779409486,0.691498542,0.917283967,0.556520951,0.811754475,1,0.998356893,0.935830657,0.624073396,0.780119855,0.905360488,1,3,9,TRUE
671,Put,97,European,3,5,80,95,100,100,100,0.351697827,0.253087579,0.308439969,0.153316668,0.117618734,1,0.143567422,-0.113635646,0.046157212,0.075698681,0.206777974,1,0.149829017,0.109092187,0.105302122,-0.113797232,0.403155089,1,0.768659934,0.62596415,0.930783628,0.58474056,0.86095169,1,0.908458785,0.925071279,0.682255433,0.815058589,0.951134434,1,0,0,FALSE
672,Call,85,European,3,5,70,105,100,100,100,0.16778669,0.161761872,0.313352154,0.145741556,0.274863403,1,0.079219619,-0.131136463,0.118374856,0.05309985,0.190760425,1,0.066934649,0.082331019,0.064324811,-0.06780389,0.449319322,1,0.753167206,0.697798931,0.923146462,0.573511011,0.896117136,1,0.910881425,0.909391171,0.593179893,0.817663255,0.891208341,1,0,0,FALSE
673,Put,96,European,6,5,102,105,100,100,100,0.127152672,0.285076298,0.394275279,0.292528008,0.291018675,1,0.067153417,-0.161343978,0.084345605,0.132847157,0.253644178,1,0.070894454,0.099897579,0.114320991,-0.103183033,0.444290749,1,0.74870548,0.632959873,0.971682332,0.509988725,0.800948154,1,0.942416909,0.939350965,0.645749042,0.878840105,0.896193386,1,0,0,FALSE
674,Put,97,American,0,5,79,105,100,100,100,0.410729234,0.420768925,0.334524046,0.208278995,0.218237653,1,0.104688467,-0.146850075,0.125497335,0.037689227,0.17103906,1,0.138855783,0.037704654,0.09904596,-0.107729086,0.480252975,1,0.764962112,0.695120008,0.977562949,0.563408341,0.899355666,1,0.922334433,0.888693501,0.658716524,0.874420936,0.873569704,1,9,12,TRUE
675,Call,10,European,3,5,100,100,100,110,100,0.414028,0.189495233,0.191707112,0.285606971,0.37087021,1,0.140545981,-0.13698232,0.036743369,0.08317628,0.247390791,1,0.112074671,0.033132723,0.078187785,-0.116238727,0.486206633,1,0.725964904,0.684355335,0.945137972,0.541246341,0.869974541,1,0.957243852,0.923620375,0.679421732,0.796063867,0.954617143,1,0,0,FALSE
676,Call,99,European,3,5,100,105,105,100,100,0.222926679,0.247871583,0.248463,0.182674667,0.12333473,1,0.104133952,-0.147000962,0.097484267,0.10605312,0.16253646,1,0.085525148,0.122333185,0.149192106,-0.023797668,0.407302458,1,0.710030958,0.649510298,0.984784147,0.521054206,0.875182325,1,0.977830046,0.860265448,0.590198927,0.83218848,0.936348737,1,0,0,FALSE
677,Put,190,European,6,5,100,105,100,105,100,0.256524323,0.155617664,0.31936702,0.272605566,0.335377137,1,0.070710441,-0.124979861,0.121461127,0.050993869,0.192834605,1,0.15828913,0.033063977,0.103137676,-0.074215395,0.479348231,1,0.798711276,0.652497744,0.915933677,0.527714132,0.822628056,1,0.963846121,0.880741624,0.675738093,0.864333357,0.909571361,1,0,0,FALSE
678,Call,68,American,0,5,70,105,99,100,95,0.257828604,0.24814257,0.200061255,0.235829689,0.196962277,1,0.063761211,-0.116203856,0.088568746,0.115321481,0.165096177,1,0.094025518,0.077967151,0.128657691,-0.087820825,0.440891488,1,0.753180291,0.658890013,0.99463358,0.519366643,0.837694065,1,0.910741637,0.92861508,0.651194508,0.847964707,0.912364121,1,6,9,TRUE
679,Put,142,European,3,5,100,95,70,80,100,0.378533104,0.159123027,0.329843426,0.331987287,0.359807101,1,0.089964801,-0.146308231,0.085023691,0.059181579,0.215531504,1,0.076146554,0.055954829,0.145475931,-0.109811336,0.414271829,1,0.758274414,0.652457692,0.971495859,0.513683716,0.851630542,1,0.919192439,0.872705011,0.618208044,0.814005133,0.950452743,1,0,0,FALSE
680,Call,97,European,3,5,70,105,100,100,100,0.176738068,0.371985258,0.447941622,0.226240989,0.350930868,1,0.110078617,-0.093012962,0.038484856,0.055336779,0.234504351,1,0.132179819,0.086141971,0.097467784,-0.024822639,0.431885296,1,0.70179493,0.69842976,0.970472684,0.517071677,0.879607109,1,0.942910458,0.890284421,0.595687681,0.878649762,0.952657747,1,0,0,FALSE
681,Put,125,European,6,5,102,105,100,100,100,0.187460114,0.346923621,0.440149691,0.384591627,0.149004455,1,0.123110474,-0.137331405,0.091380468,0.119076035,0.181552616,1,0.07903751,0.088739118,0.059815334,-0.114287989,0.473817174,1,0.778962012,0.642225194,0.938495806,0.594794105,0.884224136,1,0.951840358,0.873320504,0.626638381,0.836091182,0.921031017,1,0,0,FALSE
682,Put,135,American,0,5,79,105,100,100,100,0.304843927,0.231791339,0.316419902,0.225927212,0.348634894,1,0.082389491,-0.126089382,0.048901902,0.077536305,0.248485792,1,0.125040953,0.0596652,0.13643315,-0.11011797,0.476280653,1,0.736638243,0.684032955,0.993631581,0.54877127,0.802777482,1,0.978539256,0.858971022,0.662483736,0.879689029,0.889487276,1,3,6,FALSE
683,Put,99,European,6,5,100,105,100,100,100,0.415119292,0.341069502,0.346203811,0.281636826,0.149681501,1,0.058936409,-0.144203815,0.078320916,0.116811697,0.170612512,1,0.107640398,0.025789316,0.107596234,-0.112686115,0.480425923,1,0.778429829,0.678863202,0.967324828,0.527351403,0.801649588,1,0.937205306,0.88812131,0.634631538,0.871426526,0.877474246,1,0,0,FALSE
684,Call,65,American,0,5,70,105,100,100,100,0.399456996,0.21749859,0.280749605,0.358881471,0.115697605,1,0.069981799,-0.123821681,0.055548258,0.062088926,0.200380036,1,0.107483187,0.090467201,0.090069189,-0.115841139,0.401858749,1,0.745470783,0.664607262,0.924875732,0.501118424,0.829328062,1,0.962106065,0.948410719,0.603599618,0.878572975,0.906660756,1,3,9,TRUE
685,Put,97,European,3,5,80,95,100,100,100,0.393262886,0.332099796,0.240325919,0.165531708,0.16194245,1,0.143588418,-0.077736533,0.094685029,0.061343844,0.167945303,1,0.146952575,0.038493928,0.113475137,-0.062019754,0.461214948,1,0.708678569,0.669081358,0.945374594,0.566092023,0.839306336,1,0.979889686,0.896253589,0.681078483,0.783506813,0.950521192,1,0,0,FALSE
686,Call,85,European,3,5,70,105,100,100,100,0.160216322,0.372017303,0.344335249,0.310076873,0.212328107,1,0.083541361,-0.092685161,0.050766372,0.099930193,0.170230278,1,0.074036408,0.05198232,0.127311519,-0.04525286,0.446363039,1,0.786796004,0.693098285,0.914005118,0.508699394,0.874341921,1,0.910382541,0.876519869,0.600877125,0.797450907,0.880059885,1,0,0,FALSE
687,Put,96,European,6,5,102,105,100,100,100,0.192335901,0.280715514,0.384836859,0.34222322,0.158667266,1,0.126599432,-0.102765389,0.102162886,0.039573648,0.225160971,1,0.098692453,0.078947753,0.054340822,-0.113024509,0.450190109,1,0.710382241,0.697971627,0.955558335,0.596587329,0.829672185,1,0.910652981,0.932338112,0.678195627,0.83428333,0.965907858,1,0,0,FALSE
688,Put,97,American,0,5,79,105,100,100,100,0.245404462,0.176576774,0.162544811,0.289521672,0.304755015,1,0.079654867,-0.113909062,0.109560233,0.037216147,0.209262117,1,0.099261235,0.090741923,0.118719894,-0.055248555,0.442855411,1,0.751328348,0.657347444,0.961404357,0.505314448,0.805040574,1,0.929571422,0.928210043,0.622363016,0.826219613,0.92446359,1,9,12,TRUE
689,Call,10,European,3,5,100,100,100,110,100,0.329625074,0.198271908,0.29802136,0.359909521,0.320929642,1,0.114793205,-0.075409252,0.097997435,0.036896823,0.206323365,1,0.14885345,0.09523579,0.107941611,-0.091899006,0.430044146,1,0.788294599,0.627422952,0.903637294,0.598252031,0.87347555,1,0.943095169,0.904920628,0.6621952,0.7869715,0.927301136,1,0,0,FALSE
690,Call,99,European,3,5,100,105,105,100,100,0.371294076,0.270150678,0.307374203,0.268524576,0.351347258,1,0.117663133,-0.162071531,0.109173991,0.114286762,0.225710835,1,0.075807891,0.030885698,0.104445835,-0.022982827,0.462900873,1,0.767235085,0.655189775,0.927202995,0.597262856,0.860991046,1,0.952836682,0.8938295,0.592335187,0.863153984,0.94357891,1,0,0,FALSE
691,Put,190,European,6,5,100,105,100,105,100,0.158961596,0.281721839,0.417946709,0.300079454,0.169901673,1,0.066420807,-0.107429992,0.125677745,0.122506237,0.216374078,1,0.078919923,0.03038597,0.12597184,-0.096363666,0.461939207,1,0.727350247,0.652427426,0.903267291,0.578626557,0.823509863,1,0.952835202,0.884235225,0.624684984,0.836948406,0.905940257,1,0,0,FALSE
692,Call,85,European,3,5,100,105,100,100,100,0.151183165,0.351834966,0.384529671,0.42143511,0.297491011,1,0.104927918,-0.13864861,0.110725694,0.047038294,0.195149929,1,0.104164101,0.056469955,0.076333793,-0.030470585,0.464189548,1,0.744466812,0.660361769,0.930664161,0.542896547,0.801549998,1,0.922495836,0.881372621,0.661433678,0.806151394,0.89497037,1,0,0,FALSE
693,Put,95,European,6,5,100,105,100,100,100,0.311929589,0.404986394,0.360759097,0.278011974,0.178803394,1,0.076334602,-0.164871879,0.040292456,0.075603239,0.214638956,1,0.08185402,0.122652078,0.097732343,-0.100509007,0.474377299,1,0.78872611,0.639638169,0.984776473,0.503000426,0.875542596,1,0.920006282,0.887991566,0.618265119,0.862732596,0.884492764,1,0,0,FALSE
694,Call,50,American,0,5,70,105,100,100,100,0.181877701,0.277686492,0.447875621,0.206669497,0.229630726,1,0.067179635,-0.150490512,0.127271932,0.071502104,0.255166308,1,0.134275625,0.112625027,0.0653423,-0.104650849,0.458620354,1,0.722203769,0.612228034,0.982180902,0.528818626,0.817473544,1,0.919296665,0.89907291,0.621070839,0.790013255,0.92711497,1,3,9,TRUE
695,Put,97,European,3,5,80,95,100,100,100,0.126728659,0.374361014,0.309432795,0.405207056,0.282890133,1,0.086088263,-0.163425838,0.071193708,0.11859938,0.223667653,1,0.062410508,0.109888352,0.121952633,-0.073703564,0.428710064,1,0.772360388,0.60204885,0.912392346,0.552570349,0.809133673,1,0.908847265,0.921224564,0.619264381,0.801007168,0.900410359,1,0,0,FALSE
696,Call,85,European,3,5,70,105,100,100,100,0.204929986,0.273697993,0.26536218,0.194865815,0.349297908,1,0.108477542,-0.125677296,0.060445765,0.107217912,0.238219054,1,0.109067185,0.074220876,0.060914714,-0.103100661,0.449191209,1,0.719683124,0.627397117,0.98484868,0.513168103,0.863747018,1,0.981895796,0.876034745,0.63207627,0.83417284,0.954933506,1,0,0,FALSE
697,Put,96,European,6,5,102,105,100,100,100,0.124327084,0.156852772,0.392910342,0.313688939,0.134842158,1,0.057411797,-0.085104376,0.058149427,0.049493414,0.205126632,1,0.128790437,0.084366007,0.122909656,-0.051180304,0.472716928,1,0.740203812,0.632000795,0.958487112,0.596382356,0.867259264,1,0.918371048,0.878341077,0.657016368,0.838353156,0.939624552,1,0,0,FALSE
698,Call,100,European,3,5,100,100,100,100,100,0.41733257,0.378375444,0.291285597,0.351862042,0.397975664,1,0.123078498,-0.076793734,0.086128703,0.106675577,0.217588964,1,0.079538438,0.040786972,0.102011417,-0.115333407,0.445448135,1,0.784922916,0.675995924,0.973875038,0.54826745,0.839144995,1,0.905495981,0.857543152,0.637352033,0.784801777,0.928030585,1,0,0,FALSE
699,Call,85,European,3,5,100,105,100,100,100,0.367217483,0.25095955,0.413526732,0.41571073,0.217230465,1,0.094758457,-0.123188974,0.035599317,0.112120017,0.236389907,1,0.083389937,0.066536182,0.140430211,-0.06935716,0.496923952,1,0.728590846,0.692878335,0.919599232,0.531352878,0.80831853,1,0.987177464,0.900608913,0.689233885,0.874750675,0.883912412,1,0,0,FALSE
700,Put,95,European,6,5,100,105,100,100,100,0.309693309,0.430925612,0.282650056,0.365850742,0.215093017,1,0.113077837,-0.10462378,0.051423441,0.046530802,0.185064559,1,0.077425224,0.086565423,0.142326629,-0.028038021,0.457753331,1,0.718998922,0.649609793,0.975886441,0.56738833,0.803954627,1,0.938870138,0.8625537,0.652590943,0.846555498,0.895755998,1,0,0,FALSE
701,Call,50,American,0,5,70,105,100,100,100,0.224253794,0.374546471,0.384533968,0.307283446,0.374663823,1,0.117715801,-0.158349379,0.072695181,0.127785827,0.191834284,1,0.136452871,0.053094116,0.073533488,-0.078769463,0.446972082,1,0.7493572,0.699971055,0.913759905,0.519109134,0.899736817,1,0.933098409,0.89997525,0.612126184,0.825713966,0.882395627,1,3,9,TRUE
702,Put,97,European,3,5,80,95,100,100,100,0.284235648,0.160842451,0.239869783,0.255414834,0.308033715,1,0.111862839,-0.156358327,0.131216925,0.068681183,0.179288256,1,0.137490942,0.103102238,0.11149402,-0.047681731,0.420292375,1,0.763736509,0.674473102,0.942444254,0.585260955,0.866813726,1,0.927350847,0.90644392,0.590307421,0.850184626,0.962562815,1,0,0,FALSE
703,Call,85,European,3,5,70,105,100,100,100,0.151081987,0.369017028,0.299220083,0.155991182,0.103977109,1,0.130091555,-0.164085662,0.060983549,0.08177106,0.245141985,1,0.111995353,0.039585239,0.050926029,-0.028508158,0.400757568,1,0.740664277,0.698042694,0.98363179,0.51703042,0.869949603,1,0.995686772,0.859206153,0.689222183,0.818547876,0.892888113,1,0,0,FALSE
704,Put,96,European,6,5,102,105,100,100,100,0.281338224,0.29951287,0.423415296,0.239921903,0.106950389,1,0.050765416,-0.078251237,0.079028058,0.061456322,0.161660877,1,0.13765229,0.061684495,0.073270102,-0.04722157,0.41195859,1,0.760145958,0.685326223,0.960306329,0.582310336,0.813900433,1,0.909378021,0.882036338,0.623944693,0.818330155,0.952601688,1,0,0,FALSE
705,Put,89,American,0,5,79,105,100,100,100,0.368333223,0.253442927,0.256368752,0.391297174,0.385152748,1,0.097036633,-0.091061947,0.079263232,0.089629234,0.244734237,1,0.125907101,0.10317292,0.088405076,-0.092833523,0.412838962,1,0.779477588,0.690716719,0.948941443,0.583950944,0.828312872,1,0.980062224,0.869231246,0.619630477,0.83132989,0.91167966,1,9,12,TRUE
706,Call,40,European,3,5,100,100,100,110,100,0.393671357,0.278648071,0.220001333,0.175759533,0.280957731,1,0.1466224,-0.151082853,0.058768798,0.061185374,0.247385372,1,0.143962628,0.112431621,0.139454053,-0.03662714,0.429456516,1,0.799596791,0.605659989,0.982733671,0.59015549,0.857698545,1,0.925881716,0.903960584,0.665518827,0.811617824,0.922505221,1,0,0,FALSE
707,Call,97,European,3,5,100,105,105,100,100,0.248681158,0.415185701,0.410976292,0.193035397,0.129846486,1,0.11387472,-0.09085592,0.125400366,0.062093901,0.186937466,1,0.122522942,0.083292886,0.134177038,-0.073356054,0.400171672,1,0.77102194,0.674479014,0.904574814,0.505350141,0.824671308,1,0.911715363,0.925024618,0.668968292,0.800614182,0.928534077,1,0,0,FALSE
708,Put,188,European,6,5,100,105,100,105,100,0.142411552,0.418118771,0.153446761,0.275177077,0.282857443,1,0.142140376,-0.126881132,0.040949633,0.135242689,0.230105118,1,0.086076498,0.028857679,0.110628152,-0.025490361,0.433031008,1,0.718544691,0.695763341,0.911346097,0.556927716,0.805945304,1,0.911135273,0.884300304,0.604946623,0.793345084,0.957787051,1,0,0,FALSE
709,Call,58,American,0,5,70,105,99,100,95,0.15801292,0.252558987,0.215823437,0.210474689,0.103876486,1,0.063146762,-0.152273294,0.073491845,0.036712579,0.164241714,1,0.105279841,0.031658595,0.141415423,-0.046473794,0.491157407,1,0.770984714,0.638194629,0.923059404,0.597834839,0.802611179,1,0.902986398,0.89255177,0.662165966,0.862103693,0.94862305,1,6,9,TRUE
710,Put,140,European,3,5,100,95,70,80,100,0.182870598,0.434888933,0.212921422,0.343873317,0.135775434,1,0.138762943,-0.116894607,0.068302926,0.109246402,0.232917887,1,0.087125092,0.087369321,0.119852864,-0.057951977,0.422690736,1,0.739390941,0.644108311,0.960339132,0.552204388,0.864150569,1,0.938460494,0.876523232,0.641619187,0.807227653,0.904788101,1,0,0,FALSE
711,Call,20,European,3,5,70,105,100,100,100,0.210330572,0.404169966,0.372171183,0.222987253,0.259385229,1,0.146787896,-0.149644051,0.115648085,0.073241684,0.239331592,1,0.156884949,0.056071679,0.061202824,-0.036659169,0.495417706,1,0.719700859,0.636973153,0.946890531,0.581103537,0.854220956,1,0.979565505,0.894281017,0.596448076,0.871325014,0.967892378,1,0,0,FALSE
712,Put,120,European,6,5,102,105,100,100,100,0.274180214,0.349183238,0.368195309,0.395315881,0.231359856,1,0.057833225,-0.168887539,0.060944766,0.045617743,0.236653199,1,0.065874598,0.082486799,0.110134951,-0.037064068,0.474238818,1,0.794057888,0.622816037,0.992273306,0.583331335,0.878512827,1,0.99228327,0.862214513,0.648060269,0.826313573,0.913369966,1,0,0,FALSE
713,Put,102,American,0,5,79,105,100,100,100,0.345499771,0.348110016,0.300632572,0.345895996,0.257456332,1,0.071530079,-0.123273841,0.107855915,0.131312065,0.165412342,1,0.069931445,0.099714583,0.144617682,-0.03884269,0.454705448,1,0.755552486,0.622439314,0.901794676,0.58337716,0.83102333,1,0.94836953,0.929440372,0.688756717,0.860397836,0.93356479,1,3,12,FALSE
714,Call,101,European,3,5,100,100,100,100,100,0.384809061,0.265996082,0.351163117,0.190266472,0.138838491,1,0.119911802,-0.126183559,0.053211222,0.106079649,0.253915226,1,0.147635111,0.032912328,0.137513313,-0.055793537,0.470060743,1,0.715793095,0.68304142,0.949704917,0.504874867,0.894023158,1,0.904181152,0.910638576,0.613882307,0.845164809,0.87137387,1,0,0,FALSE
715,Call,78,European,3,5,100,105,100,100,100,0.275039697,0.417127307,0.186642756,0.325195307,0.36776105,1,0.058754635,-0.102592252,0.052077427,0.063549029,0.201614629,1,0.146116612,0.109646125,0.118050036,-0.055025247,0.480418038,1,0.701271838,0.670073659,0.931822716,0.516586682,0.805457786,1,0.953652944,0.93275359,0.640784583,0.832122592,0.961801853,1,0,0,FALSE
716,Put,99,European,6,5,100,105,100,100,100,0.269250064,0.331344596,0.183269873,0.41982457,0.323155018,1,0.062294752,-0.153725385,0.114302453,0.094361447,0.207670427,1,0.158142229,0.047560406,0.119539358,-0.051162045,0.473584398,1,0.787871449,0.610778529,0.956101277,0.551451805,0.813392927,1,0.936914399,0.865365892,0.683907783,0.800676297,0.871169751,1,0,0,FALSE
717,Call,65,American,0,5,70,105,100,100,100,0.246940519,0.259342136,0.344355852,0.2974113,0.318614282,1,0.127188164,-0.135421161,0.116698387,0.076162681,0.204261452,1,0.070301985,0.031405862,0.051608321,-0.104744706,0.429430058,1,0.743713124,0.684724602,0.960019482,0.519915381,0.803264059,1,0.952357896,0.905394249,0.688432557,0.874111393,0.945257083,1,3,9,TRUE
718,Put,97,European,3,5,80,95,100,100,100,0.143646191,0.391315587,0.311612692,0.414972386,0.36004111,1,0.109049628,-0.133339341,0.108106178,0.124703181,0.199606955,1,0.128147845,0.067578348,0.081166231,-0.05317326,0.475122498,1,0.788812586,0.637820056,0.98290113,0.580849763,0.821467883,1,0.973396251,0.946064198,0.6330636,0.87025624,0.928117019,1,0,0,FALSE
719,Call,85,European,3,5,70,105,100,100,100,0.268170087,0.323565774,0.344944856,0.356697858,0.160032698,1,0.120651136,-0.089373156,0.074854036,0.091258806,0.216927509,1,0.090750173,0.103039332,0.078154057,-0.025360765,0.409999579,1,0.721083763,0.660167077,0.937009955,0.57911519,0.872830837,1,0.970260953,0.949843232,0.6172687,0.833884745,0.969410621,1,0,0,FALSE
720,Put,96,European,6,5,102,105,100,100,100,0.275297584,0.354677595,0.228811689,0.220659852,0.217047364,1,0.052881118,-0.087731923,0.043337889,0.08880517,0.237040104,1,0.115192672,0.050902827,0.053774177,-0.101399832,0.451019926,1,0.794489916,0.680352139,0.938067545,0.549470733,0.873097739,1,0.94759982,0.941437109,0.596413707,0.790511347,0.955649681,1,0,0,FALSE
721,Call,99,European,3,5,100,105,105,100,100,0.371559972,0.302424155,0.278194143,0.156922323,0.365983854,1,0.145263217,-0.141062207,0.05790548,0.057110348,0.202443794,1,0.101033547,0.045477676,0.128907612,-0.082995797,0.435842521,1,0.706298919,0.694855829,0.900042709,0.577241044,0.805554862,1,0.906573448,0.93490817,0.59818765,0.846655838,0.879590167,1,0,0,FALSE
722,Put,190,European,6,5,100,105,100,105,100,0.356756931,0.15775388,0.180538453,0.273197039,0.233856911,1,0.071270363,-0.109243781,0.121301332,0.109923906,0.16909022,1,0.121933105,0.079103837,0.129096628,-0.043193277,0.436539239,1,0.752148158,0.604497281,0.97765169,0.519491433,0.860613173,1,0.909778895,0.875607682,0.686379391,0.81102131,0.8832882,1,0,0,FALSE
723,Call,85,European,3,5,100,105,100,100,100,0.353276722,0.256814721,0.401047807,0.235862727,0.175164845,1,0.092349091,-0.160179751,0.11820132,0.118618096,0.201251033,1,0.060522259,0.032703276,0.110583617,-0.036953002,0.459033944,1,0.76464197,0.661547591,0.98401491,0.557928547,0.813229538,1,0.99989883,0.874159849,0.643934153,0.806047235,0.952190177,1,0,0,FALSE
724,Put,95,European,6,5,100,105,100,100,100,0.343335907,0.198310111,0.229238112,0.299228869,0.111839918,1,0.109669488,-0.142705806,0.061042368,0.106367488,0.200091523,1,0.135348651,0.04555642,0.050914594,-0.078231049,0.416657411,1,0.735601621,0.622148803,0.912041135,0.51104642,0.872425307,1,0.962679501,0.910162675,0.689744564,0.84987369,0.876813139,1,0,0,FALSE
725,Call,50,American,0,5,70,105,100,100,100,0.392877307,0.431031192,0.440681539,0.310180258,0.1767749,1,0.105315594,-0.084965244,0.068278515,0.111880346,0.207149731,1,0.136545174,0.062838698,0.07624893,-0.069957264,0.425959922,1,0.770045285,0.660779501,0.970907377,0.522962095,0.881618943,1,0.961416713,0.937092364,0.647518858,0.809127806,0.886936388,1,3,9,TRUE
726,Put,97,European,3,5,80,95,100,100,100,0.265446384,0.337592493,0.232723373,0.270012239,0.211801586,1,0.075755895,-0.118904399,0.064705065,0.112769522,0.16510266,1,0.106818019,0.101190171,0.106620142,-0.04259172,0.45681162,1,0.754153422,0.661788324,0.915591223,0.508455758,0.848976092,1,0.901690293,0.882229136,0.66353349,0.837071506,0.967993733,1,0,0,FALSE
727,Put,97,American,0,5,79,105,100,100,100,0.38452304,0.213037562,0.220493246,0.394805832,0.183552352,1,0.127358511,-0.148711275,0.048053368,0.045002359,0.181915979,1,0.124820847,0.034258692,0.104024876,-0.029620287,0.409509582,1,0.725477083,0.65460544,0.951916604,0.565045781,0.857116428,1,0.942929845,0.91939059,0.681330313,0.792775282,0.897640176,1,9,12,TRUE
728,Call,10,European,3,5,100,100,100,110,100,0.411260274,0.261357622,0.346834222,0.135713331,0.162637376,1,0.107512347,-0.132570618,0.061080287,0.080482814,0.207604083,1,0.105627476,0.042874275,0.057272204,-0.05221167,0.497272222,1,0.736012364,0.671816311,0.995877477,0.5577136,0.808673588,1,0.931404944,0.879697807,0.655911539,0.822569965,0.952910907,1,0,0,FALSE
729,Call,99,European,3,5,100,105,105,100,100,0.197790325,0.201008499,0.266296323,0.226696006,0.359941002,1,0.050070306,-0.119319804,0.071570688,0.090523928,0.162632902,1,0.067042879,0.091906026,0.105979951,-0.081236627,0.444748469,1,0.764597248,0.658236151,0.903330795,0.555571192,0.841444716,1,0.994743092,0.886793142,0.68892272,0.800084486,0.917743803,1,0,0,FALSE
730,Put,190,European,6,5,100,105,100,105,100,0.130213015,0.365636265,0.427434253,0.398032907,0.193629763,1,0.118965321,-0.09061177,0.102125566,0.094208941,0.166167671,1,0.101434594,0.049089934,0.070941591,-0.108186336,0.431397425,1,0.790413003,0.633322089,0.951156154,0.577439066,0.896443594,1,0.984804777,0.908153069,0.614928822,0.83844065,0.92770863,1,0,0,FALSE
731,Call,68,American,0,5,70,105,99,100,95,0.258336047,0.147679846,0.357792718,0.269834512,0.146887711,1,0.055260875,-0.119004169,0.038076057,0.119994649,0.231241752,1,0.09923816,0.05733004,0.06944568,-0.111339965,0.492812761,1,0.748501627,0.631129007,0.957976594,0.577864116,0.840750755,1,0.968901495,0.930346367,0.679642437,0.875827522,0.95697957,1,6,9,TRUE
732,Put,142,European,3,5,100,95,70,80,100,0.263648047,0.410384827,0.226395603,0.253980575,0.320130455,1,0.055150743,-0.169424768,0.059995006,0.119144544,0.215265844,1,0.148294526,0.026849943,0.115898437,-0.06129139,0.420004159,1,0.758662526,0.664542539,0.954303012,0.575082327,0.8342646,1,0.914604963,0.875893849,0.648219234,0.834424066,0.89718993,1,0,0,FALSE
733,Call,97,European,3,5,70,105,100,100,100,0.354535936,0.251541417,0.446152063,0.355478332,0.203804357,1,0.090134332,-0.162171277,0.037568871,0.080785918,0.19250638,1,0.148845113,0.084627277,0.148074051,-0.023501038,0.492195559,1,0.731941349,0.604708164,0.917627111,0.588559299,0.891050782,1,0.929042787,0.851912099,0.61169364,0.82358294,0.967949559,1,0,0,FALSE
734,Put,125,European,6,5,102,105,100,100,100,0.332218577,0.326274641,0.26278902,0.393182813,0.397781042,1,0.053202046,-0.090905867,0.061114107,0.094506529,0.22375813,1,0.077690984,0.024030005,0.098723257,-0.047920609,0.496255364,1,0.72334422,0.698154951,0.927225229,0.507419368,0.83526558,1,0.989209457,0.935089573,0.646414347,0.781705526,0.870820287,1,0,0,FALSE
735,Put,135,American,0,5,79,105,100,100,100,0.246431239,0.249332082,0.193726816,0.26945944,0.165924654,1,0.05054545,-0.164114235,0.052796051,0.111325818,0.238440545,1,0.095690488,0.036294988,0.092498235,-0.046361101,0.451900385,1,0.73349756,0.64382785,0.913396565,0.552068628,0.858827062,1,0.970865952,0.918070562,0.656514726,0.846712331,0.937131553,1,3,6,FALSE
736,Put,99,European,6,5,100,105,100,100,100,0.390101602,0.153081509,0.344617128,0.373077875,0.332003531,1,0.121911598,-0.080293417,0.125070357,0.127364887,0.204089517,1,0.074698244,0.102549998,0.067684505,-0.052417727,0.482761525,1,0.788418834,0.651408846,0.990730197,0.523668414,0.896712974,1,0.939192653,0.91518112,0.624330315,0.803342767,0.938628973,1,0,0,FALSE
737,Call,65,American,0,5,70,105,100,100,100,0.193185308,0.384701388,0.333141311,0.359082197,0.263104523,1,0.114605041,-0.075600445,0.083879685,0.087567551,0.226308189,1,0.130160259,0.071634869,0.127694719,-0.028074984,0.481147169,1,0.758744375,0.673541024,0.918455106,0.582734779,0.877118381,1,0.99492341,0.884251224,0.610965174,0.86660317,0.934584565,1,3,9,TRUE
738,Put,97,European,3,5,80,95,100,100,100,0.408539273,0.14818169,0.325143669,0.346329201,0.321087324,1,0.058725059,-0.111795438,0.036278785,0.107034809,0.246306494,1,0.151108285,0.044661655,0.081753439,-0.069927382,0.4698767,1,0.763983752,0.622119161,0.97128514,0.554991336,0.827627223,1,0.941397192,0.854011688,0.659108427,0.819828886,0.964583143,1,0,0,FALSE
739,Call,85,European,3,5,70,105,100,100,100,0.206662885,0.167811755,0.385024287,0.233593765,0.27160132,1,0.139650269,-0.130992164,0.042145979,0.051879049,0.18128839,1,0.110939446,0.08202117,0.111301576,-0.090893166,0.40072512,1,0.74594213,0.614921561,0.958046784,0.520035089,0.884152747,1,0.944199795,0.855800071,0.647388611,0.785203315,0.940967439,1,0,0,FALSE
740,Put,96,European,6,5,102,105,100,100,100,0.198832567,0.276658172,0.315685513,0.23622996,0.290957137,1,0.07548472,-0.094746921,0.078966568,0.088890481,0.177681366,1,0.072120794,0.026609337,0.135308593,-0.075232842,0.436302223,1,0.754381098,0.699188489,0.905638874,0.56101032,0.869311828,1,0.926111419,0.933524257,0.590572182,0.791873196,0.884975808,1,0,0,FALSE
741,Put,97,American,0,5,79,105,100,100,100,0.279272844,0.209641626,0.382531468,0.292364478,0.332305497,1,0.060708948,-0.128089545,0.046030196,0.044781832,0.254737184,1,0.079867461,0.088731185,0.100812134,-0.089980432,0.488443448,1,0.701250956,0.678286695,0.905829793,0.573295128,0.897514772,1,0.912305411,0.882918555,0.593512204,0.849257086,0.968746382,1,9,12,TRUE
742,Call,10,European,3,5,100,100,100,110,100,0.390533385,0.349949609,0.197789173,0.429884408,0.229521057,1,0.131527657,-0.101532534,0.053016394,0.051593364,0.181739386,1,0.101443284,0.101635004,0.135214748,-0.034324427,0.453078272,1,0.744723094,0.602590959,0.997644651,0.545736669,0.839808641,1,0.983022782,0.856595335,0.601818774,0.783248767,0.891890983,1,0,0,FALSE
743,Call,99,European,3,5,100,105,105,100,100,0.193436066,0.437984754,0.364529614,0.158141241,0.310795833,1,0.074116718,-0.093916412,0.130386443,0.054631193,0.23594109,1,0.150035191,0.034898285,0.085999344,-0.065764446,0.427487312,1,0.72206431,0.698416917,0.987303581,0.504403145,0.851269168,1,0.956520763,0.893468471,0.619790444,0.842068735,0.948941119,1,0,0,FALSE
744,Put,190,European,6,5,100,105,100,105,100,0.398040122,0.165394461,0.198332301,0.202177996,0.279940967,1,0.072366568,-0.109985916,0.086096602,0.101834054,0.223018647,1,0.128696034,0.068125252,0.08510744,-0.10309137,0.467336252,1,0.783418928,0.60883314,0.947828289,0.585070163,0.874741267,1,0.958211093,0.890691669,0.603091544,0.803805248,0.875251111,1,0,0,FALSE
745,Call,85,European,3,5,100,105,100,100,100,0.254872574,0.224803838,0.3285794,0.262718847,0.194144744,1,0.058665193,-0.154928973,0.078959377,0.089765468,0.163000021,1,0.127962699,0.034917923,0.054571055,-0.057534766,0.482455023,1,0.761145418,0.691765454,0.929313045,0.57873283,0.805782171,1,0.921062437,0.907613469,0.609544489,0.820086949,0.937438218,1,0,0,FALSE
746,Put,95,European,6,5,100,105,100,100,100,0.201149919,0.25486339,0.182096755,0.36930525,0.262166893,1,0.125423068,-0.106856033,0.109956868,0.038651063,0.235809535,1,0.137631223,0.03842498,0.077977964,-0.069808065,0.487278512,1,0.747227509,0.671972931,0.920986126,0.541540372,0.832219071,1,0.938977947,0.927099101,0.656811267,0.868508175,0.930338145,1,0,0,FALSE
747,Call,50,American,0,5,70,105,100,100,100,0.327800045,0.387299205,0.394732581,0.145293523,0.334717419,1,0.088927534,-0.162378779,0.071962071,0.056846977,0.250143629,1,0.129997332,0.106950199,0.119003927,-0.063862983,0.476211176,1,0.720242586,0.665824937,0.921821887,0.531422102,0.811912068,1,0.942865229,0.912829978,0.640110818,0.859092296,0.933016925,1,3,9,TRUE
748,Put,97,European,3,5,80,95,100,100,100,0.30010458,0.216463255,0.345141974,0.370877084,0.150231794,1,0.089971935,-0.075365819,0.05798778,0.129645549,0.18483833,1,0.134277042,0.113228068,0.101672324,-0.096463575,0.486329018,1,0.758252121,0.671296805,0.925002151,0.571448589,0.849355282,1,0.95205189,0.854703205,0.650915106,0.801579448,0.965252305,1,0,0,FALSE
749,Call,85,European,3,5,70,105,100,100,100,0.406579834,0.387663964,0.314695876,0.245524849,0.216557357,1,0.089096488,-0.071796827,0.034185147,0.088953405,0.200131943,1,0.083234977,0.068137065,0.135687832,-0.109458995,0.430772787,1,0.733510554,0.619724765,0.955104492,0.553655652,0.887946919,1,0.995546099,0.860858603,0.652402931,0.827443881,0.940185445,1,0,0,FALSE
750,Put,96,European,6,5,102,105,100,100,100,0.380267133,0.22751987,0.335129772,0.333173692,0.293635112,1,0.144631823,-0.079432985,0.064261085,0.067693906,0.183620307,1,0.088545035,0.096075446,0.129648732,-0.099362959,0.498605447,1,0.71448863,0.645290349,0.953262268,0.508884127,0.871867033,1,0.981247052,0.916997698,0.649040301,0.874064865,0.93113094,1,0,0,FALSE
751,Call,68,American,0,5,70,105,99,100,95,0.29357365,0.150653483,0.293811342,0.276300105,0.318326952,1,0.06289187,-0.142059097,0.105931112,0.112767308,0.190508094,1,0.060779778,0.091280174,0.130688344,-0.118228411,0.411007446,1,0.733184153,0.665282866,0.908363457,0.522493511,0.842385014,1,0.955503239,0.883929284,0.658405365,0.845662392,0.929567404,1,6,9,TRUE
752,Put,142,European,3,5,100,95,70,80,100,0.323771773,0.290092521,0.166466487,0.309069907,0.248697349,1,0.063747391,-0.125401913,0.077670256,0.054038662,0.248697254,1,0.082845971,0.119738209,0.092551133,-0.070959469,0.430391532,1,0.706434179,0.63500007,0.986278573,0.595019585,0.850543932,1,0.954038782,0.868569873,0.684105705,0.794589091,0.921062538,1,0,0,FALSE
753,Call,97,European,3,5,70,105,100,100,100,0.158651607,0.277431133,0.435489234,0.284364078,0.131597819,1,0.081834327,-0.096772143,0.078035466,0.041524384,0.177051518,1,0.108244052,0.065073266,0.13228996,-0.095159355,0.48610755,1,0.750908639,0.633320217,0.930208812,0.592763474,0.833301123,1,0.950911608,0.882655445,0.602889452,0.810278921,0.948943261,1,0,0,FALSE
754,Put,125,European,6,5,102,105,100,100,100,0.22322322,0.379933416,0.348446008,0.258094084,0.348591598,1,0.139585039,-0.12176654,0.133799044,0.085362131,0.186635682,1,0.08275575,0.077188015,0.131596445,-0.062633293,0.46336907,1,0.739522171,0.620944095,0.975812651,0.553942849,0.866451262,1,0.964608432,0.852541124,0.666637023,0.833811872,0.909090934,1,0,0,FALSE
755,Put,135,American,0,5,79,105,100,100,100,0.309195714,0.308283484,0.401229209,0.324383656,0.198859005,1,0.058123989,-0.147229149,0.132752972,0.060421266,0.256710515,1,0.151673542,0.112419208,0.076498692,-0.059576878,0.425301511,1,0.785200444,0.664575228,0.929806851,0.519328345,0.852094303,1,0.917604064,0.940832195,0.662691989,0.795227473,0.901846814,1,3,6,FALSE
756,Put,99,European,6,5,100,105,100,100,100,0.322718687,0.311256372,0.397656468,0.368666009,0.385786512,1,0.072284526,-0.121344242,0.085454643,0.062533071,0.198744088,1,0.146583832,0.037095574,0.13813961,-0.107155967,0.429129682,1,0.753009053,0.68519267,0.928545554,0.542523499,0.822646718,1,0.98768363,0.874716946,0.607628577,0.798546604,0.962971142,1,0,0,FALSE
757,Call,65,American,0,5,70,105,100,100,100,0.212836478,0.231834864,0.18864076,0.273796851,0.251213323,1,0.143740623,-0.134554885,0.075320242,0.10402587,0.206408829,1,0.140743138,0.097692699,0.060975045,-0.093891996,0.489608653,1,0.760050302,0.699636259,0.981164208,0.517703837,0.898172527,1,0.928737172,0.943786856,0.608868023,0.789922294,0.914724244,1,3,9,TRUE
758,Put,97,European,3,5,80,95,100,100,100,0.22140785,0.414295194,0.358477674,0.192291531,0.228508712,1,0.14983279,-0.128265712,0.048613172,0.092785077,0.256848939,1,0.130505837,0.092606469,0.13579435,-0.048399049,0.462140544,1,0.777323551,0.616246346,0.943510397,0.577376973,0.851278142,1,0.96567693,0.871531616,0.59178952,0.792797368,0.932217545,1,0,0,FALSE
759,Call,85,European,3,5,70,105,100,100,100,0.259557707,0.237423507,0.352865702,0.187728489,0.392037301,1,0.075287051,-0.142160477,0.046682192,0.127628984,0.173143664,1,0.159516237,0.114009848,0.144432569,-0.032287958,0.49047913,1,0.785861036,0.684989242,0.932596047,0.543498354,0.859039047,1,0.925225881,0.852612026,0.646245319,0.86993643,0.933219076,1,0,0,FALSE
760,Put,96,European,6,5,102,105,100,100,100,0.358772955,0.326543838,0.353280017,0.35309892,0.200703274,1,0.126411958,-0.162202712,0.115510585,0.108389852,0.241179565,1,0.099535317,0.046500267,0.112651768,-0.034022643,0.475166826,1,0.745507904,0.675410877,0.991328393,0.545731874,0.864462214,1,0.925183087,0.894996676,0.592972148,0.830869752,0.900237728,1,0,0,FALSE
761,Put,97,American,0,5,79,105,100,100,100,0.311937486,0.280445605,0.249854318,0.237824009,0.124551036,1,0.12096579,-0.127784382,0.053057359,0.108147774,0.20488073,1,0.064555409,0.109956967,0.085530942,-0.047445345,0.401041921,1,0.738983834,0.678424508,0.935049034,0.539761058,0.81096388,1,0.915725716,0.910997399,0.626590492,0.810425308,0.890604091,1,9,12,TRUE
762,Call,10,European,3,5,100,100,100,110,100,0.247074698,0.15592802,0.263270368,0.303287506,0.348671229,1,0.052998679,-0.114804777,0.055254167,0.048424029,0.166833866,1,0.125377856,0.034258923,0.101063689,-0.108906055,0.499741536,1,0.705236582,0.661231196,0.985831761,0.521347048,0.844038685,1,0.993009387,0.929470372,0.669389234,0.836179338,0.871653727,1,0,0,FALSE
763,Call,99,European,3,5,100,105,105,100,100,0.197792976,0.385586817,0.173533746,0.423469851,0.310572376,1,0.103599044,-0.120503473,0.041648078,0.043597969,0.211474468,1,0.103034452,0.105837637,0.066575523,-0.080981182,0.482512449,1,0.729894145,0.684025783,0.920671736,0.588408548,0.843604785,1,0.917550247,0.861760212,0.647269359,0.872805064,0.946934561,1,0,0,FALSE
764,Put,190,European,6,5,100,105,100,105,100,0.249946352,0.359386757,0.393209325,0.265256227,0.332756407,1,0.116167402,-0.093455235,0.046999716,0.133076954,0.248615674,1,0.158657,0.087666574,0.084816354,-0.067196732,0.454010602,1,0.77522815,0.641809993,0.979740248,0.591420605,0.83190957,1,0.957078831,0.926533563,0.642546751,0.861246431,0.940673184,1,0,0,FALSE
765,Call,85,European,3,5,100,105,100,100,100,0.230507784,0.363860051,0.277500409,0.273204462,0.130885804,1,0.084506215,-0.132340354,0.109726039,0.083624624,0.179325668,1,0.062121441,0.082104985,0.061499995,-0.092068542,0.457329686,1,0.72507212,0.697229557,0.936915,0.533146587,0.883239334,1,0.94803655,0.85134492,0.605285212,0.861758174,0.950535347,1,0,0,FALSE
766,Put,95,European,6,5,100,105,100,100,100,0.240640986,0.308138779,0.209695231,0.260754418,0.295493294,1,0.112658936,-0.126678226,0.122676172,0.131191825,0.185562369,1,0.112899651,0.117543166,0.114301505,-0.046169528,0.45843836,1,0.713596465,0.659706899,0.902162136,0.510808834,0.859157446,1,0.9910306,0.888642057,0.645172503,0.825498842,0.871947108,1,0,0,FALSE
767,Call,50,American,0,5,70,105,100,100,100,0.286182247,0.142715867,0.441135135,0.177416691,0.158704412,1,0.064202848,-0.096967761,0.121000103,0.112346019,0.222850159,1,0.0869301,0.109069742,0.068978865,-0.074463565,0.462310213,1,0.754611936,0.63415364,0.901227626,0.577730699,0.814175288,1,0.918863311,0.942849516,0.646833951,0.799207352,0.95043083,1,3,9,TRUE
768,Put,97,European,3,5,80,95,100,100,100,0.381477015,0.3851167,0.199001337,0.268906047,0.284282271,1,0.104247795,-0.16210407,0.057957275,0.108203968,0.24518605,1,0.150732092,0.023176451,0.118865842,-0.103339614,0.427618336,1,0.767866328,0.680094715,0.975248485,0.534158958,0.863788785,1,0.927196253,0.88140472,0.672894328,0.84075971,0.929811546,1,0,0,FALSE
769,Put,188,European,6,5,100,105,100,105,100,0.422490784,0.2541597,0.395690011,0.318423818,0.260690438,1,0.120664459,-0.07773857,0.046261839,0.067201369,0.179687051,1,0.102517914,0.060638621,0.104820819,-0.105385062,0.479628827,1,0.767055796,0.646942422,0.957674181,0.523844005,0.803606843,1,0.980306665,0.909683493,0.647722579,0.816252867,0.963968265,1,0,0,FALSE
770,Call,58,American,0,5,70,105,99,100,95,0.228928355,0.238204679,0.380125647,0.282166874,0.251223208,1,0.06555133,-0.11661407,0.114362962,0.070086005,0.239362768,1,0.111131531,0.097547342,0.09736143,-0.113433625,0.427612794,1,0.740905083,0.681607844,0.994935521,0.577650478,0.819577785,1,0.989973679,0.94108869,0.663393601,0.834282888,0.947951042,1,6,9,TRUE
771,Put,140,European,3,5,100,95,70,80,100,0.423597208,0.253382525,0.156838616,0.28045072,0.356569228,1,0.117300616,-0.130007488,0.04366918,0.082594374,0.176250188,1,0.077354709,0.116738215,0.112327609,-0.047421609,0.443407754,1,0.728828726,0.680842064,0.908605865,0.534987819,0.846606554,1,0.956666539,0.927151662,0.613986859,0.829398523,0.92418551,1,0,0,FALSE
772,Call,20,European,3,5,70,105,100,100,100,0.251404014,0.424176923,0.41488331,0.248500964,0.209498957,1,0.113697484,-0.156059069,0.08651686,0.051114106,0.215570513,1,0.117659367,0.057404377,0.050044549,-0.066250548,0.420244764,1,0.722010738,0.662587678,0.959485468,0.517074273,0.865805454,1,0.922315142,0.929558589,0.644719907,0.854782831,0.935604314,1,0,0,FALSE
773,Put,120,European,6,5,102,105,100,100,100,0.32187493,0.141521136,0.154945423,0.367094739,0.352372398,1,0.073603199,-0.132501044,0.120007308,0.128525765,0.209187428,1,0.084835486,0.102649275,0.097548846,-0.079505106,0.491418324,1,0.727608872,0.643136558,0.955621597,0.554532226,0.826775198,1,0.909396276,0.914392048,0.665406983,0.852273374,0.881093523,1,0,0,FALSE
774,Put,102,American,0,5,79,105,100,100,100,0.174066031,0.401457268,0.217822311,0.433463583,0.130138522,1,0.095328428,-0.119814092,0.118532879,0.111980186,0.243089521,1,0.103130117,0.068402066,0.114412441,-0.101558962,0.446187732,1,0.727258655,0.613461834,0.968182276,0.549917087,0.893391344,1,0.949358059,0.876297398,0.660787671,0.830982369,0.931448285,1,3,12,FALSE
775,Call,101,European,3,5,100,100,100,100,100,0.378902996,0.353845231,0.230534428,0.145859898,0.276345852,1,0.136047415,-0.107175072,0.056960701,0.038036602,0.180457197,1,0.086209598,0.057574522,0.054377999,-0.024100854,0.450977886,1,0.744558252,0.641987369,0.90071045,0.547250182,0.869349458,1,0.93848594,0.85186289,0.596133047,0.849102834,0.968921037,1,0,0,FALSE
776,Call,78,European,3,5,100,105,100,100,100,0.249785853,0.335547565,0.167362293,0.405849413,0.262933004,1,0.100037326,-0.157370109,0.04249564,0.100494642,0.190312545,1,0.120736757,0.049078884,0.128218135,-0.102824548,0.447540522,1,0.763715312,0.674477157,0.914488843,0.580339776,0.871288285,1,0.918474269,0.925595814,0.625774522,0.783858738,0.913775757,1,0,0,FALSE
777,Put,99,European,6,5,100,105,100,100,100,0.280457611,0.430842846,0.15420581,0.365453942,0.256599428,1,0.083226115,-0.081067498,0.068854479,0.046892998,0.172136625,1,0.157904689,0.037763389,0.10603143,-0.096222777,0.474141039,1,0.727057424,0.619018191,0.937987776,0.539363726,0.841487099,1,0.959131042,0.872015301,0.602188248,0.845108813,0.905621902,1,0,0,FALSE
778,Call,65,American,0,5,70,105,100,100,100,0.340193545,0.219162701,0.401693725,0.157065239,0.172347761,1,0.139950854,-0.140892807,0.113482664,0.094342907,0.250234927,1,0.10122132,0.071628227,0.054989857,-0.019339978,0.438202269,1,0.769574812,0.689833626,0.916270523,0.567091305,0.835535787,1,0.983130911,0.903208067,0.639673938,0.836440417,0.946923998,1,3,9,TRUE
779,Put,97,European,3,5,80,95,100,100,100,0.399014989,0.150031063,0.17998423,0.407411913,0.274700361,1,0.134933517,-0.070009336,0.12772475,0.075275969,0.187209957,1,0.086531223,0.045660045,0.131054527,-0.112365599,0.420544562,1,0.700451906,0.618528083,0.987286056,0.534246444,0.800951188,1,0.922928532,0.909276159,0.63757938,0.801805452,0.918390607,1,0,0,FALSE
780,Call,85,European,3,5,70,105,100,100,100,0.387785541,0.339727091,0.399740103,0.260332664,0.175162351,1,0.103076366,-0.093739395,0.077599516,0.120695143,0.208998583,1,0.089196309,0.113602473,0.076515431,-0.097024179,0.466139539,1,0.725789597,0.682922916,0.911634953,0.594243794,0.868822537,1,0.93390099,0.88685495,0.666659877,0.869971474,0.945900974,1,0,0,FALSE
781,Put,96,European,6,5,102,105,100,100,100,0.25483368,0.334518408,0.421763395,0.226039462,0.111292311,1,0.111199958,-0.158861206,0.132413798,0.065886811,0.182231097,1,0.147141252,0.101513044,0.1327844,-0.07784276,0.459868489,1,0.771145059,0.65417332,0.98584829,0.5671357,0.894271799,1,0.955409584,0.885940748,0.607273662,0.865600176,0.887839579,1,0,0,FALSE
782,Put,97,American,0,5,79,105,100,100,100,0.363502052,0.350386851,0.186538609,0.34842065,0.266133816,1,0.081568827,-0.083246749,0.045520636,0.055935363,0.18326082,1,0.159414736,0.075798701,0.057932558,-0.098781953,0.441671448,1,0.725400439,0.632648303,0.960034705,0.593593765,0.844565275,1,0.901921976,0.862441453,0.626554005,0.877304767,0.96688147,1,9,12,TRUE
783,Call,10,European,3,5,100,100,100,110,100,0.301754873,0.156441881,0.164752037,0.206372166,0.262107215,1,0.103277503,-0.118717125,0.03696052,0.132579151,0.244616407,1,0.142134219,0.071869516,0.084430779,-0.056114004,0.443143119,1,0.757493554,0.675588134,0.965883753,0.533307919,0.888883101,1,0.913683686,0.880161742,0.610776947,0.823474651,0.936018516,1,0,0,FALSE
784,Call,99,European,3,5,100,105,105,100,100,0.401008862,0.148102233,0.260237556,0.170011786,0.345045118,1,0.087650427,-0.1438035,0.066934766,0.047452754,0.192151877,1,0.062843451,0.037934458,0.068492301,-0.06349745,0.459094504,1,0.704673763,0.692213729,0.920470163,0.5821551,0.873121901,1,0.93569313,0.864289581,0.656178968,0.869229973,0.891140732,1,0,0,FALSE
785,Put,190,European,6,5,100,105,100,105,100,0.267385964,0.215281051,0.370513476,0.146142053,0.397902579,1,0.050534905,-0.072472747,0.107352001,0.089532776,0.253764583,1,0.139613305,0.030082563,0.108789464,-0.082866111,0.47428404,1,0.709254261,0.60058623,0.957030173,0.504322382,0.834597145,1,0.931903896,0.939284065,0.651153224,0.837376937,0.898842619,1,0,0,FALSE
786,Call,68,American,0,5,70,105,99,100,95,0.209008125,0.404897004,0.359117463,0.269439168,0.224827596,1,0.126665547,-0.105950515,0.111033395,0.042060466,0.195803893,1,0.148669867,0.059698288,0.095535537,-0.027367712,0.412509076,1,0.750928224,0.602051407,0.917672212,0.504550697,0.826849108,1,0.995071334,0.931687227,0.639752901,0.873631561,0.918150114,1,6,9,TRUE
787,Put,142,European,3,5,100,95,70,80,100,0.273560909,0.408941017,0.292928911,0.199167357,0.23518071,1,0.136822784,-0.09041853,0.096655109,0.043848718,0.185345106,1,0.088778664,0.105213967,0.130696482,-0.025618076,0.45210646,1,0.763444202,0.604753969,0.932192408,0.585055174,0.879024498,1,0.914961744,0.899901889,0.656989101,0.86430839,0.95300042,1,0,0,FALSE
788,Call,97,European,3,5,70,105,100,100,100,0.135687396,0.14616244,0.351108974,0.247716572,0.210873576,1,0.129486638,-0.09791364,0.099244608,0.045219009,0.212389568,1,0.121878217,0.110914207,0.134195768,-0.083489707,0.479658347,1,0.71763747,0.662261103,0.946435782,0.552480869,0.871655418,1,0.981409298,0.897712196,0.648596089,0.848582834,0.96048019,1,0,0,FALSE
789,Put,125,European,6,5,102,105,100,100,100,0.346153989,0.290051532,0.205829937,0.339470492,0.360146227,1,0.055071809,-0.087528103,0.058012683,0.074707332,0.244301496,1,0.100067396,0.028962783,0.102411129,-0.068488664,0.474258975,1,0.723803024,0.629128526,0.910611702,0.504490172,0.851937923,1,0.928855599,0.907485495,0.665319641,0.783893148,0.88104609,1,0,0,FALSE
790,Put,135,American,0,5,79,105,100,100,100,0.357871247,0.35209365,0.344668353,0.408398043,0.356037569,1,0.141442983,-0.12691038,0.083708111,0.099671607,0.216607661,1,0.078982596,0.062148608,0.114588048,-0.086055349,0.466246459,1,0.751139437,0.658122533,0.953948213,0.575167983,0.872616051,1,0.939963092,0.944275492,0.66769434,0.861694689,0.921802305,1,3,6,FALSE
791,Put,99,European,6,5,100,105,100,100,100,0.382801128,0.308815843,0.246696548,0.144444273,0.105088208,1,0.117525583,-0.150133282,0.074247209,0.101323882,0.18367064,1,0.078555456,0.099494418,0.076544949,-0.02430161,0.499050435,1,0.718393495,0.651916876,0.995217281,0.595978469,0.822795506,1,0.905433955,0.906314471,0.680502991,0.787887902,0.939694389,1,0,0,FALSE
792,Call,65,American,0,5,70,105,100,100,100,0.147455451,0.165760402,0.40125847,0.142570632,0.294276413,1,0.136027436,-0.124912221,0.048738541,0.09520555,0.186340796,1,0.103728584,0.029973645,0.096277965,-0.046128392,0.499231658,1,0.744063492,0.631974511,0.961913723,0.579506765,0.827109274,1,0.91527534,0.862289196,0.597241133,0.781479937,0.875345532,1,3,9,TRUE
793,Put,97,European,3,5,80,95,100,100,100,0.171303159,0.355826405,0.191938934,0.349939194,0.330271651,1,0.079724345,-0.079501242,0.117748491,0.129975292,0.187358677,1,0.097717927,0.097818939,0.056397611,-0.039968595,0.400506559,1,0.75488702,0.640202172,0.977950305,0.521535968,0.84085652,1,0.96908804,0.879847524,0.682330535,0.860274681,0.94329287,1,0,0,FALSE
794,Call,85,European,3,5,70,105,100,100,100,0.241715594,0.203391657,0.272785021,0.187208203,0.11574225,1,0.135195208,-0.110242767,0.06727801,0.06887063,0.181134751,1,0.075975767,0.111744111,0.115193064,-0.028324818,0.454182068,1,0.79680376,0.651761513,0.945493759,0.598543644,0.858432759,1,0.940521713,0.85400919,0.641927481,0.831048688,0.954341962,1,0,0,FALSE
795,Put,96,European,6,5,102,105,100,100,100,0.230942497,0.410168734,0.169288616,0.21073985,0.148588108,1,0.082420672,-0.070888667,0.115505005,0.08021993,0.174899733,1,0.087038854,0.053528593,0.076525892,-0.04680604,0.455186474,1,0.743724647,0.671359317,0.981715666,0.542791124,0.852256512,1,0.990654854,0.868340025,0.649259328,0.822676941,0.894836452,1,0,0,FALSE
796,Put,97,American,0,5,79,105,100,100,100,0.336850961,0.207159805,0.239122814,0.197668109,0.30277518,1,0.146348554,-0.140327995,0.113385518,0.111739232,0.194530701,1,0.120773003,0.069290451,0.104360939,-0.073925273,0.472675384,1,0.76277134,0.671383506,0.976844905,0.549978089,0.874916945,1,0.917166462,0.944615895,0.665528478,0.820428727,0.877702329,1,9,12,TRUE
797,Call,10,European,3,5,100,100,100,110,100,0.364644706,0.318469417,0.375731141,0.394520549,0.321008242,1,0.106038857,-0.108848148,0.051417423,0.095046037,0.179062107,1,0.122448673,0.09265232,0.083144423,-0.048352692,0.428829981,1,0.789702528,0.600846166,0.934851504,0.592126974,0.875463611,1,0.964336233,0.869661404,0.609664954,0.832966505,0.883203745,1,0,0,FALSE
798,Call,99,European,3,5,100,105,105,100,100,0.404272682,0.223612324,0.419255171,0.38410842,0.176601204,1,0.094885407,-0.075897289,0.125369076,0.101494382,0.235202094,1,0.150312444,0.043663159,0.127091353,-0.061394121,0.461180139,1,0.737542448,0.691792596,0.938806044,0.515034158,0.834871345,1,0.94373555,0.85372926,0.640027781,0.872936177,0.9647898,1,0,0,FALSE
799,Put,190,European,6,5,100,105,100,105,100,0.128475143,0.416226494,0.341593455,0.349868762,0.29061901,1,0.071514844,-0.128732054,0.108771021,0.121546013,0.245073743,1,0.152685699,0.119207468,0.121331358,-0.072905063,0.476845739,1,0.705166754,0.64536116,0.989290243,0.588875328,0.871868517,1,0.956982602,0.945974883,0.659908969,0.801585217,0.879454449,1,0,0,FALSE
800,Call,85,European,3,5,100,105,100,100,100,0.248777001,0.420236642,0.212687772,0.282414908,0.35804624,1,0.109735373,-0.128579317,0.086815126,0.124312057,0.233835068,1,0.110575049,0.110739692,0.14770128,-0.031178564,0.427549292,1,0.768599575,0.644132573,0.967571893,0.593802068,0.893752895,1,0.991211243,0.886336594,0.689407968,0.839295872,0.959873066,1,0,0,FALSE
801,Put,95,European,6,5,100,105,100,100,100,0.128338051,0.410080502,0.176961406,0.164202841,0.109981245,1,0.121394172,-0.09517346,0.065184137,0.076444562,0.180170339,1,0.068094534,0.101260496,0.067248083,-0.043510088,0.431723261,1,0.790691627,0.680925141,0.961867536,0.542635585,0.813561491,1,0.982750727,0.887617619,0.602014262,0.792942111,0.87298731,1,0,0,FALSE
802,Call,50,American,0,5,70,105,100,100,100,0.167499621,0.150945818,0.440231729,0.382455618,0.155410763,1,0.100418174,-0.14818885,0.1173101,0.135526899,0.237457427,1,0.07793939,0.08163539,0.064051467,-0.113332001,0.432787523,1,0.740084872,0.66790432,0.98391242,0.563539311,0.846296399,1,0.967256022,0.86887624,0.639629387,0.789553154,0.957772485,1,3,9,TRUE
803,Put,97,European,3,5,80,95,100,100,100,0.357059071,0.277664982,0.363787139,0.298958643,0.372697341,1,0.085943125,-0.15340797,0.095898504,0.074647648,0.234220355,1,0.10291788,0.100813072,0.106684108,-0.094177547,0.424610082,1,0.731938066,0.687665102,0.960891562,0.570346219,0.822636249,1,0.944192981,0.927143165,0.617894218,0.810611068,0.939080404,1,0,0,FALSE
804,Call,85,European,3,5,70,105,100,100,100,0.251874716,0.388455506,0.226254327,0.422824053,0.147201575,1,0.1297121,-0.137344381,0.063217633,0.046478723,0.181773556,1,0.145154569,0.071604565,0.080142507,-0.028491115,0.49850568,1,0.734089837,0.661011116,0.928736885,0.511955958,0.871662871,1,0.968517909,0.85232964,0.679942546,0.840877586,0.943839508,1,0,0,FALSE
805,Put,96,European,6,5,102,105,100,100,100,0.178570261,0.437998508,0.357321639,0.136710215,0.158480733,1,0.085784701,-0.073893235,0.085666243,0.059404787,0.212930266,1,0.154581028,0.083271945,0.089892573,-0.067811182,0.486566544,1,0.772882911,0.688219045,0.906611186,0.524647093,0.877908118,1,0.983652713,0.924692677,0.64436883,0.873982707,0.88524517,1,0,0,FALSE
806,Put,89,American,0,5,79,105,100,100,100,0.417404223,0.206070574,0.243072839,0.403150898,0.111425491,1,0.130755734,-0.156919241,0.06958867,0.060975943,0.183428059,1,0.099704897,0.055159857,0.093740182,-0.112814916,0.467893262,1,0.701997766,0.674467092,0.954414778,0.565561606,0.840218823,1,0.9268435,0.859315333,0.659674364,0.861070849,0.916427588,1,9,12,TRUE
807,Call,40,European,3,5,100,100,100,110,100,0.387209723,0.222442892,0.298739767,0.180031243,0.181788987,1,0.059032761,-0.116534589,0.112972489,0.085976655,0.208167466,1,0.105916321,0.087249315,0.069976321,-0.09371705,0.470747318,1,0.743437391,0.639227983,0.938518493,0.528444928,0.868483209,1,0.934261822,0.869728732,0.667535404,0.86115001,0.882852643,1,0,0,FALSE
808,Call,97,European,3,5,100,105,105,100,100,0.301660979,0.334011198,0.396540643,0.291431175,0.118553254,1,0.059941978,-0.090593337,0.056188532,0.131181828,0.222994985,1,0.092834618,0.096948318,0.090533754,-0.07774845,0.485175941,1,0.779584945,0.689298978,0.960242159,0.593576433,0.897520974,1,0.917009421,0.92013689,0.644231555,0.793541657,0.928838102,1,0,0,FALSE
809,Put,188,European,6,5,100,105,100,105,100,0.365097034,0.224304742,0.365246355,0.296793583,0.143911412,1,0.059117853,-0.103558869,0.040147954,0.084307002,0.252891151,1,0.064758529,0.118667512,0.082913098,-0.029132727,0.433815672,1,0.701517525,0.648293619,0.99254261,0.548758707,0.878376922,1,0.904461764,0.883144445,0.637970403,0.78882984,0.927385818,1,0,0,FALSE
810,Call,58,American,0,5,70,105,99,100,95,0.283084435,0.378968174,0.263142928,0.335128152,0.224637875,1,0.112003952,-0.101967527,0.08278681,0.056225496,0.201754067,1,0.146271217,0.085599708,0.114432526,-0.085486274,0.485254414,1,0.714355523,0.607184589,0.979513015,0.521496336,0.847865867,1,0.978890889,0.937815293,0.600951964,0.87327332,0.958260672,1,6,9,TRUE
811,Put,140,European,3,5,100,95,70,80,100,0.297426184,0.378988135,0.227271601,0.253221079,0.196843868,1,0.077908448,-0.098395122,0.053387068,0.103248119,0.230932499,1,0.114541631,0.114058667,0.082102389,-0.03899265,0.498859521,1,0.731115872,0.661008431,0.927135319,0.540408677,0.82207272,1,0.973210327,0.852989807,0.630707687,0.830074514,0.921365964,1,0,0,FALSE
812,Call,20,European,3,5,70,105,100,100,100,0.350030161,0.372987374,0.401421959,0.298972982,0.264515973,1,0.140840449,-0.141689411,0.041836116,0.057894429,0.208188342,1,0.078429879,0.042458984,0.127842569,-0.023555827,0.452978244,1,0.733664136,0.65538842,0.978727792,0.524572731,0.832987295,1,0.98223434,0.916563416,0.662860702,0.821041963,0.870601023,1,0,0,FALSE
813,Put,120,European,6,5,102,105,100,100,100,0.365064726,0.233649717,0.305188017,0.398376883,0.381390956,1,0.05976007,-0.074353168,0.124892198,0.111173,0.230315025,1,0.077933679,0.050431722,0.14253533,-0.037836085,0.429223656,1,0.731252246,0.626391388,0.910025629,0.504967193,0.80830286,1,0.901224761,0.900116898,0.591767065,0.818160252,0.873540132,1,0,0,FALSE
814,Put,102,American,0,5,79,105,100,100,100,0.338545411,0.310518122,0.201040135,0.177113791,0.356134879,1,0.142290448,-0.152908347,0.119731336,0.087453723,0.259781281,1,0.104954834,0.045615489,0.077615583,-0.111680227,0.431174296,1,0.706030102,0.619749829,0.900714995,0.559031077,0.810325993,1,0.906037309,0.923324016,0.681281378,0.837639586,0.953542371,1,3,12,FALSE
815,Call,101,European,3,5,100,100,100,100,100,0.160273326,0.397239532,0.240597056,0.186530761,0.230497746,1,0.128532564,-0.131907034,0.098694347,0.101734597,0.256350779,1,0.131460553,0.086858438,0.080100785,-0.069054926,0.458312243,1,0.757950134,0.609596051,0.999961368,0.579617364,0.858391026,1,0.936110788,0.862734347,0.623836118,0.879413491,0.939644476,1,0,0,FALSE
816,Call,78,European,3,5,100,105,100,100,100,0.220857653,0.412039438,0.422755913,0.163686796,0.171904218,1,0.147798124,-0.123591644,0.128665692,0.130209488,0.241197646,1,0.143118587,0.090457674,0.111176592,-0.073452308,0.464236267,1,0.743321504,0.659541243,0.916503874,0.589685782,0.871245948,1,0.914629644,0.931001398,0.63225754,0.817053784,0.894741554,1,0,0,FALSE
817,Put,99,European,6,5,100,105,100,100,100,0.359941422,0.281554307,0.27450657,0.333184375,0.344452938,1,0.076293308,-0.126792258,0.046714587,0.062178918,0.221936466,1,0.100406754,0.085237691,0.104853648,-0.077685835,0.406697384,1,0.749265678,0.683500353,0.965771561,0.535097414,0.889250326,1,0.987722789,0.874714755,0.684631544,0.785237889,0.925517185,1,0,0,FALSE
818,Call,65,American,0,5,70,105,100,100,100,0.190418419,0.251112691,0.200747965,0.330896126,0.183145543,1,0.140570119,-0.111401949,0.10551362,0.124788946,0.256910395,1,0.137581594,0.117127597,0.073461901,-0.095497289,0.48252921,1,0.722196589,0.644829418,0.939671758,0.591428725,0.886969594,1,0.941545586,0.854441003,0.672520666,0.831752845,0.87277951,1,3,9,TRUE
819,Put,97,European,3,5,80,95,100,100,100,0.368041566,0.166393371,0.300119743,0.195825365,0.206241628,1,0.109606802,-0.143925058,0.048570368,0.13099076,0.201062075,1,0.146807207,0.091289389,0.066054019,-0.110148382,0.404202045,1,0.766338682,0.699318134,0.912761667,0.588243308,0.82167745,1,0.960844727,0.92767531,0.618147877,0.803187709,0.891052903,1,0,0,FALSE
820,Call,85,European,3,5,70,105,100,100,100,0.13330213,0.265435497,0.153603892,0.411193735,0.36396633,1,0.080377309,-0.123271883,0.050638512,0.059751957,0.259542181,1,0.07978776,0.036934658,0.088162427,-0.101217013,0.498966611,1,0.75865303,0.646677242,0.967925772,0.567273159,0.8019791,1,0.94684617,0.862832607,0.685975085,0.87510254,0.958698169,1,0,0,FALSE
821,Put,96,European,6,5,102,105,100,100,100,0.301852038,0.431586169,0.43245436,0.427242084,0.373827231,1,0.105059429,-0.071100338,0.103361264,0.049552821,0.231308321,1,0.08694157,0.048007999,0.087756688,-0.040305014,0.47827253,1,0.771740232,0.610635221,0.96912572,0.530098598,0.835939461,1,0.936594885,0.923506496,0.626486399,0.798046689,0.919607006,1,0,0,FALSE
822,Call,85,European,3,5,70,105,100,100,100,0.281663216,0.165218948,0.298807422,0.267794255,0.321954037,1,0.105247381,-0.166214087,0.075567607,0.039655013,0.182716176,1,0.092259641,0.050089285,0.056706336,-0.021909737,0.486515676,1,0.772050623,0.615408129,0.923435413,0.529133662,0.821316439,1,0.96038526,0.908659425,0.600907197,0.794464555,0.953601839,1,0,0,FALSE
823,Put,96,European,6,5,102,105,100,100,100,0.39647706,0.176219199,0.246628126,0.336526982,0.215246103,1,0.105936843,-0.073771346,0.065476864,0.105832756,0.241233985,1,0.149930547,0.028232074,0.055004136,-0.072446652,0.437088749,1,0.716334226,0.623589264,0.96178943,0.58732415,0.810550254,1,0.991351164,0.877054199,0.6732751,0.840336008,0.914377226,1,0,0,FALSE
824,Put,97,American,0,5,79,105,100,100,100,0.330284024,0.379283807,0.390577458,0.277627797,0.265208065,1,0.130243385,-0.115168087,0.10021127,0.049438463,0.212788501,1,0.136395509,0.05080006,0.108706828,-0.037586058,0.442466153,1,0.71037875,0.682601962,0.929271796,0.547963698,0.893268515,1,0.930936205,0.92857927,0.681787043,0.853662503,0.894022638,1,9,12,TRUE
825,Call,10,European,3,5,100,100,100,110,100,0.197694151,0.264767077,0.292088659,0.404798952,0.349761832,1,0.062998076,-0.122381504,0.084679296,0.094439746,0.220748386,1,0.136651961,0.036697488,0.148675273,-0.02502587,0.449329691,1,0.791865977,0.683354749,0.94411538,0.584073791,0.887340883,1,0.932199299,0.887605472,0.614158104,0.865386815,0.911171127,1,0,0,FALSE
826,Call,99,European,3,5,100,105,105,100,100,0.16489035,0.312747977,0.409650875,0.287757922,0.276808173,1,0.070372345,-0.152770941,0.073662381,0.096419926,0.212554593,1,0.12835998,0.082316803,0.128065476,-0.064464339,0.499219918,1,0.768331579,0.635837637,0.9044138,0.561267069,0.84357058,1,0.980042609,0.893444665,0.650710102,0.83530059,0.942005874,1,0,0,FALSE
827,Put,190,European,6,5,100,105,100,105,100,0.314220933,0.316252567,0.233487821,0.306013065,0.341256392,1,0.086739654,-0.089844815,0.083270733,0.091348145,0.207671918,1,0.156873974,0.038207145,0.066742974,-0.052445988,0.456975539,1,0.723692172,0.622634253,0.998718086,0.514362357,0.855322005,1,0.948008609,0.851603604,0.617021016,0.797726644,0.954023432,1,0,0,FALSE
828,Call,68,American,0,5,70,105,99,100,95,0.272289634,0.394091104,0.171237441,0.139237714,0.369349315,1,0.105816195,-0.126754906,0.073957539,0.105970783,0.193237367,1,0.080225432,0.120756073,0.11028783,-0.064369036,0.473820873,1,0.726633326,0.696293458,0.959434766,0.567379111,0.888702138,1,0.953489254,0.929414665,0.639807728,0.840065165,0.925196737,1,6,9,TRUE
829,Put,142,European,3,5,100,95,70,80,100,0.303245356,0.19393285,0.240373266,0.416226809,0.124531318,1,0.06398536,-0.071397619,0.057136342,0.104373315,0.168782849,1,0.116663632,0.048967535,0.138812429,-0.027479921,0.40632492,1,0.761674678,0.622577492,0.992677392,0.555254627,0.829744166,1,0.966520178,0.883303953,0.657266279,0.8523177,0.948059143,1,0,0,FALSE
830,Call,97,European,3,5,70,105,100,100,100,0.129429266,0.295061372,0.238009067,0.22174656,0.209255238,1,0.075827608,-0.129204888,0.065520821,0.104667332,0.230188678,1,0.120350696,0.080443356,0.12160709,-0.071470388,0.428084805,1,0.735029357,0.662311219,0.931432795,0.582294816,0.86561681,1,0.9839074,0.865518627,0.599516271,0.80580965,0.888838555,1,0,0,FALSE
831,Put,125,European,6,5,102,105,100,100,100,0.302620486,0.189940897,0.169537962,0.348833524,0.239294504,1,0.084801933,-0.08240009,0.123922791,0.054385597,0.179175432,1,0.154086336,0.04722001,0.115730227,-0.116159072,0.466429954,1,0.760667939,0.683654351,0.933815238,0.583879793,0.805711291,1,0.926576922,0.865260092,0.648419733,0.844454759,0.966995691,1,0,0,FALSE
832,Put,135,American,0,5,79,105,100,100,100,0.248276974,0.338820325,0.292217169,0.373073041,0.275614885,1,0.080217852,-0.154304361,0.037950118,0.045703171,0.203151903,1,0.060839549,0.038831693,0.06915049,-0.064746184,0.432014167,1,0.742542684,0.654514293,0.996904688,0.55608869,0.887908964,1,0.987340433,0.901481259,0.683810335,0.832128849,0.960832954,1,3,6,FALSE
833,Put,99,European,6,5,100,105,100,100,100,0.178243149,0.430657661,0.257907674,0.215004757,0.245341152,1,0.139495963,-0.139183213,0.039728607,0.127685715,0.167224161,1,0.09497628,0.088300035,0.109075827,-0.094879779,0.415871872,1,0.704580988,0.694978618,0.911165561,0.545393238,0.82984127,1,0.962439236,0.875127454,0.663381921,0.834532263,0.93901868,1,0,0,FALSE
834,Call,65,American,0,5,70,105,100,100,100,0.272619558,0.314606366,0.351348754,0.141256193,0.318273536,1,0.062654806,-0.16332489,0.043108438,0.08891418,0.229748467,1,0.109393981,0.026624887,0.062502582,-0.107726942,0.449075152,1,0.720894035,0.605284566,0.955544455,0.505122671,0.888681721,1,0.933753973,0.891057997,0.609107802,0.825558348,0.913363139,1,3,9,TRUE
835,Put,97,European,3,5,80,95,100,100,100,0.320318412,0.247958671,0.30342696,0.339355414,0.378570418,1,0.118667739,-0.086516944,0.047998515,0.052763606,0.208444838,1,0.087475558,0.028713754,0.097274127,-0.064836459,0.424225512,1,0.777978057,0.618114903,0.920153954,0.500834054,0.855785362,1,0.936104828,0.882285257,0.663034649,0.811450993,0.966036552,1,0,0,FALSE
836,Call,85,European,3,5,70,105,100,100,100,0.178312436,0.225598371,0.388724897,0.254255181,0.34860022,1,0.117394891,-0.157313779,0.046392465,0.121163609,0.172741374,1,0.082526904,0.102303634,0.146333518,-0.098053427,0.412571072,1,0.75031635,0.659493231,0.961009909,0.561179633,0.89366112,1,0.92735528,0.854893723,0.602004429,0.790272518,0.927997996,1,0,0,FALSE
837,Put,96,European,6,5,102,105,100,100,100,0.13548938,0.362445745,0.211273242,0.389955752,0.250210695,1,0.088875424,-0.130809569,0.065500031,0.13209253,0.166431745,1,0.073295183,0.053609258,0.14913568,-0.072291569,0.44843919,1,0.732704504,0.672458299,0.925469085,0.525165693,0.837071613,1,0.957557318,0.917207615,0.628370029,0.865659136,0.883977806,1,0,0,FALSE
838,Put,97,American,0,5,79,105,100,100,100,0.33863336,0.183690436,0.341896819,0.391755205,0.271782062,1,0.148670794,-0.150389308,0.093105411,0.117030096,0.25506911,1,0.109373155,0.042236756,0.07168923,-0.112115413,0.440033408,1,0.73193693,0.681428855,0.998051054,0.589366051,0.806620314,1,0.954037116,0.904019844,0.667805155,0.829633123,0.875389112,1,9,12,TRUE
839,Call,10,European,3,5,100,100,100,110,100,0.176624145,0.343922567,0.445479087,0.19251007,0.263178678,1,0.147152778,-0.140005442,0.036509282,0.037849819,0.201038533,1,0.127127933,0.051008544,0.149516355,-0.058996492,0.48910681,1,0.749868743,0.606401284,0.924934029,0.568302471,0.89674364,1,0.922502188,0.939787532,0.679887666,0.873391628,0.956901561,1,0,0,FALSE
840,Call,99,European,3,5,100,105,105,100,100,0.32846823,0.270956403,0.16302534,0.385650572,0.128047264,1,0.146471632,-0.079939516,0.064700018,0.117707337,0.190465882,1,0.117087926,0.088477755,0.131656232,-0.053671227,0.430327426,1,0.738257932,0.655260077,0.914249675,0.589740168,0.815629669,1,0.930095708,0.897809262,0.620002564,0.82122238,0.876845367,1,0,0,FALSE
841,Put,190,European,6,5,100,105,100,105,100,0.354462436,0.217663067,0.277562849,0.248434883,0.342247969,1,0.146910005,-0.167772355,0.122151782,0.069989874,0.240169974,1,0.139429961,0.100484093,0.125098878,-0.083832154,0.403962127,1,0.77261035,0.674813938,0.929278042,0.585655429,0.885743423,1,0.990837616,0.854298848,0.636782881,0.85162129,0.953337339,1,0,0,FALSE
842,Call,85,European,3,5,100,105,100,100,100,0.151146833,0.380796984,0.206459335,0.195202551,0.330569056,1,0.136728602,-0.163598856,0.056264318,0.131808719,0.198935253,1,0.088006316,0.069317687,0.074508085,-0.07583952,0.499452205,1,0.75625116,0.61441291,0.943152095,0.509158483,0.883468472,1,0.949409906,0.945150574,0.660546063,0.812587517,0.875948053,1,0,0,FALSE
843,Put,95,European,6,5,100,105,100,100,100,0.210794459,0.258646257,0.338901515,0.175773785,0.179970441,1,0.110610588,-0.08082341,0.065039963,0.053735417,0.231990477,1,0.116717707,0.044738716,0.137889769,-0.112413807,0.426034646,1,0.796573488,0.610731466,0.940119178,0.554524304,0.828688634,1,0.915166153,0.861179626,0.638952017,0.832921641,0.888902953,1,0,0,FALSE
844,Call,50,American,0,5,70,105,100,100,100,0.210231499,0.188918409,0.426088908,0.170818839,0.37606203,1,0.134686676,-0.131741181,0.111836126,0.05049278,0.209733011,1,0.149269294,0.054173326,0.103302679,-0.027872606,0.411117906,1,0.747619117,0.63299314,0.954031125,0.59788529,0.876554839,1,0.948077318,0.90402692,0.604407972,0.796353231,0.922317314,1,3,9,TRUE
845,Put,97,European,3,5,80,95,100,100,100,0.180257469,0.354021587,0.387771449,0.229578506,0.230099853,1,0.131571759,-0.125410763,0.058802097,0.111569223,0.246283803,1,0.124197913,0.030438208,0.078244091,-0.08676745,0.478387599,1,0.746546069,0.684870492,0.94426315,0.552571854,0.852253273,1,0.950798339,0.880567322,0.631625695,0.834119852,0.961974569,1,0,0,FALSE
846,Call,85,European,3,5,70,105,100,100,100,0.292965234,0.253523105,0.305037981,0.317525502,0.386149665,1,0.109312297,-0.093757855,0.120258194,0.127685548,0.210726405,1,0.155122289,0.043679351,0.092398494,-0.086406115,0.423392208,1,0.796545844,0.61547838,0.978308171,0.522258435,0.806640176,1,0.906009045,0.922776411,0.626660178,0.783100916,0.944121114,1,0,0,FALSE
847,Put,96,European,6,5,102,105,100,100,100,0.336332158,0.221134727,0.192224798,0.251851285,0.176432282,1,0.079230318,-0.101031318,0.049921059,0.05489009,0.199420335,1,0.157574599,0.074896952,0.143476402,-0.076191373,0.422832854,1,0.73595849,0.609353974,0.90710935,0.572154192,0.858393944,1,0.928225637,0.948494294,0.605820567,0.837955435,0.921015755,1,0,0,FALSE
848,Call,100,European,3,5,100,100,100,100,100,0.368246905,0.211060628,0.269280458,0.142416372,0.104641607,1,0.066929828,-0.114378158,0.057623984,0.088522849,0.222019581,1,0.071940832,0.107766758,0.148017597,-0.085649087,0.441352354,1,0.782408197,0.676431961,0.983174782,0.558409183,0.885955921,1,0.934638332,0.917762875,0.614831797,0.835007169,0.934584636,1,0,0,FALSE
849,Call,85,European,3,5,100,105,100,100,100,0.315946617,0.264111692,0.3040476,0.171643847,0.143016724,1,0.105013596,-0.136212263,0.115415597,0.087628907,0.238250471,1,0.070984841,0.045903603,0.121443465,-0.036543954,0.411150423,1,0.796086326,0.6902166,0.99955698,0.581773249,0.842972538,1,0.958220876,0.918938589,0.629568627,0.843797401,0.961413388,1,0,0,FALSE
850,Put,95,European,6,5,100,105,100,100,100,0.370610963,0.414248736,0.35263883,0.170990639,0.242563547,1,0.09661998,-0.111294819,0.116754121,0.064908114,0.198571777,1,0.15865237,0.06419118,0.062565466,-0.020067273,0.495829645,1,0.752074807,0.628289231,0.941375205,0.556521124,0.895915082,1,0.943641061,0.887433953,0.625183724,0.821611967,0.918222457,1,0,0,FALSE
851,Call,50,American,0,5,70,105,100,100,100,0.148815247,0.219341106,0.414348932,0.18917204,0.29561236,1,0.113651663,-0.082636774,0.058876991,0.044145805,0.181916427,1,0.070731863,0.06265271,0.095155866,-0.102610974,0.427852378,1,0.793603155,0.690974425,0.935759201,0.593337796,0.851345452,1,0.973812094,0.865270651,0.669511738,0.864604417,0.896696816,1,3,9,TRUE
852,Put,97,European,3,5,80,95,100,100,100,0.345664796,0.438601665,0.252537677,0.313737591,0.151745263,1,0.13430062,-0.151824389,0.098972766,0.087640124,0.248828994,1,0.116967213,0.120851286,0.058613195,-0.060683097,0.497049557,1,0.765136849,0.674456861,0.918717878,0.578428205,0.862347338,1,0.999716303,0.854204131,0.687958338,0.823983266,0.882812035,1,0,0,FALSE
853,Call,85,European,3,5,70,105,100,100,100,0.195161487,0.328108636,0.36721148,0.271467579,0.138446221,1,0.11763523,-0.105703299,0.073906955,0.099896359,0.213916322,1,0.101388788,0.041263574,0.057077949,-0.106633599,0.485053169,1,0.795676804,0.620158004,0.936884849,0.591012517,0.899885331,1,0.903980284,0.923595239,0.675660686,0.866529819,0.929444589,1,0,0,FALSE
854,Put,96,European,6,5,102,105,100,100,100,0.202825763,0.386264828,0.269799249,0.238601441,0.142110013,1,0.122012832,-0.131883742,0.072482029,0.081371268,0.235261338,1,0.150112503,0.11401204,0.103446925,-0.033294475,0.443233747,1,0.78171752,0.629711698,0.99581632,0.579473411,0.88933518,1,0.981581676,0.912067409,0.658668354,0.803603677,0.96169326,1,0,0,FALSE
855,Put,89,American,0,5,79,105,100,100,100,0.189138531,0.354785788,0.283788227,0.382442098,0.140470156,1,0.088315015,-0.158405233,0.102143905,0.089087968,0.170788146,1,0.064872409,0.056498015,0.12303066,-0.075319711,0.403963272,1,0.721301408,0.685186901,0.940881095,0.546361875,0.819142236,1,0.902441426,0.876075593,0.607868599,0.867219335,0.902936511,1,9,12,TRUE
856,Call,40,European,3,5,100,100,100,110,100,0.289577468,0.276414953,0.43013235,0.39196678,0.382421127,1,0.135210221,-0.143704731,0.081457626,0.045362581,0.217244324,1,0.075227664,0.077204644,0.059641909,-0.028809866,0.470055051,1,0.733361632,0.661937338,0.944982227,0.516058152,0.856281443,1,0.98873252,0.898837852,0.661594193,0.822709132,0.969219048,1,0,0,FALSE
857,Call,97,European,3,5,100,105,105,100,100,0.38348805,0.311101448,0.278667885,0.154488916,0.121480321,1,0.09085582,-0.078329139,0.087034769,0.075655696,0.255207733,1,0.096584444,0.074510337,0.111043723,-0.113380399,0.433992954,1,0.767827756,0.666573919,0.922566549,0.537464529,0.872373523,1,0.914472033,0.900489159,0.60600004,0.867529398,0.952940269,1,0,0,FALSE
858,Put,188,European,6,5,100,105,100,105,100,0.329368361,0.321684943,0.262391059,0.293348652,0.33025378,1,0.132836155,-0.083593452,0.052586721,0.037582757,0.239914998,1,0.103687982,0.031939571,0.112636971,-0.038940573,0.467485493,1,0.734780468,0.699499492,0.993145996,0.541473698,0.862775475,1,0.910042093,0.917792686,0.64874375,0.860510354,0.891660991,1,0,0,FALSE
859,Call,58,American,0,5,70,105,99,100,95,0.371426782,0.260594744,0.25113108,0.241562086,0.263266274,1,0.135190973,-0.158414281,0.049323387,0.098789204,0.255624862,1,0.089418096,0.035211798,0.135167722,-0.026989455,0.418682125,1,0.732001892,0.605603659,0.93415039,0.568942138,0.854330262,1,0.931814788,0.87678309,0.643015807,0.870566539,0.888439418,1,6,9,TRUE
860,Put,140,European,3,5,100,95,70,80,100,0.285866699,0.262634161,0.219446258,0.196488773,0.147591519,1,0.076924616,-0.074345851,0.054191236,0.06276961,0.243492166,1,0.079523587,0.070727037,0.069792714,-0.029422387,0.43421793,1,0.77883318,0.659296758,0.997831709,0.504724796,0.885601494,1,0.994105918,0.89249247,0.689206526,0.823121544,0.889638111,1,0,0,FALSE
861,Call,20,European,3,5,70,105,100,100,100,0.388627127,0.273382806,0.199025533,0.374981536,0.398174741,1,0.11089926,-0.075058846,0.057505677,0.042317058,0.256579876,1,0.082506841,0.048379033,0.101276538,-0.038936134,0.419629947,1,0.747316946,0.654929891,0.954743214,0.586945688,0.874687355,1,0.988451029,0.940641381,0.6806111,0.80887018,0.886583731,1,0,0,FALSE
862,Put,120,European,6,5,102,105,100,100,100,0.398960688,0.224293261,0.361909595,0.189831974,0.382413915,1,0.103721616,-0.141131616,0.113954985,0.124380298,0.2092929,1,0.066267528,0.069040836,0.10943041,-0.098464847,0.415227739,1,0.750787322,0.64836224,0.938172921,0.527345411,0.835506999,1,0.925518404,0.885569853,0.637131997,0.803977566,0.890210453,1,0,0,FALSE
863,Put,102,American,0,5,79,105,100,100,100,0.384362324,0.297300258,0.357766501,0.202126217,0.264463652,1,0.0518749,-0.135806165,0.101266835,0.086978511,0.251198539,1,0.148787092,0.070740494,0.086557854,-0.059582038,0.423270377,1,0.795518854,0.682881922,0.921191042,0.520280123,0.802632802,1,0.931039751,0.853284874,0.612565957,0.822303569,0.925919849,1,3,12,FALSE
864,Call,101,European,3,5,100,100,100,100,100,0.325472043,0.244621938,0.392815832,0.315258345,0.301890381,1,0.114370298,-0.127672779,0.0752706,0.04391273,0.222859475,1,0.062635217,0.049199709,0.050100781,-0.048032744,0.413486826,1,0.750306979,0.625582572,0.992452335,0.544211007,0.826978098,1,0.96947099,0.892369279,0.646277531,0.814145641,0.920143086,1,0,0,FALSE
865,Call,78,European,3,5,100,105,100,100,100,0.176364067,0.328971532,0.195203836,0.383579636,0.380321982,1,0.095513447,-0.113108952,0.133989736,0.040994258,0.203219815,1,0.122106596,0.045734613,0.062300615,-0.102950526,0.451749212,1,0.767994081,0.683529422,0.93463512,0.503525681,0.895651761,1,0.934512466,0.92273374,0.68875698,0.826941508,0.922261671,1,0,0,FALSE
866,Put,99,European,6,5,100,105,100,100,100,0.332618699,0.423526451,0.261569908,0.206475434,0.197360589,1,0.113379787,-0.110724827,0.081320864,0.077293638,0.210941708,1,0.1585961,0.054250556,0.113144564,-0.108775972,0.403632854,1,0.784541205,0.647364711,0.945277678,0.521773194,0.832613385,1,0.918995961,0.894202082,0.660863791,0.862314896,0.964910788,1,0,0,FALSE
867,Call,65,American,0,5,70,105,100,100,100,0.286190402,0.365390575,0.163828808,0.378390548,0.380127379,1,0.072989268,-0.143019107,0.058234188,0.075546563,0.251497875,1,0.153119033,0.063335749,0.070363799,-0.084515472,0.456688122,1,0.744734664,0.654850889,0.975482272,0.510227323,0.895752345,1,0.902937178,0.885231768,0.641923148,0.865787245,0.900867451,1,3,9,TRUE
868,Put,97,European,3,5,80,95,100,100,100,0.265722095,0.361278051,0.26462142,0.346710721,0.166506279,1,0.132356891,-0.090681927,0.12021931,0.113762722,0.215807064,1,0.115319933,0.065411787,0.134277056,-0.027947274,0.406190863,1,0.731295713,0.682202547,0.953996991,0.568558747,0.882039676,1,0.95748246,0.895222268,0.661141264,0.791953342,0.897678287,1,0,0,FALSE
869,Call,85,European,3,5,70,105,100,100,100,0.347221242,0.280675425,0.344066311,0.349685124,0.287558558,1,0.090804197,-0.085631887,0.088946005,0.037533764,0.196221343,1,0.073876005,0.074661115,0.082898883,-0.098288456,0.451106849,1,0.706624642,0.610494958,0.987063466,0.525429591,0.856701109,1,0.998628333,0.910233815,0.611662057,0.804426024,0.959466266,1,0,0,FALSE
870,Put,96,European,6,5,102,105,100,100,100,0.13861359,0.243218437,0.300304401,0.371200281,0.156392868,1,0.061716082,-0.163955153,0.058484632,0.104475641,0.211418504,1,0.15322146,0.039436627,0.140521095,-0.024027743,0.438255225,1,0.737243101,0.69017324,0.963968804,0.598999888,0.867938518,1,0.907906551,0.9145494,0.687395564,0.82141357,0.955200569,1,0,0,FALSE
871,Put,190,European,6,5,100,105,100,105,100,0.310135323,0.225026369,0.286548214,0.385617149,0.388392216,1,0.130411486,-0.115444459,0.04411754,0.135975899,0.231492467,1,0.148135219,0.039170402,0.129441065,-0.026354275,0.401743404,1,0.72838545,0.640503036,0.987724379,0.552940943,0.881333418,1,0.973197527,0.923834302,0.620574424,0.784167238,0.895433526,1,0,0,FALSE
872,Call,85,European,3,5,100,105,100,100,100,0.157718838,0.254970281,0.339885459,0.230251851,0.153681467,1,0.098129623,-0.111394161,0.098095785,0.131291434,0.16503524,1,0.119340464,0.090820921,0.101685042,-0.045276674,0.491547321,1,0.791863263,0.654532715,0.935245321,0.505851047,0.854191278,1,0.9514335,0.905941731,0.685918552,0.830920258,0.936772116,1,0,0,FALSE
873,Put,95,European,6,5,100,105,100,100,100,0.231159733,0.425630127,0.389816932,0.2618833,0.28623967,1,0.092321434,-0.139514865,0.11474217,0.130912222,0.214035848,1,0.158830538,0.033110226,0.109360968,-0.070864994,0.406394038,1,0.741014671,0.663533819,0.964180988,0.570720958,0.898644873,1,0.967626816,0.941263415,0.62383651,0.87780967,0.907388167,1,0,0,FALSE
874,Call,50,American,0,5,70,105,100,100,100,0.235492575,0.438388966,0.415385651,0.359074813,0.316603137,1,0.119476656,-0.105571538,0.108974612,0.077457925,0.242439033,1,0.066079089,0.043383838,0.095243251,-0.088078525,0.471935972,1,0.703696846,0.694843578,0.953740094,0.599693457,0.881304811,1,0.942822609,0.946520369,0.599147757,0.838194851,0.912029679,1,3,9,TRUE
875,Put,97,European,3,5,80,95,100,100,100,0.22526016,0.360161888,0.353392137,0.315458726,0.185908934,1,0.072610245,-0.116609259,0.13029924,0.082336783,0.215828551,1,0.097387362,0.079489707,0.109528684,-0.053698321,0.487739168,1,0.772160501,0.602221109,0.980441701,0.51198561,0.828513717,1,0.949220658,0.91581764,0.600238812,0.846031993,0.939418979,1,0,0,FALSE
876,Call,85,European,3,5,70,105,100,100,100,0.171063627,0.427768748,0.314492965,0.364539966,0.24025822,1,0.073569734,-0.165786634,0.097744544,0.074257079,0.199245618,1,0.065506053,0.040108876,0.073078751,-0.030857648,0.452121779,1,0.765239758,0.613980198,0.96953763,0.528257144,0.88847722,1,0.952434464,0.934631321,0.600720183,0.833022484,0.967040473,1,0,0,FALSE
877,Put,96,European,6,5,102,105,100,100,100,0.24146115,0.303761827,0.235753004,0.354850027,0.315683493,1,0.093768888,-0.081605078,0.130666288,0.127550958,0.229051416,1,0.108904799,0.061085174,0.050650748,-0.039101265,0.410239749,1,0.713704349,0.692875944,0.946630834,0.511931862,0.884451123,1,0.988585241,0.850999807,0.600877366,0.843749495,0.952917592,1,0,0,FALSE
878,Call,68,American,0,5,70,105,99,100,95,0.253513879,0.28113342,0.314001657,0.278818171,0.369078997,1,0.134918017,-0.131555291,0.077216077,0.087743827,0.218767691,1,0.089097348,0.036829666,0.137553984,-0.055439029,0.433112105,1,0.704026487,0.689925158,0.936296281,0.517141533,0.854769516,1,0.977141091,0.925876501,0.653885118,0.829275774,0.879661754,1,6,9,TRUE
879,Put,142,European,3,5,100,95,70,80,100,0.184996841,0.42490631,0.436975438,0.329934194,0.290705034,1,0.145333652,-0.102347386,0.082152629,0.060649887,0.170156209,1,0.073791568,0.050538446,0.087503419,-0.02603722,0.437480816,1,0.76838817,0.661809248,0.950424763,0.579199468,0.890714246,1,0.989502423,0.940376148,0.625420023,0.799286721,0.956930435,1,0,0,FALSE
880,Call,97,European,3,5,70,105,100,100,100,0.288307685,0.390952534,0.431339679,0.218941689,0.148330507,1,0.06745071,-0.112245929,0.101433917,0.097757743,0.212249914,1,0.150326725,0.074852877,0.127963249,-0.109774243,0.440646909,1,0.787986096,0.688108112,0.982894452,0.541396287,0.865723157,1,0.98504398,0.907424553,0.660569924,0.868755865,0.881635708,1,0,0,FALSE
881,Put,125,European,6,5,102,105,100,100,100,0.242172535,0.324563133,0.255313568,0.303034912,0.27219062,1,0.061244261,-0.088879575,0.063314884,0.080852127,0.194868361,1,0.145097508,0.062346662,0.093040486,-0.10759606,0.481997786,1,0.713795512,0.61932001,0.986019086,0.584202962,0.824180471,1,0.973104114,0.937762162,0.616367542,0.850624577,0.897184182,1,0,0,FALSE
882,Put,135,American,0,5,79,105,100,100,100,0.213680555,0.239031468,0.331772569,0.35234828,0.297927632,1,0.097384872,-0.073981887,0.126498513,0.055225195,0.182164816,1,0.15705804,0.122596776,0.147409483,-0.027098513,0.468770638,1,0.782525688,0.613837706,0.942729178,0.59320626,0.876197355,1,0.980234167,0.877105411,0.654220175,0.817718618,0.876792582,1,3,6,FALSE
883,Put,99,European,6,5,100,105,100,100,100,0.240007632,0.33017025,0.307174277,0.313540493,0.383451907,1,0.119565082,-0.098776486,0.117687075,0.126634054,0.172369493,1,0.075861588,0.097169658,0.086602579,-0.036777447,0.40372844,1,0.719911604,0.634600476,0.924390927,0.58653681,0.8849361,1,0.986016922,0.890062912,0.611575359,0.872307962,0.950493703,1,0,0,FALSE
884,Call,65,American,0,5,70,105,100,100,100,0.158515745,0.345767051,0.212401568,0.23582235,0.311304722,1,0.075924641,-0.076797131,0.090303456,0.099162029,0.237882601,1,0.09449673,0.0356326,0.12212336,-0.099958099,0.480665739,1,0.7561391,0.680891018,0.992244901,0.526800718,0.854822141,1,0.934446553,0.855654807,0.656621839,0.834858632,0.957643873,1,3,9,TRUE
885,Put,97,European,3,5,80,95,100,100,100,0.168687219,0.164596962,0.372920195,0.283153052,0.400484659,1,0.143003729,-0.086412901,0.127270856,0.098530967,0.258028347,1,0.08944519,0.023396481,0.136228036,-0.088419428,0.477597644,1,0.765437699,0.651164282,0.941705383,0.541697671,0.871193426,1,0.908522626,0.91441788,0.684911394,0.843151253,0.945984299,1,0,0,FALSE
886,Call,85,European,3,5,70,105,100,100,100,0.422940817,0.435820149,0.313192957,0.356773936,0.219149412,1,0.063051391,-0.078275615,0.086636018,0.112948576,0.16681435,1,0.099388851,0.109275295,0.109724088,-0.036747034,0.457612284,1,0.75321339,0.627623546,0.967370977,0.522219617,0.807147678,1,0.911893396,0.913335096,0.683350325,0.781205365,0.935350453,1,0,0,FALSE
887,Put,96,European,6,5,102,105,100,100,100,0.304413866,0.174116963,0.354075653,0.433326407,0.348706327,1,0.100143378,-0.15187169,0.040575935,0.114021343,0.257690451,1,0.075198901,0.039390427,0.083310745,-0.094153561,0.447592939,1,0.76412728,0.646148961,0.956575414,0.595671432,0.80398905,1,0.908379033,0.891799362,0.629064645,0.871993576,0.88667388,1,0,0,FALSE
888,Put,97,American,0,5,79,105,100,100,100,0.203185759,0.173510051,0.333775001,0.270831229,0.236931155,1,0.124059544,-0.116723229,0.060986009,0.059441685,0.204039748,1,0.123422891,0.073074238,0.142332373,-0.067975838,0.416600469,1,0.730266604,0.65437425,0.995516382,0.597341828,0.879619968,1,0.948265503,0.852945781,0.622329737,0.792946197,0.925626981,1,9,12,TRUE
889,Call,10,European,3,5,100,100,100,110,100,0.130212414,0.182484908,0.181310693,0.158284073,0.367702755,1,0.123106564,-0.089837404,0.03970853,0.094192967,0.188626201,1,0.148197837,0.068764581,0.075404714,-0.042842181,0.434444498,1,0.792157554,0.64738661,0.967893191,0.564207602,0.871678081,1,0.931753368,0.868294545,0.616973398,0.790686865,0.90602979,1,0,0,FALSE
890,Call,99,European,3,5,100,105,105,100,100,0.314552505,0.178487357,0.347593322,0.197853679,0.351865253,1,0.146848074,-0.145307785,0.059828191,0.039442587,0.213333316,1,0.070172418,0.066499742,0.134710993,-0.049083395,0.455076884,1,0.727063805,0.617566728,0.905873684,0.579462201,0.863805769,1,0.921360488,0.89737223,0.679715015,0.870898177,0.954232394,1,0,0,FALSE
891,Put,190,European,6,5,100,105,100,105,100,0.164858819,0.198246735,0.161740272,0.282259433,0.320211957,1,0.129071305,-0.118458511,0.099462792,0.131329722,0.172721334,1,0.112590022,0.037179528,0.051677024,-0.078588128,0.436172909,1,0.711343399,0.649777043,0.930785515,0.529267108,0.881982331,1,0.9590683,0.857640218,0.668318496,0.858918557,0.922877665,1,0,0,FALSE
892,Call,85,European,3,5,100,105,100,100,100,0.215295502,0.199541204,0.15802877,0.2005822,0.245767496,1,0.079714932,-0.078296716,0.123002452,0.044386733,0.178609163,1,0.111016867,0.096187383,0.051502808,-0.03327372,0.474988572,1,0.783648885,0.685418749,0.903043998,0.541835512,0.857802866,1,0.947291495,0.940294901,0.625492669,0.87426271,0.930250236,1,0,0,FALSE
893,Put,95,European,6,5,100,105,100,100,100,0.165762499,0.363755589,0.275579085,0.145239147,0.263716102,1,0.123694167,-0.090254353,0.107541498,0.043281797,0.173878014,1,0.145204193,0.057952532,0.127235834,-0.101889182,0.46543176,1,0.714939902,0.678222472,0.902749544,0.509424223,0.829225336,1,0.935454469,0.930561683,0.592280508,0.825710991,0.965703886,1,0,0,FALSE
894,Call,50,American,0,5,70,105,100,100,100,0.380349194,0.159460734,0.397498723,0.187389198,0.322466136,1,0.063000202,-0.168771636,0.091757411,0.036937398,0.174971539,1,0.154690113,0.048307537,0.073975348,-0.116414316,0.413807751,1,0.786086613,0.601490545,0.993808178,0.59226328,0.822571089,1,0.94596995,0.873501173,0.661693702,0.796311155,0.893549894,1,3,9,TRUE
895,Put,97,European,3,5,80,95,100,100,100,0.154999058,0.21005324,0.255418911,0.174895465,0.325671353,1,0.113828208,-0.105563181,0.040145966,0.056466684,0.208167663,1,0.120966413,0.06689961,0.057855701,-0.097815836,0.464261306,1,0.760353589,0.653667393,0.994309803,0.562951411,0.879537212,1,0.983563341,0.851346621,0.638498287,0.871198061,0.930303739,1,0,0,FALSE
896,Put,188,European,6,5,100,105,100,105,100,0.320985071,0.234016591,0.260335194,0.237429224,0.367466588,1,0.137331831,-0.091197973,0.093916947,0.124028905,0.21168887,1,0.154433677,0.089981684,0.100770368,-0.067740802,0.431314627,1,0.712435462,0.621500152,0.953190049,0.577390032,0.851172333,1,0.958496338,0.886521201,0.666034613,0.785431454,0.922745836,1,0,0,FALSE
897,Call,58,American,0,5,70,105,99,100,95,0.127865438,0.227018511,0.343843815,0.245171078,0.211817988,1,0.101017843,-0.130612394,0.064848476,0.129109249,0.22665195,1,0.100696595,0.07312628,0.093079593,-0.025480974,0.413949621,1,0.731985402,0.646729784,0.931312895,0.512783906,0.831091313,1,0.948991034,0.858601023,0.677639443,0.842600859,0.896415995,1,6,9,TRUE
898,Put,140,European,3,5,100,95,70,80,100,0.354113667,0.180828374,0.287742072,0.382299356,0.199873901,1,0.053881233,-0.128726343,0.080128716,0.104173824,0.168407577,1,0.096305629,0.121357739,0.14305019,-0.089343569,0.474958849,1,0.73829604,0.643170585,0.941501885,0.548435397,0.864220624,1,0.926347798,0.861994398,0.610104867,0.816615339,0.908293924,1,0,0,FALSE
899,Call,20,European,3,5,70,105,100,100,100,0.370029354,0.401806639,0.383676443,0.230297315,0.277746695,1,0.117659118,-0.169603289,0.122664457,0.062107831,0.241339315,1,0.118140003,0.031009258,0.072872034,-0.050572121,0.425043915,1,0.748561282,0.671087709,0.954732249,0.509674054,0.889625203,1,0.966811221,0.918350141,0.686017385,0.816263482,0.88470111,1,0,0,FALSE
900,Put,120,European,6,5,102,105,100,100,100,0.174504312,0.140282728,0.317639419,0.187392837,0.278070931,1,0.105351449,-0.073213542,0.04318291,0.107193483,0.169788496,1,0.142087157,0.060696147,0.085375231,-0.067359058,0.409380746,1,0.706083955,0.66218912,0.974751343,0.5232491,0.80153452,1,0.99500428,0.855250481,0.64158493,0.854430742,0.944424227,1,0,0,FALSE
901,Put,102,American,0,5,79,105,100,100,100,0.177187431,0.290682119,0.216653572,0.134841644,0.204071712,1,0.131941927,-0.070207412,0.068868865,0.104483907,0.189589144,1,0.151960263,0.11155112,0.140671939,-0.103405508,0.4386551,1,0.779175753,0.608012776,0.936529349,0.549007444,0.819194457,1,0.937630423,0.886718995,0.654690034,0.864140911,0.951594233,1,3,12,FALSE
902,Call,101,European,3,5,100,100,100,100,100,0.423460265,0.197106017,0.301219465,0.178040252,0.339185406,1,0.142026608,-0.098915936,0.105072102,0.089115553,0.196580324,1,0.13181316,0.060145344,0.100417074,-0.023534981,0.432000578,1,0.704152575,0.61505866,0.991222575,0.555327719,0.871237527,1,0.986369616,0.885567682,0.652090478,0.835628124,0.906346228,1,0,0,FALSE
903,Call,78,European,3,5,100,105,100,100,100,0.388729774,0.154604866,0.37064466,0.201005678,0.400403897,1,0.088349602,-0.099769771,0.063999108,0.13248776,0.221572953,1,0.140136731,0.061822767,0.13709136,-0.057343015,0.433030016,1,0.778356303,0.67963335,0.952579978,0.509473215,0.820208404,1,0.906987949,0.881128042,0.662635906,0.861460428,0.913645218,1,0,0,FALSE
904,Put,99,European,6,5,100,105,100,100,100,0.396218501,0.294268396,0.200146909,0.198596588,0.307829903,1,0.061996652,-0.081765075,0.111299477,0.095536601,0.238644768,1,0.067179246,0.048846622,0.0729194,-0.084410422,0.438088947,1,0.70686002,0.632917059,0.942819793,0.555054194,0.880043108,1,0.919775243,0.878515747,0.644070867,0.853856127,0.961532651,1,0,0,FALSE
905,Call,65,American,0,5,70,105,100,100,100,0.397872084,0.216006272,0.310514829,0.262954548,0.117084828,1,0.065303332,-0.080295527,0.07466703,0.08319254,0.161197208,1,0.095789953,0.104117957,0.097684569,-0.106725583,0.406117466,1,0.794155504,0.676064165,0.906172218,0.590873059,0.849069423,1,0.958984077,0.918205473,0.636375818,0.858911529,0.885400356,1,3,9,TRUE
906,Put,97,European,3,5,80,95,100,100,100,0.322478099,0.389206103,0.181877871,0.147074099,0.276756246,1,0.138905622,-0.120729857,0.097856789,0.049843996,0.219075626,1,0.092995935,0.048285566,0.114637381,-0.021730463,0.406719707,1,0.769809951,0.60822859,0.999411845,0.595789366,0.877019623,1,0.907152371,0.919147164,0.636514643,0.836142143,0.882123843,1,0,0,FALSE
907,Call,85,European,3,5,70,105,100,100,100,0.266932807,0.436561876,0.384547457,0.195729596,0.378414089,1,0.125532884,-0.107418498,0.088380054,0.08799851,0.168954047,1,0.066661878,0.100040441,0.060398847,-0.116849517,0.449604654,1,0.788403735,0.669912526,0.968860302,0.560645666,0.822672611,1,0.990439025,0.914933265,0.64688338,0.786284368,0.943306313,1,0,0,FALSE
908,Put,96,European,6,5,102,105,100,100,100,0.347151804,0.256550894,0.367614553,0.305053138,0.165874058,1,0.149289788,-0.115806664,0.108975174,0.116122036,0.207456032,1,0.076542065,0.117868916,0.059741251,-0.076330246,0.430026133,1,0.757919988,0.686635147,0.985199114,0.555859029,0.859076803,1,0.981584589,0.923779706,0.627151412,0.806329461,0.888985864,1,0,0,FALSE
909,Put,97,American,0,5,79,105,100,100,100,0.190752807,0.354093427,0.28972131,0.430377154,0.392777882,1,0.112300107,-0.073340188,0.081497239,0.103929458,0.177033227,1,0.092619281,0.105068803,0.052575551,-0.065157755,0.432320238,1,0.773144865,0.682652764,0.902828821,0.541951528,0.892031205,1,0.956920302,0.945960875,0.621512305,0.879030907,0.931442028,1,9,12,TRUE
910,Call,10,European,3,5,100,100,100,110,100,0.321112209,0.368274781,0.153084466,0.141499843,0.103423172,1,0.094598023,-0.105791661,0.056968346,0.064907035,0.19200339,1,0.148862027,0.05780752,0.134398348,-0.05258088,0.413702035,1,0.752763613,0.60422596,0.949259832,0.569012822,0.898199274,1,0.973484338,0.889773736,0.667906776,0.786737205,0.951766789,1,0,0,FALSE
911,Call,99,European,3,5,100,105,105,100,100,0.149191294,0.365103701,0.38024877,0.197826668,0.110200116,1,0.06693398,-0.123164028,0.037644464,0.043804119,0.241403782,1,0.13196331,0.08761836,0.104330634,-0.038813004,0.487940351,1,0.701637592,0.601632274,0.962661356,0.503710963,0.841943022,1,0.967400925,0.921456426,0.688728803,0.872218273,0.88480852,1,0,0,FALSE
912,Put,190,European,6,5,100,105,100,105,100,0.367784159,0.417329155,0.377072115,0.324122459,0.118903054,1,0.081728948,-0.138952262,0.127933635,0.054397127,0.180458607,1,0.125673939,0.103097511,0.128171094,-0.024746868,0.477405367,1,0.782650494,0.673941267,0.951583624,0.550591272,0.886748518,1,0.98783187,0.89695239,0.638946289,0.787156723,0.906174718,1,0,0,FALSE
913,Call,68,American,0,5,70,105,99,100,95,0.385325247,0.226674609,0.266755135,0.157988055,0.382294843,1,0.095198202,-0.077763834,0.090232487,0.050241247,0.255765579,1,0.106783365,0.103119999,0.091193418,-0.071316932,0.483546681,1,0.772251383,0.629015483,0.960149751,0.580944704,0.84583778,1,0.96026122,0.888064597,0.598165246,0.849035772,0.90225641,1,6,9,TRUE
914,Put,142,European,3,5,100,95,70,80,100,0.29480968,0.347051962,0.189534436,0.230138643,0.245253657,1,0.100907607,-0.122923448,0.056027076,0.064303971,0.230465887,1,0.09320699,0.080456473,0.102883352,-0.04446874,0.467478349,1,0.706743618,0.645875286,0.993773254,0.557639652,0.835004783,1,0.910312542,0.885082832,0.618233677,0.837416221,0.877730943,1,0,0,FALSE
915,Call,97,European,3,5,70,105,100,100,100,0.131769293,0.291973795,0.191735923,0.264445043,0.114059748,1,0.086447899,-0.157176822,0.128431805,0.113015876,0.249333428,1,0.15657529,0.043720945,0.108825357,-0.104443103,0.493793181,1,0.782169276,0.69604206,0.984560384,0.548514566,0.892283137,1,0.959325484,0.94261104,0.638127095,0.819133021,0.945127077,1,0,0,FALSE
916,Put,125,European,6,5,102,105,100,100,100,0.168234962,0.285112275,0.289180591,0.350909368,0.237053498,1,0.0984256,-0.114547142,0.06442143,0.134592968,0.25958758,1,0.111559672,0.044753137,0.052881225,-0.066392083,0.429455307,1,0.740180347,0.690129772,0.996654714,0.506610159,0.896005763,1,0.941792343,0.929011848,0.675634346,0.826505155,0.95108882,1,0,0,FALSE
917,Put,135,American,0,5,79,105,100,100,100,0.389135908,0.146898177,0.313416857,0.242479219,0.386398291,1,0.09632783,-0.169076801,0.101449965,0.047391245,0.249558291,1,0.094296836,0.043033828,0.080113131,-0.073809826,0.441985092,1,0.772154161,0.695624089,0.992766803,0.518630999,0.826498208,1,0.910083187,0.927456085,0.629754132,0.871241693,0.905148928,1,3,6,FALSE
918,Put,99,European,6,5,100,105,100,100,100,0.385638474,0.272771445,0.40607377,0.420501327,0.339019303,1,0.143923528,-0.138487177,0.035840046,0.099663755,0.182407518,1,0.121532929,0.061538917,0.054883008,-0.074798225,0.470389034,1,0.767704481,0.653720669,0.9367095,0.548503688,0.808829872,1,0.980634356,0.943060298,0.689085561,0.797075863,0.941071385,1,0,0,FALSE
919,Call,65,American,0,5,70,105,100,100,100,0.387488465,0.159210127,0.327268993,0.215188377,0.345220182,1,0.062711843,-0.088742187,0.128424465,0.126136261,0.2305858,1,0.090362387,0.028808346,0.100469556,-0.022346615,0.408532187,1,0.786772832,0.647271204,0.910196429,0.568393883,0.802468541,1,0.918969992,0.919200509,0.658387619,0.870066354,0.890649273,1,3,9,TRUE
920,Put,97,European,3,5,80,95,100,100,100,0.137514986,0.184728031,0.314377971,0.367838311,0.344348114,1,0.102419208,-0.116187091,0.123599092,0.058328138,0.172793899,1,0.136233952,0.032189726,0.105511711,-0.074214201,0.494878954,1,0.753652364,0.604600462,0.969876966,0.539583015,0.856699548,1,0.936281276,0.935329197,0.609489232,0.828404677,0.917163017,1,0,0,FALSE
921,Call,85,European,3,5,70,105,100,100,100,0.407254998,0.400024238,0.184823625,0.391497237,0.344321699,1,0.094287195,-0.142149355,0.050969988,0.102876781,0.206439988,1,0.11331645,0.050355363,0.119480033,-0.103122626,0.481823444,1,0.760115935,0.690249343,0.967328797,0.570884146,0.874354598,1,0.963481639,0.919623941,0.64309607,0.812527464,0.89933853,1,0,0,FALSE
922,Put,96,European,6,5,102,105,100,100,100,0.223335199,0.428114852,0.230438035,0.390973499,0.124567573,1,0.100818017,-0.157100107,0.103032522,0.100524447,0.224428332,1,0.081144768,0.033079965,0.097632033,-0.076988948,0.468444645,1,0.704625251,0.666204971,0.964095004,0.519966164,0.83242801,1,0.928084723,0.884437381,0.631234699,0.879841577,0.870832114,1,0,0,FALSE
923,Put,97,American,0,5,79,105,100,100,100,0.12771849,0.420004754,0.234502171,0.234819639,0.328711616,1,0.103896468,-0.081155552,0.059583576,0.082336087,0.185439714,1,0.065215576,0.082556997,0.058974981,-0.118372599,0.445816618,1,0.76300934,0.635859283,0.949560524,0.599164489,0.875694326,1,0.903730629,0.931229795,0.641236693,0.848100916,0.964617902,1,9,12,TRUE
924,Call,10,European,3,5,100,100,100,110,100,0.317284327,0.200716224,0.43313655,0.392000159,0.385913029,1,0.069920924,-0.108985427,0.09156431,0.073094559,0.224789868,1,0.094043078,0.033646463,0.087683584,-0.091295215,0.458641992,1,0.756025998,0.612469078,0.995053324,0.513970419,0.887516137,1,0.98602913,0.86252437,0.657267712,0.854265248,0.943145629,1,0,0,FALSE
925,Call,99,European,3,5,100,105,105,100,100,0.144215715,0.408835114,0.226810365,0.303098425,0.246019708,1,0.086901823,-0.08934876,0.037357222,0.068187833,0.24486715,1,0.070478001,0.120716935,0.093741229,-0.10734372,0.481570177,1,0.77967234,0.65225035,0.94794673,0.512820412,0.804897474,1,0.977222859,0.922834813,0.668107497,0.828724492,0.94785648,1,0,0,FALSE
926,Put,190,European,6,5,100,105,100,105,100,0.303103206,0.251523882,0.184836015,0.274000347,0.113946326,1,0.088438834,-0.086605047,0.050779041,0.08177818,0.198853747,1,0.149594661,0.119291642,0.081722241,-0.053230032,0.446800518,1,0.725421976,0.698060605,0.953578674,0.596671978,0.875175475,1,0.992880938,0.932415632,0.655561179,0.824915233,0.933533896,1,0,0,FALSE
927,Call,85,European,3,5,100,105,100,100,100,0.147813585,0.384884591,0.256499037,0.168416803,0.133790926,1,0.142553045,-0.124163888,0.070124993,0.116095763,0.208887814,1,0.069046969,0.075264121,0.06920383,-0.066702735,0.42080703,1,0.704430046,0.635456845,0.934566978,0.517298022,0.876286249,1,0.936252298,0.88580916,0.612468756,0.816095626,0.923307667,1,0,0,FALSE
928,Put,95,European,6,5,100,105,100,100,100,0.417543614,0.401438072,0.443112486,0.327468496,0.376040568,1,0.068874574,-0.073563998,0.127503572,0.087749071,0.194406922,1,0.088720949,0.09575351,0.1237906,-0.060711451,0.471314861,1,0.793367679,0.623331999,0.978339891,0.510157481,0.868539655,1,0.906070678,0.942026819,0.66351135,0.825982103,0.873704378,1,0,0,FALSE
929,Call,50,American,0,5,70,105,100,100,100,0.369525413,0.271499548,0.323462744,0.156565218,0.277403497,1,0.087708438,-0.122663727,0.036366334,0.080456588,0.235310511,1,0.134341451,0.088327506,0.110129235,-0.019855031,0.459778921,1,0.716575531,0.657683176,0.978019342,0.554940654,0.820963085,1,0.937534702,0.862278441,0.674522281,0.873727048,0.877604205,1,3,9,TRUE
930,Put,97,European,3,5,80,95,100,100,100,0.297199196,0.428249177,0.446168394,0.166315421,0.175961708,1,0.064908706,-0.117098976,0.065515754,0.091600602,0.171227178,1,0.142563555,0.087917867,0.060145627,-0.104692151,0.439945493,1,0.71022127,0.612590836,0.942979823,0.558175139,0.872004638,1,0.969240679,0.928719302,0.606085003,0.850310065,0.932715058,1,0,0,FALSE
931,Call,85,European,3,5,70,105,100,100,100,0.263222791,0.404473825,0.414990968,0.177019366,0.32765081,1,0.099197406,-0.070825577,0.120359972,0.08678728,0.200099959,1,0.138875907,0.047822251,0.06596249,-0.104946628,0.432046948,1,0.740457426,0.685492414,0.968322144,0.556869616,0.857439804,1,0.929636841,0.938379879,0.59025245,0.870493781,0.882094719,1,0,0,FALSE
932,Put,96,European,6,5,102,105,100,100,100,0.276650125,0.266154047,0.21607014,0.14155952,0.307318147,1,0.125105036,-0.075165442,0.104500793,0.129914249,0.197170678,1,0.12582742,0.039953882,0.062361702,-0.084586842,0.475100861,1,0.728334029,0.657814813,0.902086242,0.527980589,0.882532908,1,0.989442874,0.879207677,0.598635093,0.852790898,0.929705222,1,0,0,FALSE
933,Put,89,American,0,5,79,105,100,100,100,0.326199833,0.237956329,0.259696231,0.301642647,0.122305757,1,0.115728403,-0.169757099,0.045597348,0.049868367,0.21147114,1,0.110578671,0.122226559,0.12384018,-0.0417883,0.431027282,1,0.797368159,0.60901865,0.939284486,0.5831012,0.858413805,1,0.996001297,0.855034442,0.638868824,0.830563744,0.870433592,1,9,12,TRUE
934,Call,40,European,3,5,100,100,100,110,100,0.194312785,0.417043936,0.372445253,0.234240256,0.114400541,1,0.140733999,-0.073791406,0.078992144,0.039364581,0.229424618,1,0.119903696,0.032698451,0.053779767,-0.103514582,0.459480648,1,0.726467011,0.654056484,0.985337276,0.564620337,0.825007556,1,0.923460723,0.943708649,0.632278025,0.820592251,0.886584284,1,0,0,FALSE
935,Call,97,European,3,5,100,105,105,100,100,0.253690851,0.359584466,0.247327545,0.25631662,0.281814543,1,0.101706577,-0.118309308,0.083064413,0.068078663,0.197796201,1,0.140106055,0.049059672,0.062092742,-0.025759378,0.46171296,1,0.711887532,0.619000799,0.93925409,0.528928337,0.835650944,1,0.923893778,0.877271688,0.678160833,0.800645379,0.874905527,1,0,0,FALSE
936,Put,188,European,6,5,100,105,100,105,100,0.164745097,0.226141592,0.369557342,0.17355862,0.15584289,1,0.056461793,-0.080569541,0.061798156,0.056152272,0.21409143,1,0.137797993,0.105726009,0.129229893,-0.048287638,0.471759811,1,0.770324579,0.632091326,0.98828067,0.544160303,0.897497797,1,0.929616244,0.930287915,0.593033012,0.816185562,0.895277551,1,0,0,FALSE
937,Call,58,American,0,5,70,105,99,100,95,0.171942503,0.166159111,0.445185496,0.408039889,0.373085342,1,0.144530935,-0.168339066,0.040130474,0.036095098,0.16446565,1,0.115414877,0.045453439,0.077367681,-0.072953951,0.433772829,1,0.70140564,0.685866573,0.939509725,0.539012527,0.824833989,1,0.96207976,0.934479557,0.639168197,0.830778179,0.899910837,1,6,9,TRUE
938,Put,140,European,3,5,100,95,70,80,100,0.228327239,0.41343405,0.220082609,0.22948672,0.324715243,1,0.063016752,-0.134704313,0.040545165,0.108032472,0.259984683,1,0.123609786,0.029012822,0.091808379,-0.088634924,0.406159866,1,0.735141755,0.684470645,0.968231053,0.516500662,0.847437286,1,0.948654425,0.862390884,0.643595032,0.795514503,0.901236998,1,0,0,FALSE
939,Call,20,European,3,5,70,105,100,100,100,0.193138853,0.176706687,0.402048744,0.276844385,0.107078305,1,0.128129459,-0.133669686,0.12653537,0.129399636,0.183277432,1,0.122461314,0.065248562,0.135806502,-0.026611782,0.497930235,1,0.721198761,0.664493417,0.947516697,0.584639993,0.891371613,1,0.919294904,0.930801021,0.68134612,0.826230772,0.870802205,1,0,0,FALSE
940,Put,120,European,6,5,102,105,100,100,100,0.347031837,0.266135122,0.170367809,0.235288132,0.12073267,1,0.131839434,-0.159152975,0.106472241,0.064737103,0.18828452,1,0.07448779,0.027299457,0.081035489,-0.117663499,0.493572595,1,0.789909136,0.651597456,0.91679411,0.581327203,0.833888163,1,0.960400739,0.850922053,0.62185551,0.792462082,0.897669485,1,0,0,FALSE
941,Put,102,American,0,5,79,105,100,100,100,0.349025561,0.261310369,0.431418515,0.25891266,0.378483979,1,0.08028151,-0.091236819,0.052582464,0.117204802,0.213592584,1,0.090438536,0.069571879,0.114077895,-0.032406353,0.41741828,1,0.707103975,0.619856616,0.91548606,0.54012677,0.857612273,1,0.989653068,0.889573724,0.68540957,0.856370999,0.897491556,1,3,12,FALSE
942,Call,101,European,3,5,100,100,100,100,100,0.292786593,0.183607799,0.201409984,0.161204955,0.272120857,1,0.07903108,-0.079765916,0.084896276,0.053384606,0.222182352,1,0.085294275,0.033385096,0.072601478,-0.04985658,0.441275443,1,0.703040449,0.673977346,0.985846334,0.510447445,0.85546985,1,0.948047496,0.859417039,0.594048545,0.834057924,0.936099175,1,0,0,FALSE
943,Call,78,European,3,5,100,105,100,100,100,0.25498827,0.39132288,0.184028694,0.346717297,0.292091942,1,0.130151569,-0.131844784,0.043538653,0.083755171,0.164033225,1,0.120239034,0.048628051,0.095814781,-0.114977393,0.410176465,1,0.746873394,0.686662562,0.96752363,0.501129196,0.839005631,1,0.939932354,0.863815346,0.598946952,0.859897667,0.890490662,1,0,0,FALSE
944,Put,99,European,6,5,100,105,100,100,100,0.229099516,0.317876656,0.372759002,0.281854344,0.364845443,1,0.080004555,-0.09720464,0.077843185,0.128506678,0.185578652,1,0.156065437,0.103508066,0.133985677,-0.097701369,0.492410405,1,0.7579835,0.650366079,0.927485221,0.52446114,0.80401391,1,0.945247341,0.920290312,0.607714475,0.861069716,0.965375022,1,0,0,FALSE
945,Call,65,American,0,5,70,105,100,100,100,0.342570647,0.399232666,0.390393191,0.266142284,0.286147504,1,0.107798512,-0.087474027,0.078904048,0.078341215,0.240983862,1,0.125707459,0.05792568,0.13353361,-0.11692117,0.427958497,1,0.745267895,0.641356343,0.934751765,0.568549498,0.815748806,1,0.964586793,0.939138305,0.680310501,0.846797081,0.951505458,1,3,9,TRUE
946,Put,97,European,3,5,80,95,100,100,100,0.272955434,0.288055073,0.237290306,0.397524981,0.332193582,1,0.097308588,-0.123578145,0.130048893,0.071304087,0.244894911,1,0.068296981,0.04184814,0.059259188,-0.038240153,0.420446041,1,0.703605473,0.603516817,0.961791244,0.591985172,0.880374063,1,0.932658522,0.882918738,0.643824475,0.788557419,0.916418267,1,0,0,FALSE
947,Call,85,European,3,5,70,105,100,100,100,0.204420524,0.294820625,0.153873717,0.416642146,0.319435282,1,0.147812469,-0.131018473,0.035107589,0.058453269,0.219898427,1,0.116247253,0.117119521,0.104294564,-0.078996527,0.402576586,1,0.761181818,0.620316801,0.959635087,0.58830469,0.857612139,1,0.917994039,0.925593946,0.64976978,0.861486986,0.879691574,1,0,0,FALSE
948,Put,96,European,6,5,102,105,100,100,100,0.227753094,0.278705657,0.302788551,0.185785777,0.109064385,1,0.060063421,-0.08570649,0.116091469,0.079674279,0.204267283,1,0.086641047,0.072705897,0.134152475,-0.073141427,0.498523377,1,0.701297687,0.634777647,0.94003787,0.546784222,0.842758524,1,0.955328782,0.865073714,0.602580528,0.801923635,0.902700683,1,0,0,FALSE
949,Put,97,American,0,5,79,105,100,100,100,0.187249122,0.301457398,0.42323137,0.290200275,0.271021038,1,0.050380077,-0.081367842,0.132310688,0.078690419,0.176792401,1,0.074256667,0.10974209,0.06133366,-0.103983333,0.41478856,1,0.790565636,0.698320515,0.949280377,0.52240628,0.845101242,1,0.916258863,0.919338989,0.591424842,0.860754351,0.893702596,1,9,12,TRUE
950,Call,10,European,3,5,100,100,100,110,100,0.32827366,0.424930526,0.422133097,0.256080902,0.218005809,1,0.08152647,-0.090808865,0.037380743,0.056431415,0.181774653,1,0.141031323,0.058229434,0.139534177,-0.098183137,0.48967566,1,0.780566117,0.690802271,0.929636303,0.517746103,0.877699266,1,0.91066322,0.929628206,0.624931978,0.822008234,0.884450651,1,0,0,FALSE
951,Call,99,European,3,5,100,105,105,100,100,0.196534884,0.264010174,0.25043494,0.332845151,0.388498729,1,0.131399802,-0.162270471,0.037956218,0.083800833,0.204136553,1,0.153542585,0.097304761,0.135651928,-0.041321217,0.472770888,1,0.781592639,0.650227582,0.909291241,0.50599225,0.854060053,1,0.966757083,0.89482546,0.619244357,0.814563627,0.904519526,1,0,0,FALSE
952,Put,190,European,6,5,100,105,100,105,100,0.416445525,0.239543203,0.206153696,0.273073217,0.318877052,1,0.14944358,-0.089573897,0.091655302,0.082480359,0.250163271,1,0.156259321,0.047318269,0.06851073,-0.083060042,0.49650439,1,0.736926527,0.657625975,0.958900921,0.542117356,0.897675428,1,0.931693929,0.915019639,0.636430394,0.867283158,0.902354019,1,0,0,FALSE
953,Call,68,American,0,5,70,105,99,100,95,0.344347309,0.154565323,0.376550046,0.362237074,0.178316831,1,0.052674486,-0.079853353,0.125740298,0.131488832,0.205995618,1,0.111898897,0.085180532,0.063446348,-0.095397234,0.459865123,1,0.73615088,0.616500443,0.942004462,0.522577826,0.826063943,1,0.997172896,0.874747116,0.605986731,0.831660404,0.897945228,1,6,9,TRUE
954,Put,142,European,3,5,100,95,70,80,100,0.382185012,0.172737167,0.389283503,0.161499722,0.234383481,1,0.076636184,-0.081981439,0.054573614,0.051338032,0.189212436,1,0.116649004,0.064319942,0.145433964,-0.099686352,0.461731484,1,0.760191033,0.672991269,0.911559806,0.523170124,0.810534844,1,0.918704383,0.922841107,0.650194889,0.879374355,0.941395459,1,0,0,FALSE
955,Call,97,European,3,5,70,105,100,100,100,0.211219637,0.287990536,0.218471873,0.186984386,0.132640271,1,0.125871282,-0.149521427,0.048362651,0.073585014,0.246324547,1,0.132834976,0.078145174,0.139758951,-0.066169081,0.459682027,1,0.758549355,0.649315221,0.975564049,0.585214059,0.875142242,1,0.981139258,0.867060002,0.674603567,0.855130131,0.891016944,1,0,0,FALSE
956,Put,125,European,6,5,102,105,100,100,100,0.314889147,0.239179541,0.429605282,0.300602823,0.318775429,1,0.111060359,-0.087418659,0.11698144,0.059100515,0.240943425,1,0.116009981,0.026475617,0.074710319,-0.117570525,0.421928178,1,0.794052461,0.602413531,0.958702926,0.554810019,0.835418988,1,0.919105517,0.866275545,0.682554972,0.785868226,0.957900003,1,0,0,FALSE
957,Put,135,American,0,5,79,105,100,100,100,0.333052195,0.381453412,0.21159022,0.187696775,0.330637121,1,0.119536939,-0.1166751,0.097818362,0.096550416,0.205610882,1,0.140608997,0.059282787,0.053018785,-0.109442881,0.44981099,1,0.775508527,0.624686961,0.941377109,0.512142176,0.805490284,1,0.940258926,0.936806391,0.647861782,0.804195923,0.938037422,1,3,6,FALSE
958,Put,99,European,6,5,100,105,100,100,100,0.170600559,0.329487963,0.373865145,0.299481229,0.330034724,1,0.086201076,-0.135794848,0.067212115,0.075758391,0.220868466,1,0.073649584,0.050917635,0.06137226,-0.116633291,0.461829266,1,0.772259678,0.653137796,0.926380623,0.531463028,0.855538161,1,0.901690919,0.88697571,0.674865062,0.844347021,0.964770536,1,0,0,FALSE
959,Call,65,American,0,5,70,105,100,100,100,0.258144343,0.379496591,0.33707046,0.425421524,0.283849703,1,0.093752606,-0.088589882,0.133760326,0.042412268,0.178830772,1,0.065886722,0.029647438,0.0909678,-0.111211177,0.490081258,1,0.745047107,0.663105828,0.970545515,0.547687421,0.846798273,1,0.985671771,0.856259832,0.652682125,0.78126916,0.955095291,1,3,9,TRUE
960,Put,97,European,3,5,80,95,100,100,100,0.378281463,0.33055102,0.226060153,0.225175067,0.239556129,1,0.072175632,-0.153409302,0.09699181,0.069893594,0.207092454,1,0.063576603,0.049178402,0.078620254,-0.042194581,0.443603091,1,0.769440109,0.652021448,0.988598291,0.517877813,0.869300487,1,0.928224775,0.891598752,0.601640298,0.850179803,0.957721434,1,0,0,FALSE
961,Call,85,European,3,5,70,105,100,100,100,0.318084121,0.402150184,0.417561256,0.380483759,0.311430392,1,0.065547108,-0.130402309,0.125551697,0.106850564,0.161930102,1,0.076305365,0.120148646,0.069772426,-0.086474407,0.451179972,1,0.722470735,0.627583689,0.950635944,0.557002563,0.878705458,1,0.931047605,0.876330979,0.591529719,0.786093343,0.935749971,1,0,0,FALSE
962,Put,96,European,6,5,102,105,100,100,100,0.289456922,0.427471867,0.23438452,0.367821471,0.373762111,1,0.13895175,-0.10592514,0.055024009,0.068803559,0.168979628,1,0.075896254,0.121785507,0.148030233,-0.10617393,0.462883441,1,0.714077221,0.60022532,0.946506619,0.533123527,0.834383857,1,0.908770762,0.882518071,0.630210385,0.875853592,0.878108716,1,0,0,FALSE
963,Put,97,American,0,5,79,105,100,100,100,0.191070703,0.297208587,0.368833931,0.15936171,0.394218859,1,0.148731925,-0.109461537,0.069213855,0.094539566,0.208024264,1,0.064759673,0.027941761,0.08989638,-0.093994557,0.438113656,1,0.778875511,0.672114631,0.939725684,0.507279454,0.838384974,1,0.903105609,0.859934726,0.59785145,0.842621602,0.926784751,1,9,12,TRUE
964,Call,10,European,3,5,100,100,100,110,100,0.280165421,0.305065246,0.364105607,0.227340532,0.271852682,1,0.076397824,-0.142001432,0.133459475,0.079919842,0.187293523,1,0.103589336,0.098209623,0.08518483,-0.061673017,0.497213233,1,0.702985458,0.656745991,0.920198327,0.535062284,0.89416501,1,0.926395183,0.942033359,0.611359669,0.802568972,0.945949562,1,0,0,FALSE
965,Call,99,European,3,5,100,105,105,100,100,0.387914021,0.413259129,0.39950952,0.207810387,0.261759848,1,0.092977333,-0.124540066,0.098269746,0.038010335,0.176096016,1,0.151656688,0.120025724,0.103953935,-0.08131343,0.447702525,1,0.788832736,0.630710105,0.974567754,0.53963116,0.829564827,1,0.933381133,0.898839541,0.605250591,0.800333348,0.932443297,1,0,0,FALSE
966,Put,190,European,6,5,100,105,100,105,100,0.198265854,0.306945488,0.187730216,0.395278532,0.31088562,1,0.123834723,-0.163338588,0.114072398,0.042108805,0.199062088,1,0.08251853,0.077413617,0.053403559,-0.082390805,0.413088933,1,0.775603296,0.631927449,0.95540914,0.584563457,0.829337433,1,0.902704828,0.918976047,0.597968587,0.842656403,0.904677874,1,0,0,FALSE
967,Call,85,European,3,5,100,105,100,100,100,0.400394859,0.380438037,0.33642251,0.213878586,0.337548179,1,0.12772797,-0.155831576,0.059779082,0.121763054,0.250263905,1,0.124661497,0.104837089,0.149917889,-0.046627355,0.441001901,1,0.794840068,0.667213041,0.951245628,0.527907145,0.860635376,1,0.915115811,0.880061091,0.634829092,0.832043222,0.969681634,1,0,0,FALSE
968,Put,95,European,6,5,100,105,100,100,100,0.12987215,0.187409476,0.245457865,0.301851081,0.381092307,1,0.072254029,-0.076942983,0.08677131,0.069906677,0.168024697,1,0.14720243,0.067394319,0.079531809,-0.035104805,0.46652811,1,0.746102558,0.699178949,0.981414793,0.579239936,0.865093908,1,0.914249177,0.90842342,0.642908832,0.857645565,0.928786065,1,0,0,FALSE
969,Call,50,American,0,5,70,105,100,100,100,0.32500344,0.18228001,0.348663996,0.351539932,0.221654255,1,0.132852986,-0.070388058,0.037296634,0.12047174,0.1873573,1,0.14638829,0.107642302,0.132688521,-0.058888853,0.470891486,1,0.709682257,0.664641795,0.965366043,0.521234467,0.806635967,1,0.944316763,0.925957276,0.668318239,0.783562312,0.923092879,1,3,9,TRUE
970,Put,97,European,3,5,80,95,100,100,100,0.147539329,0.267499314,0.207877573,0.142468114,0.265353104,1,0.09066596,-0.079107536,0.038013802,0.102314245,0.181306715,1,0.15273506,0.083605728,0.143697302,-0.118340163,0.430079731,1,0.775579203,0.670760967,0.971753061,0.544832145,0.825831929,1,0.943853715,0.897629025,0.679921738,0.787155022,0.894571124,1,0,0,FALSE
971,Call,85,European,3,5,70,105,100,100,100,0.337658816,0.243283593,0.432180852,0.420026893,0.247118868,1,0.11824948,-0.134775039,0.058778829,0.056122576,0.25805054,1,0.114126669,0.051362067,0.110464779,-0.054066408,0.429028372,1,0.704764687,0.671250718,0.979410334,0.567002451,0.851043535,1,0.955208845,0.933726815,0.67277535,0.857732178,0.882788889,1,0,0,FALSE
972,Put,96,European,6,5,102,105,100,100,100,0.27873823,0.328359598,0.319012266,0.292445034,0.282010342,1,0.100569831,-0.082576215,0.043603114,0.0980805,0.243317285,1,0.127341379,0.074614968,0.055155695,-0.057827816,0.488220738,1,0.768063684,0.665302185,0.963494612,0.554827421,0.813449108,1,0.996282763,0.949686079,0.598856168,0.783877205,0.901379555,1,0,0,FALSE
973,Call,100,European,3,5,100,100,100,100,100,0.175534045,0.202545728,0.437042611,0.285620497,0.372760968,1,0.077392088,-0.12139726,0.101481725,0.081782888,0.222240114,1,0.111701783,0.081703529,0.138784636,-0.068769787,0.413590955,1,0.735424044,0.691491969,0.9923127,0.554464898,0.892603401,1,0.963488962,0.874265484,0.620518703,0.831263464,0.947798462,1,0,0,FALSE
974,Call,85,European,3,5,100,105,100,100,100,0.304916715,0.396075827,0.293993857,0.185399327,0.39322074,1,0.147638647,-0.0765665,0.055487136,0.097603909,0.202584674,1,0.11449718,0.09285663,0.102237866,-0.044857321,0.45285097,1,0.737853168,0.605589142,0.977000049,0.525837313,0.889041691,1,0.921811719,0.934840353,0.616129134,0.797938865,0.962490111,1,0,0,FALSE
975,Put,95,European,6,5,100,105,100,100,100,0.362812527,0.248624388,0.173407862,0.268166379,0.129642583,1,0.070237635,-0.122734891,0.097606909,0.110730425,0.197484985,1,0.078775883,0.036582945,0.050555423,-0.044684376,0.451549343,1,0.788974606,0.66160416,0.945731139,0.595213723,0.890840695,1,0.953390012,0.934113923,0.646823176,0.806453514,0.944427215,1,0,0,FALSE
976,Call,50,American,0,5,70,105,100,100,100,0.368612655,0.407674072,0.239284872,0.153932983,0.364453548,1,0.058336454,-0.095658189,0.045315379,0.049396382,0.17503817,1,0.069211133,0.05020103,0.148258149,-0.052094982,0.499558065,1,0.782596269,0.600009049,0.989627283,0.544028366,0.858186388,1,0.955691348,0.9039175,0.671769183,0.846415032,0.881539475,1,3,9,TRUE
977,Put,97,European,3,5,80,95,100,100,100,0.165917996,0.400034215,0.238937031,0.32738421,0.334037747,1,0.129297092,-0.114797072,0.03610897,0.103400433,0.232359392,1,0.084834395,0.038828426,0.071842309,-0.071133302,0.471449622,1,0.716199592,0.67803198,0.943616604,0.589903047,0.801127995,1,0.981534043,0.872219303,0.594585948,0.821182634,0.930933347,1,0,0,FALSE
978,Call,85,European,3,5,70,105,100,100,100,0.336374722,0.254690549,0.271031546,0.249823233,0.203200971,1,0.103480973,-0.074859846,0.070194843,0.123140682,0.231023127,1,0.148959417,0.080943912,0.114004566,-0.072266589,0.416225822,1,0.769679463,0.600288335,0.937452265,0.563329445,0.815910641,1,0.92670327,0.884727356,0.68171361,0.85371162,0.899983193,1,0,0,FALSE
979,Put,96,European,6,5,102,105,100,100,100,0.334558979,0.308177034,0.414582781,0.380770903,0.252365904,1,0.142952481,-0.091882045,0.075445877,0.10468704,0.258309112,1,0.155151543,0.114917378,0.1274063,-0.064627344,0.456227828,1,0.717249522,0.665146166,0.942253324,0.557930208,0.870174705,1,0.973203783,0.934284595,0.679902499,0.857051072,0.945902417,1,0,0,FALSE
980,Put,89,American,0,5,79,105,100,100,100,0.127620645,0.375035706,0.304464086,0.42256746,0.151675695,1,0.13896882,-0.093212913,0.045901548,0.121368498,0.236273016,1,0.081259755,0.046103792,0.085868047,-0.020380465,0.483550186,1,0.730780419,0.612714261,0.956068406,0.579706005,0.858750748,1,0.971407606,0.893746729,0.613325859,0.844559093,0.933774656,1,9,12,TRUE
981,Call,40,European,3,5,100,100,100,110,100,0.423863461,0.388643874,0.24177332,0.419719662,0.353737078,1,0.073817469,-0.12692204,0.113831221,0.052141721,0.246197495,1,0.100363709,0.080505014,0.111224059,-0.085673783,0.455238381,1,0.738675375,0.620114289,0.969782565,0.589970981,0.816057065,1,0.910008272,0.854353166,0.670046696,0.801342143,0.957636027,1,0,0,FALSE
982,Call,97,European,3,5,100,105,105,100,100,0.393052127,0.34422719,0.314534904,0.223230515,0.29187246,1,0.143138016,-0.114386464,0.07403875,0.058070487,0.179855779,1,0.084305482,0.105839301,0.111279047,-0.053502982,0.427215066,1,0.724859662,0.650954233,0.952469139,0.513930449,0.857938029,1,0.973348791,0.945540645,0.627910863,0.834346564,0.956092112,1,0,0,FALSE
983,Put,188,European,6,5,100,105,100,105,100,0.260309657,0.413726755,0.294801871,0.27980299,0.373438903,1,0.101365827,-0.097656221,0.049833933,0.104966031,0.165806357,1,0.142981649,0.050394237,0.142081798,-0.044360018,0.452625196,1,0.765185953,0.697369039,0.927607172,0.525114763,0.823592209,1,0.909175651,0.92768979,0.674262283,0.804580241,0.902629908,1,0,0,FALSE
984,Call,58,American,0,5,70,105,99,100,95,0.136051395,0.175134871,0.41690193,0.427484097,0.228853702,1,0.118240508,-0.098874439,0.062056839,0.081719175,0.208627665,1,0.065423864,0.054140967,0.06119672,-0.069855927,0.478642935,1,0.77467307,0.687044673,0.917331178,0.591943173,0.843594003,1,0.974610207,0.896822795,0.600325918,0.780689669,0.9369005,1,6,9,TRUE
985,Put,140,European,3,5,100,95,70,80,100,0.421346487,0.403432988,0.435525297,0.240995159,0.220401675,1,0.101936006,-0.127988364,0.088770175,0.133861394,0.232460079,1,0.07533767,0.037260854,0.145717743,-0.024590721,0.471190001,1,0.76168989,0.612488964,0.972636822,0.596323247,0.889812458,1,0.932469274,0.945885092,0.611092567,0.787252102,0.935464673,1,0,0,FALSE
986,Call,20,European,3,5,70,105,100,100,100,0.234782489,0.175800186,0.398949303,0.283895693,0.29178309,1,0.145790606,-0.111314911,0.122628187,0.038346649,0.175769971,1,0.066991865,0.119837753,0.081297472,-0.102896405,0.445620493,1,0.771134347,0.683523968,0.922582919,0.543724768,0.812848524,1,0.963869557,0.855438589,0.680007266,0.866577959,0.876158465,1,0,0,FALSE
987,Put,120,European,6,5,102,105,100,100,100,0.161219362,0.417980766,0.198760579,0.24514892,0.2634509,1,0.112196565,-0.108611842,0.096129362,0.065855755,0.25370103,1,0.120882486,0.025570245,0.142770575,-0.090158375,0.463646913,1,0.779671614,0.627406358,0.935440391,0.530362053,0.819593052,1,0.969855163,0.933243556,0.647862087,0.813675603,0.936559947,1,0,0,FALSE
988,Put,102,American,0,5,79,105,100,100,100,0.294481271,0.358424914,0.167831605,0.376610964,0.357371904,1,0.066749519,-0.086208756,0.083501153,0.057012346,0.184227559,1,0.143629492,0.074222934,0.113829713,-0.047131047,0.453817667,1,0.787762588,0.646463656,0.958245161,0.504759643,0.877191742,1,0.977436395,0.856020582,0.648008233,0.843708198,0.946299151,1,3,12,FALSE
989,Call,101,European,3,5,100,100,100,100,100,0.18003338,0.227918846,0.258612835,0.245331575,0.272901621,1,0.111220134,-0.125248783,0.076599574,0.114502202,0.198801087,1,0.072075189,0.100995847,0.097742648,-0.034361045,0.429656302,1,0.702980244,0.619015725,0.989703626,0.560916368,0.842333695,1,0.975677419,0.881864924,0.651831477,0.851749104,0.879002607,1,0,0,FALSE
990,Call,78,European,3,5,100,105,100,100,100,0.268545398,0.194365269,0.305085525,0.277021228,0.35012454,1,0.092485033,-0.139246828,0.054539901,0.078460397,0.161964304,1,0.130655732,0.030266351,0.087517515,-0.093448259,0.472241669,1,0.774573548,0.606989465,0.940975982,0.562343652,0.860620534,1,0.981253335,0.94482502,0.605658386,0.871751111,0.969466825,1,0,0,FALSE
991,Put,99,European,6,5,100,105,100,100,100,0.217149699,0.416218037,0.340289416,0.224572098,0.256494596,1,0.098757317,-0.160917588,0.053011893,0.106623016,0.171318004,1,0.084128366,0.085867012,0.072570714,-0.045763161,0.43705195,1,0.780206994,0.65300639,0.940849015,0.558856321,0.803361178,1,0.933976516,0.882928433,0.60239765,0.805376693,0.875945956,1,0,0,FALSE
992,Call,65,American,0,5,70,105,100,100,100,0.406342152,0.373534858,0.343992034,0.292728233,0.391016541,1,0.056278416,-0.114945525,0.09732579,0.135773596,0.241257097,1,0.095353167,0.089994554,0.08670242,-0.070354362,0.483196448,1,0.763155287,0.616474179,0.909771929,0.517752939,0.828920812,1,0.988038359,0.901603001,0.663980455,0.85321751,0.940468733,1,3,9,TRUE
993,Put,97,European,3,5,80,95,100,100,100,0.281591524,0.340820288,0.269162476,0.364617031,0.193258373,1,0.125905408,-0.152663988,0.070417608,0.13085373,0.256737356,1,0.118329365,0.065262985,0.100432983,-0.100472653,0.448341912,1,0.737685665,0.690034246,0.981592765,0.523151988,0.890861126,1,0.921646357,0.904135687,0.638669159,0.81805823,0.929603819,1,0,0,FALSE
994,Call,85,European,3,5,70,105,100,100,100,0.135195277,0.238083158,0.443582906,0.218840173,0.280531721,1,0.105257441,-0.099024299,0.133708613,0.127569662,0.23128137,1,0.108364608,0.105559471,0.081352823,-0.077360183,0.420869318,1,0.789520439,0.679550111,0.916504935,0.565963454,0.882419217,1,0.958431242,0.903003901,0.599590791,0.808955533,0.903437243,1,0,0,FALSE
995,Put,96,European,6,5,102,105,100,100,100,0.180174667,0.418361454,0.31968039,0.351598098,0.241213843,1,0.126413799,-0.148045919,0.083125763,0.122018063,0.195410736,1,0.098829769,0.121459455,0.148516308,-0.04736192,0.45408941,1,0.714601457,0.608552842,0.988981916,0.561142814,0.843553905,1,0.991794098,0.873272608,0.636194982,0.879696497,0.912994404,1,0,0,FALSE
996,Call,99,European,3,5,100,105,105,100,100,0.221017599,0.431303115,0.432074545,0.248508247,0.215977194,1,0.088943373,-0.165453905,0.118347259,0.120816736,0.232953171,1,0.09762915,0.081424254,0.136123609,-0.091240031,0.459594467,1,0.746834261,0.640613281,0.983890685,0.509765017,0.89766977,1,0.96103391,0.920973071,0.642997061,0.781240882,0.947586365,1,0,0,FALSE
997,Put,190,European,6,5,100,105,100,105,100,0.142566565,0.294231677,0.28098857,0.421568858,0.330573759,1,0.085763863,-0.077741478,0.058062326,0.123538914,0.25187667,1,0.100786992,0.049075103,0.134488449,-0.032138094,0.411941681,1,0.7357399,0.616801362,0.989691542,0.533288811,0.882226851,1,0.961932508,0.878879092,0.681960441,0.867854841,0.87563407,1,0,0,FALSE
998,Call,85,European,3,5,100,105,100,100,100,0.157075775,0.428273731,0.188313462,0.37143272,0.36115504,1,0.144612581,-0.150376282,0.131390393,0.113289125,0.200149998,1,0.121748032,0.059831992,0.135285417,-0.03157153,0.459182821,1,0.739049627,0.642553204,0.935989342,0.57818471,0.86923636,1,0.91039284,0.928341812,0.64598702,0.802611802,0.944914148,1,0,0,FALSE
999,Put,95,European,6,5,100,105,100,100,100,0.272812811,0.43171183,0.42936407,0.281585394,0.265113621,1,0.066990608,-0.145292319,0.133443519,0.119860158,0.208942208,1,0.159565238,0.1222275,0.069917974,-0.075987699,0.472374811,1,0.761018454,0.626841505,0.943669762,0.537272753,0.800254836,1,0.995110736,0.91243767,0.686887437,0.858624431,0.937266626,1,0,0,FALSE
1000,Call,50,American,0,5,70,105,100,100,100,0.288585128,0.308374326,0.225028343,0.24552862,0.219681942,1,0.122347283,-0.08737974,0.094113623,0.052220856,0.211145783,1,0.159173249,0.114907927,0.139782022,-0.040217879,0.432189216,1,0.753399296,0.692590629,0.936435,0.580132617,0.810918715,1,0.905973029,0.907521377,0.62949423,0.814010128,0.896782309,1,3,9,TRUE
1001,Put,97,European,3,5,80,95,100,100,100,0.201352409,0.220456201,0.24557147,0.373684093,0.145600544,1,0.051630802,-0.086080214,0.071893452,0.054629209,0.202465008,1,0.100775478,0.109942759,0.13249613,-0.091018276,0.469003652,1,0.794641563,0.644692892,0.923823544,0.554864312,0.841094718,1,0.959297431,0.87335195,0.679578304,0.821354319,0.934348238,1,0,0,FALSE
1002,Put,97,American,0,5,79,105,100,100,100,0.395900495,0.14379359,0.40489884,0.413108359,0.387972055,1,0.10514897,-0.140471776,0.053006382,0.053989104,0.181994633,1,0.137021766,0.03058365,0.119135636,-0.036833684,0.482253741,1,0.795115639,0.649289183,0.973780785,0.561165633,0.837047443,1,0.931728001,0.878838228,0.662033838,0.805415531,0.929833093,1,9,12,TRUE
1003,Call,10,European,3,5,100,100,100,110,100,0.202240254,0.306643681,0.429075672,0.200039005,0.376044217,1,0.145626898,-0.087882182,0.06778344,0.052869259,0.251310904,1,0.152520358,0.047245965,0.064034847,-0.079640633,0.491007083,1,0.720190048,0.627040692,0.909448984,0.528563682,0.828566498,1,0.969079302,0.944813772,0.6393248,0.793090253,0.9192212,1,0,0,FALSE
1004,Call,99,European,3,5,100,105,105,100,100,0.153703449,0.23587612,0.436220825,0.302864106,0.109321402,1,0.119058567,-0.144636553,0.085519934,0.104666284,0.226528223,1,0.101105382,0.119407951,0.080997925,-0.054495922,0.487416608,1,0.766806848,0.639939689,0.933742598,0.502629067,0.840485269,1,0.932458347,0.868037097,0.640681316,0.858176495,0.95757685,1,0,0,FALSE
1005,Put,190,European,6,5,100,105,100,105,100,0.273964754,0.269638389,0.182935702,0.13840066,0.109143319,1,0.066755022,-0.071924925,0.039185511,0.098368492,0.194823881,1,0.088573016,0.025552459,0.128982223,-0.058889396,0.42116017,1,0.733655306,0.670058695,0.915511734,0.543317347,0.818929713,1,0.962808759,0.851953881,0.6564279,0.797961779,0.956522089,1,0,0,FALSE
1006,Call,68,American,0,5,70,105,99,100,95,0.36433869,0.1648567,0.197477856,0.345794319,0.188767236,1,0.134721916,-0.167160183,0.073358873,0.067296554,0.183753549,1,0.093356285,0.075711056,0.126599213,-0.056943817,0.480743657,1,0.788384645,0.690813212,0.922981084,0.532577198,0.866778153,1,0.95326269,0.932417122,0.686701574,0.835094782,0.969393655,1,6,9,TRUE
1007,Put,142,European,3,5,100,95,70,80,100,0.390825189,0.355173568,0.284252831,0.186655126,0.335676633,1,0.054500929,-0.088961631,0.123495509,0.079553489,0.212782446,1,0.150070369,0.041388558,0.056041821,-0.022155131,0.413152428,1,0.705610732,0.615350553,0.912942294,0.523001114,0.840571054,1,0.927058311,0.901667592,0.67907782,0.787625855,0.874061788,1,0,0,FALSE
1008,Call,97,European,3,5,70,105,100,100,100,0.304902628,0.27750858,0.278579045,0.235005168,0.354660549,1,0.066847064,-0.116346007,0.09982479,0.092213617,0.192290854,1,0.123165673,0.103899354,0.098877383,-0.090665773,0.496579397,1,0.730880792,0.691775202,0.934401336,0.518835434,0.845291431,1,0.928709194,0.939348727,0.635036667,0.783769805,0.961639665,1,0,0,FALSE
1009,Put,125,European,6,5,102,105,100,100,100,0.317744443,0.234854179,0.362664034,0.268963692,0.207253635,1,0.096013639,-0.131945746,0.085753823,0.081439021,0.181951968,1,0.087927714,0.072536338,0.087644452,-0.042039471,0.404143739,1,0.746267116,0.644822942,0.957454436,0.555534529,0.821624951,1,0.91711752,0.929877871,0.645646255,0.821391532,0.88922691,1,0,0,FALSE
1010,Put,135,American,0,5,79,105,100,100,100,0.230449197,0.411123061,0.237035909,0.167127722,0.335056426,1,0.123283622,-0.100566608,0.065309679,0.046263349,0.250207071,1,0.091803101,0.040141527,0.106372728,-0.047118855,0.490191851,1,0.783956958,0.618471703,0.988022194,0.509126667,0.863742737,1,0.987384732,0.929892425,0.599647516,0.836288466,0.878546062,1,3,6,FALSE
1011,Put,99,European,6,5,100,105,100,100,100,0.313141567,0.252844706,0.231879711,0.33720313,0.217587364,1,0.137322879,-0.135821275,0.107978525,0.106328992,0.197783719,1,0.107067884,0.038456456,0.138097009,-0.116105999,0.407977416,1,0.741625636,0.692961841,0.909133339,0.528149098,0.899879145,1,0.91673897,0.940537379,0.609739998,0.805474504,0.879268295,1,0,0,FALSE
1012,Call,65,American,0,5,70,105,100,100,100,0.412503691,0.436031097,0.225567234,0.399574134,0.322237285,1,0.086156687,-0.085293203,0.133387215,0.132511495,0.199829241,1,0.152140296,0.070086471,0.130498673,-0.110319749,0.462235354,1,0.756117009,0.682872433,0.905641303,0.559903071,0.89372836,1,0.906122786,0.91470986,0.676553613,0.84441247,0.876100315,1,3,9,TRUE
1013,Put,97,European,3,5,80,95,100,100,100,0.28049676,0.334832378,0.15369478,0.372048316,0.17614063,1,0.062682119,-0.093531154,0.108556502,0.134179513,0.256620826,1,0.1579003,0.111662275,0.064849062,-0.10516683,0.444060215,1,0.745730632,0.671146241,0.998498905,0.520692011,0.830641087,1,0.994879574,0.882135556,0.63303154,0.865819778,0.959089258,1,0,0,FALSE
1014,Call,85,European,3,5,70,105,100,100,100,0.329089491,0.308314726,0.163167832,0.350346433,0.153082477,1,0.126401487,-0.089911942,0.099642228,0.090581085,0.182155459,1,0.091931938,0.048861758,0.115816652,-0.081503716,0.479124943,1,0.705100284,0.640578817,0.978973356,0.577177442,0.893521961,1,0.917767992,0.889208334,0.618015646,0.856584141,0.95564533,1,0,0,FALSE
1015,Put,96,European,6,5,102,105,100,100,100,0.350222086,0.381488824,0.2459376,0.426925841,0.342643633,1,0.127002112,-0.094141682,0.069916931,0.105452515,0.238384901,1,0.14852738,0.046103765,0.138117984,-0.031021892,0.448710598,1,0.708517583,0.618631096,0.956962152,0.582879571,0.813620258,1,0.920514872,0.944089902,0.67582357,0.837026558,0.914413806,1,0,0,FALSE
1016,Put,97,American,0,5,79,105,100,100,100,0.191711179,0.235538845,0.16564254,0.218591472,0.158274115,1,0.071987184,-0.16122077,0.100299143,0.132442954,0.180773186,1,0.084421518,0.091344062,0.05740963,-0.109731048,0.430712812,1,0.767007041,0.661420593,0.957798661,0.534461797,0.885760199,1,0.927453124,0.93918233,0.669025052,0.796670067,0.923902613,1,9,12,TRUE
1017,Call,10,European,3,5,100,100,100,110,100,0.159330423,0.223785142,0.369325827,0.324794815,0.15545027,1,0.140186302,-0.136580451,0.041954984,0.038868949,0.162000059,1,0.147311214,0.041413021,0.135589557,-0.118567237,0.490624254,1,0.762129889,0.65654089,0.997966725,0.599519736,0.835874212,1,0.960775424,0.882317451,0.641397536,0.845218447,0.8739083,1,0,0,FALSE
1018,Call,99,European,3,5,100,105,105,100,100,0.35937053,0.204135433,0.319058,0.244071625,0.291873205,1,0.122295069,-0.101670781,0.108415596,0.105618828,0.21126759,1,0.097351267,0.046605274,0.099671948,-0.103600063,0.435386272,1,0.739957949,0.626993254,0.943306496,0.534198903,0.825973339,1,0.972585539,0.882981346,0.606461679,0.796632804,0.95093141,1,0,0,FALSE
1019,Put,190,European,6,5,100,105,100,105,100,0.234762031,0.212645405,0.310556569,0.363297946,0.147229465,1,0.120941822,-0.131913996,0.064622988,0.102361288,0.169856955,1,0.064168998,0.052172596,0.070259895,-0.020364443,0.498613928,1,0.779582109,0.694681747,0.930984807,0.501210431,0.859305677,1,0.964294033,0.938867087,0.665524795,0.874528058,0.882539216,1,0,0,FALSE
1020,Call,85,European,3,5,100,105,100,100,100,0.168501747,0.244120629,0.182504059,0.18401492,0.313605356,1,0.09597313,-0.138626895,0.108630663,0.056819562,0.18520185,1,0.135434953,0.088638755,0.063108883,-0.061892903,0.461372192,1,0.788198818,0.6806868,0.913053733,0.517012143,0.896687363,1,0.964127237,0.861705676,0.620427073,0.84946315,0.878089369,1,0,0,FALSE
1021,Put,95,European,6,5,100,105,100,100,100,0.204406599,0.284748266,0.232119562,0.285450054,0.395548613,1,0.054741354,-0.126150005,0.108184684,0.135515355,0.198253944,1,0.085058153,0.065585075,0.08004287,-0.105030868,0.441178818,1,0.744697999,0.65321005,0.9888914,0.553019765,0.869326644,1,0.995095594,0.943296096,0.665114384,0.871703882,0.918859585,1,0,0,FALSE
1022,Call,50,American,0,5,70,105,100,100,100,0.413322659,0.282469558,0.36222264,0.350310897,0.172064476,1,0.109367537,-0.166044814,0.124185777,0.110803111,0.25952249,1,0.123765541,0.02852687,0.066560355,-0.027304329,0.423431431,1,0.760042686,0.670771504,0.959419119,0.507718298,0.821616045,1,0.999052272,0.872154461,0.623249462,0.875225261,0.878525715,1,3,9,TRUE
1023,Put,97,European,3,5,80,95,100,100,100,0.339858347,0.407191538,0.282699457,0.190035403,0.382342395,1,0.084427143,-0.094855713,0.085578825,0.092696738,0.18836626,1,0.069009663,0.048368287,0.083099628,-0.068612988,0.427948542,1,0.746717079,0.697144285,0.96979227,0.586140485,0.854057155,1,0.914825296,0.862372957,0.672253564,0.838828448,0.901824094,1,0,0,FALSE
1024,Call,85,European,3,5,70,105,100,100,100,0.366518071,0.300435014,0.406272986,0.182578462,0.333211137,1,0.142400772,-0.092259791,0.051419309,0.118086066,0.209909791,1,0.119772886,0.105121728,0.062493037,-0.079233107,0.405261152,1,0.756332081,0.696792514,0.914943811,0.548790906,0.841580856,1,0.949242117,0.85540095,0.646106426,0.865933582,0.957946537,1,0,0,FALSE
1025,Put,96,European,6,5,102,105,100,100,100,0.361254679,0.375335358,0.168260825,0.199789743,0.296257967,1,0.089274691,-0.117607116,0.079681328,0.125927271,0.244213874,1,0.074696708,0.047213673,0.053012821,-0.06107763,0.437441977,1,0.702504764,0.684955226,0.98786881,0.598898816,0.838414855,1,0.906350561,0.889126974,0.678266314,0.851356706,0.925634206,1,0,0,FALSE
1026,Call,68,American,0,5,70,105,99,100,95,0.317579116,0.364751973,0.17402391,0.188657328,0.166766702,1,0.085379283,-0.109008587,0.083806944,0.043368551,0.203265299,1,0.062535688,0.038413294,0.1435437,-0.051666112,0.440693031,1,0.703619412,0.670682915,0.94948079,0.505916153,0.897393672,1,0.955208708,0.945962338,0.667079522,0.792685429,0.94378411,1,6,9,TRUE
1027,Put,142,European,3,5,100,95,70,80,100,0.273362803,0.221202947,0.247039373,0.146140437,0.267559994,1,0.126542232,-0.105191163,0.103552347,0.066971103,0.24298265,1,0.104734238,0.081251141,0.10257546,-0.051347673,0.483329,1,0.749105889,0.655530896,0.91903596,0.559999604,0.880272375,1,0.949159225,0.936760738,0.635847622,0.840033208,0.966234504,1,0,0,FALSE
1028,Call,97,European,3,5,70,105,100,100,100,0.26073158,0.244082717,0.407551571,0.35335921,0.322738149,1,0.089585308,-0.074326037,0.128261069,0.072114597,0.21687826,1,0.158444688,0.039527211,0.142827709,-0.022061401,0.430692859,1,0.735014101,0.663234758,0.918680622,0.563280257,0.849796689,1,0.939414963,0.931297592,0.645411295,0.828307394,0.966165949,1,0,0,FALSE
1029,Put,125,European,6,5,102,105,100,100,100,0.370919446,0.208757857,0.286230622,0.256224436,0.129842269,1,0.065741117,-0.115818564,0.06450454,0.056611936,0.231066828,1,0.102275731,0.09544801,0.118581985,-0.117807997,0.498675132,1,0.767722569,0.689860701,0.953280322,0.544442081,0.872177782,1,0.946198919,0.892483372,0.685073736,0.832621603,0.89184839,1,0,0,FALSE
1030,Put,135,American,0,5,79,105,100,100,100,0.346609173,0.141513769,0.294025279,0.201917429,0.396723685,1,0.129696681,-0.09318563,0.083923495,0.090258873,0.247666171,1,0.120424382,0.068169401,0.110956861,-0.07211829,0.406464916,1,0.78819423,0.682258041,0.998497198,0.554664845,0.801071815,1,0.934666962,0.879380413,0.659857179,0.83331521,0.966860246,1,3,6,FALSE
1031,Put,99,European,6,5,100,105,100,100,100,0.190536111,0.241567793,0.223819792,0.176855957,0.129452063,1,0.148679651,-0.134681522,0.036165884,0.082288454,0.216521807,1,0.122941403,0.061718455,0.07031705,-0.11549236,0.435022564,1,0.752480143,0.623510387,0.963141636,0.509689433,0.850590804,1,0.944640367,0.875279352,0.663661054,0.836672385,0.963172673,1,0,0,FALSE
1032,Call,65,American,0,5,70,105,100,100,100,0.199595243,0.415915221,0.334023456,0.270480364,0.113834093,1,0.147869109,-0.095078768,0.035459181,0.135540277,0.205011071,1,0.111362302,0.096195994,0.140584069,-0.104150755,0.457412226,1,0.748379644,0.690507135,0.935118529,0.566525318,0.859629338,1,0.997079221,0.868351342,0.674550193,0.869440904,0.969205257,1,3,9,TRUE
1033,Put,97,European,3,5,80,95,100,100,100,0.167043692,0.413269483,0.247765507,0.418445376,0.300192369,1,0.10438431,-0.072804482,0.129576352,0.044172316,0.203391442,1,0.086612302,0.12196685,0.09701963,-0.102154592,0.454267505,1,0.767241756,0.630804302,0.977951527,0.593353541,0.892201249,1,0.903204473,0.855788732,0.617039409,0.795108322,0.919959192,1,0,0,FALSE
1034,Call,85,European,3,5,70,105,100,100,100,0.283827858,0.39888748,0.192285161,0.433229959,0.382052653,1,0.110459754,-0.084505295,0.086221197,0.090459859,0.160584412,1,0.134375796,0.055271432,0.08864207,-0.077866059,0.450497001,1,0.787525809,0.69129717,0.957354587,0.567618694,0.865482426,1,0.987899259,0.851424179,0.630495194,0.828525401,0.917700576,1,0,0,FALSE
1035,Put,96,European,6,5,102,105,100,100,100,0.126370439,0.195185051,0.311810046,0.397409785,0.116863636,1,0.070818618,-0.16255896,0.039686332,0.036177619,0.235396113,1,0.095651315,0.101020305,0.147269976,-0.063922299,0.412174655,1,0.712731742,0.65507316,0.942123038,0.547274894,0.840299753,1,0.988150476,0.88837505,0.63360894,0.82011623,0.965280876,1,0,0,FALSE
1036,Put,97,American,0,5,79,105,100,100,100,0.20610734,0.372255987,0.360168498,0.143859178,0.121507041,1,0.070829829,-0.097267366,0.048922352,0.039289145,0.256874976,1,0.131545762,0.07659375,0.148541867,-0.078685596,0.469183823,1,0.76692925,0.65227149,0.957747792,0.569660887,0.869168172,1,0.920727508,0.873360327,0.679893046,0.83610155,0.926175513,1,9,12,TRUE
1037,Call,10,European,3,5,100,100,100,110,100,0.135928355,0.290909318,0.422939007,0.220206968,0.238619757,1,0.060637667,-0.159498911,0.039453847,0.115285031,0.251554023,1,0.130737891,0.103028167,0.085102601,-0.084140223,0.438045601,1,0.751526551,0.633413477,0.961412639,0.515109781,0.880188168,1,0.937202072,0.88225224,0.687839582,0.869389369,0.950718643,1,0,0,FALSE
1038,Call,99,European,3,5,100,105,105,100,100,0.175065869,0.364748655,0.32493083,0.333426508,0.239293652,1,0.103712998,-0.130472843,0.101046883,0.111761764,0.167270251,1,0.086610595,0.074899359,0.116693534,-0.100880913,0.417098673,1,0.734955602,0.613267945,0.990042115,0.563113188,0.823868596,1,0.97422163,0.888200508,0.666666858,0.825161848,0.899404543,1,0,0,FALSE
1039,Put,190,European,6,5,100,105,100,105,100,0.220553405,0.326340239,0.241988021,0.264403839,0.289531779,1,0.061436665,-0.107448888,0.049790434,0.044070694,0.241650228,1,0.13144715,0.092171406,0.149650228,-0.042215329,0.432145887,1,0.742580691,0.692104037,0.927724621,0.535583072,0.877005492,1,0.925511886,0.923856197,0.660657121,0.786454049,0.886880973,1,0,0,FALSE
1040,Call,85,European,3,5,100,105,100,100,100,0.229374651,0.2609296,0.419074657,0.370274744,0.128081689,1,0.053183613,-0.075748596,0.117317169,0.047275761,0.171581156,1,0.085642302,0.11968057,0.055695223,-0.085632803,0.468175886,1,0.759333302,0.673195673,0.973624963,0.514247342,0.832052762,1,0.965061537,0.861722149,0.644842731,0.873453857,0.926652351,1,0,0,FALSE
1041,Put,95,European,6,5,100,105,100,100,100,0.381905674,0.3281923,0.254110637,0.134749561,0.153944034,1,0.143243029,-0.155164675,0.077442258,0.050872984,0.162391683,1,0.098857055,0.1108431,0.050988921,-0.060534498,0.424974044,1,0.715054926,0.690412915,0.907927792,0.514280332,0.838146863,1,0.99595519,0.855817361,0.680026925,0.813588863,0.937867322,1,0,0,FALSE
1042,Call,50,American,0,5,70,105,100,100,100,0.192562052,0.251572886,0.187690182,0.202702636,0.394471533,1,0.141035436,-0.09950654,0.117324641,0.125221624,0.16288473,1,0.120983098,0.054564925,0.068804017,-0.07271078,0.441995271,1,0.762143112,0.686698385,0.967395809,0.591052495,0.846745073,1,0.907565373,0.921096404,0.676403165,0.875392958,0.938346087,1,3,9,TRUE
1043,Put,97,European,3,5,80,95,100,100,100,0.143751019,0.352310595,0.416520262,0.315267994,0.259948799,1,0.056463306,-0.077632056,0.131464384,0.086264466,0.184817915,1,0.082065281,0.090397964,0.079199106,-0.052987878,0.445249818,1,0.799020714,0.615327756,0.952250995,0.574864532,0.885633266,1,0.913333013,0.938127862,0.618989627,0.836341046,0.939183883,1,0,0,FALSE
1044,Put,188,European,6,5,100,105,100,105,100,0.415117607,0.386824762,0.217617208,0.324457635,0.178161721,1,0.136690255,-0.096689282,0.044438661,0.039041288,0.220454966,1,0.061430671,0.054811797,0.110672725,-0.051961124,0.441792244,1,0.726047742,0.669654183,0.945435751,0.500355918,0.862408331,1,0.951277984,0.938261773,0.594193936,0.843191833,0.934057435,1,0,0,FALSE
1045,Call,58,American,0,5,70,105,99,100,95,0.35111308,0.175087754,0.306386465,0.432464422,0.111281092,1,0.055932857,-0.154894325,0.131797108,0.13363659,0.165861315,1,0.124694397,0.032310788,0.137668063,-0.024783693,0.476272381,1,0.744977546,0.679934642,0.931217166,0.585984106,0.82530294,1,0.929302628,0.892659766,0.67303152,0.784383982,0.934359309,1,6,9,TRUE
1046,Put,140,European,3,5,100,95,70,80,100,0.250890629,0.182874488,0.338199348,0.368879662,0.365037503,1,0.125868081,-0.132611167,0.092391936,0.072731951,0.25167664,1,0.076565541,0.088225533,0.081768818,-0.088683839,0.49095807,1,0.72054817,0.627236689,0.903633978,0.577333522,0.882539138,1,0.987298615,0.910240628,0.61279784,0.858028762,0.870888267,1,0,0,FALSE
1047,Call,20,European,3,5,70,105,100,100,100,0.142786455,0.325506111,0.152775039,0.277937451,0.225140417,1,0.084883664,-0.127555771,0.100879763,0.07259052,0.216948702,1,0.132709928,0.048525051,0.125847182,-0.0199287,0.440754615,1,0.74226245,0.601156379,0.907661928,0.547377637,0.853501969,1,0.99706256,0.859891318,0.688627069,0.818949466,0.96860825,1,0,0,FALSE
1048,Put,120,European,6,5,102,105,100,100,100,0.298587545,0.203889663,0.267764248,0.309527852,0.130556085,1,0.055617063,-0.083730958,0.092211788,0.122660443,0.245058704,1,0.094835287,0.106502594,0.124132413,-0.06206706,0.463309073,1,0.778386511,0.622882941,0.997989359,0.572783528,0.852136472,1,0.960916826,0.920634743,0.636205539,0.856559513,0.876166688,1,0,0,FALSE
1049,Put,102,American,0,5,79,105,100,100,100,0.319902688,0.236629426,0.250895082,0.170562757,0.314467358,1,0.075274455,-0.077973174,0.090108627,0.063191123,0.187746734,1,0.147874729,0.096880648,0.124691937,-0.06319292,0.459449021,1,0.773644353,0.638258288,0.955858819,0.504471647,0.829927202,1,0.938436876,0.893206974,0.629670201,0.799645124,0.908960403,1,3,12,FALSE
1050,Call,101,European,3,5,100,100,100,100,100,0.332886711,0.236980418,0.449767324,0.411882712,0.134343952,1,0.071498833,-0.138987447,0.0493511,0.119544992,0.162458811,1,0.100335254,0.04655056,0.095295491,-0.067782978,0.44499319,1,0.795141306,0.652002592,0.957315524,0.507410459,0.86450783,1,0.918969235,0.918607487,0.621499205,0.841997717,0.877170847,1,0,0,FALSE
1051,Call,78,European,3,5,100,105,100,100,100,0.288048664,0.226707616,0.260516505,0.42869681,0.337861901,1,0.122125689,-0.123473151,0.035870642,0.12732067,0.189339962,1,0.144035332,0.081544605,0.100914704,-0.118612026,0.495364413,1,0.707292248,0.641403947,0.927241976,0.560620066,0.867589235,1,0.906524492,0.865346698,0.643656481,0.872037777,0.880531242,1,0,0,FALSE
1052,Put,99,European,6,5,100,105,100,100,100,0.395051424,0.216584614,0.176072545,0.261693445,0.234073309,1,0.08591533,-0.075280734,0.115707185,0.084835669,0.210592756,1,0.089355415,0.10655276,0.069440581,-0.104902873,0.401506554,1,0.733488028,0.669349567,0.905589114,0.52490158,0.816087569,1,0.984684433,0.888359399,0.651826079,0.782277396,0.895528839,1,0,0,FALSE
1053,Call,65,American,0,5,70,105,100,100,100,0.204212117,0.372189944,0.321942952,0.344512778,0.164991846,1,0.095804767,-0.095292426,0.068366808,0.054948118,0.212831508,1,0.068894771,0.064058141,0.146454789,-0.095569845,0.499704094,1,0.73497321,0.654721466,0.992606225,0.562733212,0.89551103,1,0.908896253,0.912321479,0.671657393,0.821727418,0.881057768,1,3,9,TRUE
1054,Put,97,European,3,5,80,95,100,100,100,0.332223788,0.280031542,0.27416851,0.326496706,0.220297617,1,0.132640919,-0.122227437,0.039851199,0.112395228,0.256239408,1,0.14640055,0.05610094,0.086866405,-0.060919038,0.497334018,1,0.730552671,0.669052268,0.992061037,0.50916695,0.85979635,1,0.974915842,0.909120271,0.60613533,0.840753,0.891018416,1,0,0,FALSE
1055,Call,85,European,3,5,70,105,100,100,100,0.173855827,0.354948413,0.216150518,0.405885223,0.173937658,1,0.092868855,-0.072845759,0.104509926,0.041106335,0.238910874,1,0.075099943,0.11939831,0.069480461,-0.081872593,0.424247254,1,0.746771464,0.601461187,0.99745181,0.538201799,0.897727964,1,0.910776268,0.860895164,0.673582964,0.79646255,0.932977938,1,0,0,FALSE
1056,Put,96,European,6,5,102,105,100,100,100,0.367687122,0.281679491,0.369960956,0.31857667,0.383905149,1,0.095145407,-0.106186768,0.058418587,0.07679695,0.180944653,1,0.094585314,0.100600238,0.089831171,-0.071407537,0.447232563,1,0.751422457,0.689975958,0.929983483,0.57448246,0.870609244,1,0.96548118,0.882286897,0.602133797,0.867207443,0.902050935,1,0,0,FALSE
1057,Put,97,American,0,5,79,105,100,100,100,0.339913291,0.382235888,0.193183084,0.402441675,0.218698261,1,0.058606056,-0.110124508,0.048724107,0.086508781,0.244467976,1,0.063474095,0.028730209,0.104046657,-0.109116416,0.493915247,1,0.7174711,0.606769873,0.939824336,0.568971509,0.88864701,1,0.985668317,0.857385912,0.61671994,0.86250101,0.928867956,1,9,12,TRUE
1058,Call,10,European,3,5,100,100,100,110,100,0.340579056,0.408827946,0.387468784,0.426431988,0.391391314,1,0.125051736,-0.139604361,0.070705722,0.09913772,0.175625665,1,0.104267802,0.121397844,0.091690785,-0.057622092,0.413684112,1,0.749690766,0.647545261,0.99870564,0.531401416,0.826667117,1,0.945339827,0.857483675,0.636375067,0.790652856,0.872238416,1,0,0,FALSE
1059,Call,99,European,3,5,100,105,105,100,100,0.294006089,0.293545194,0.357664724,0.14714814,0.152550968,1,0.139655379,-0.127514376,0.079072715,0.05087257,0.187555391,1,0.087967264,0.105991694,0.065540218,-0.094674588,0.422945004,1,0.78907332,0.62347448,0.999623932,0.505786607,0.820049028,1,0.963990709,0.898837164,0.661601429,0.823013808,0.903449464,1,0,0,FALSE
1060,Put,190,European,6,5,100,105,100,105,100,0.247224227,0.36521438,0.413036079,0.200498198,0.233795225,1,0.088227067,-0.113293373,0.091757965,0.055174596,0.252919446,1,0.070471988,0.116864733,0.079041761,-0.087379556,0.454343038,1,0.720839369,0.683455372,0.918420393,0.514189477,0.842610131,1,0.925224935,0.869610404,0.60151874,0.787444536,0.877478178,1,0,0,FALSE
1061,Call,68,American,0,5,70,105,99,100,95,0.398166176,0.157810701,0.200820078,0.386276348,0.197242727,1,0.108327747,-0.110899628,0.081731754,0.056256033,0.161185742,1,0.116006601,0.0335002,0.149544359,-0.107815446,0.439216354,1,0.724630288,0.636563012,0.967294993,0.523765808,0.82273602,1,0.921795193,0.947145753,0.591034997,0.86059251,0.90201873,1,6,9,TRUE
1062,Put,142,European,3,5,100,95,70,80,100,0.42192186,0.362206579,0.357839012,0.297622018,0.15805215,1,0.089581468,-0.080122197,0.109558122,0.041992915,0.238206242,1,0.062605424,0.06131053,0.115601827,-0.10814604,0.468932135,1,0.727365427,0.614730511,0.914545688,0.533111654,0.893935839,1,0.910962079,0.901192336,0.662255825,0.787463096,0.937324278,1,0,0,FALSE
1063,Call,97,European,3,5,70,105,100,100,100,0.288099621,0.232528574,0.299077634,0.433326105,0.144925576,1,0.108476782,-0.140581695,0.093632342,0.057162645,0.245908765,1,0.12415329,0.09964985,0.086465401,-0.105797276,0.44624694,1,0.770188059,0.602316626,0.969076682,0.520657251,0.848438486,1,0.984427374,0.868195535,0.658613544,0.862433462,0.908949426,1,0,0,FALSE
1064,Put,125,European,6,5,102,105,100,100,100,0.327567139,0.308657515,0.256564273,0.163332376,0.275383799,1,0.108334976,-0.139765076,0.111756327,0.03883902,0.259189556,1,0.124073719,0.113297376,0.104992067,-0.10836202,0.456668094,1,0.799389615,0.662842929,0.968675552,0.539712172,0.845387387,1,0.958107329,0.881268485,0.660752601,0.841689858,0.957406408,1,0,0,FALSE
1065,Put,135,American,0,5,79,105,100,100,100,0.148311131,0.200798374,0.23155791,0.166201741,0.128444777,1,0.137947709,-0.100598849,0.109995782,0.052800599,0.239974903,1,0.140139826,0.046598225,0.057544906,-0.048270867,0.442879722,1,0.709437307,0.615377177,0.919431858,0.55645461,0.864413985,1,0.950717435,0.85345093,0.689347577,0.824973415,0.925227652,1,3,6,FALSE
1066,Put,99,European,6,5,100,105,100,100,100,0.38732399,0.161814037,0.22909311,0.338813299,0.365664024,1,0.070162014,-0.0724882,0.07995341,0.116661685,0.234993595,1,0.156768301,0.10635871,0.129305105,-0.050102193,0.466013683,1,0.782763779,0.645642547,0.96239262,0.561524446,0.824082869,1,0.950843489,0.860138408,0.674423443,0.839712362,0.9352498,1,0,0,FALSE
1067,Call,65,American,0,5,70,105,100,100,100,0.193458946,0.363026398,0.264313362,0.363708953,0.152575255,1,0.120236162,-0.109605655,0.061186831,0.102536922,0.233773237,1,0.072930824,0.078881689,0.058873051,-0.100412912,0.446146048,1,0.756262436,0.683512398,0.947767288,0.580769609,0.811861524,1,0.952149623,0.862797501,0.656239031,0.840902609,0.893975806,1,3,9,TRUE
1068,Put,97,European,3,5,80,95,100,100,100,0.392475873,0.165805903,0.286682263,0.136723553,0.369904718,1,0.099112893,-0.138492628,0.121524524,0.064378871,0.192248296,1,0.146743656,0.103168369,0.105099152,-0.079038188,0.499228016,1,0.705862652,0.644799344,0.96576771,0.569705183,0.85919819,1,0.932397203,0.921902096,0.631884546,0.813478953,0.950663074,1,0,0,FALSE
1069,Call,85,European,3,5,70,105,100,100,100,0.12969634,0.15694054,0.244599833,0.385826937,0.330628246,1,0.053742787,-0.136302857,0.074138522,0.057547474,0.204118399,1,0.095464062,0.085481603,0.063801087,-0.071119874,0.405486116,1,0.738473416,0.674232186,0.918754061,0.594523266,0.892187176,1,0.945047694,0.903855117,0.669424227,0.839453003,0.956543351,1,0,0,FALSE
1070,Put,96,European,6,5,102,105,100,100,100,0.21257213,0.27769556,0.355101926,0.152575603,0.16978224,1,0.050343797,-0.168661022,0.060685456,0.127191831,0.227733655,1,0.062993993,0.106828053,0.136087512,-0.03369086,0.408596195,1,0.794229776,0.628297622,0.917995331,0.523469352,0.861547848,1,0.939092363,0.928680919,0.606704363,0.841458183,0.922126136,1,0,0,FALSE
1071,Put,97,American,0,5,79,105,100,100,100,0.33460344,0.15763252,0.430989816,0.134435557,0.127747098,1,0.139752928,-0.114900719,0.055184289,0.125951612,0.19680737,1,0.117754072,0.05335231,0.067345303,-0.093212693,0.495698295,1,0.752216027,0.674400162,0.910701691,0.576895161,0.82093206,1,0.9119605,0.89496777,0.658552309,0.822806843,0.88193988,1,9,12,TRUE
1072,Call,10,European,3,5,100,100,100,110,100,0.33643896,0.317786981,0.168710779,0.158714081,0.209643926,1,0.057402076,-0.080988851,0.08017287,0.054747383,0.21335924,1,0.110578334,0.118129513,0.068984812,-0.105088401,0.416629956,1,0.772489126,0.69169955,0.988582386,0.598997818,0.851694412,1,0.98848644,0.859875898,0.650294544,0.78043049,0.887290394,1,0,0,FALSE
1073,Call,99,European,3,5,100,105,105,100,100,0.338228706,0.368266954,0.163866336,0.228680404,0.395575195,1,0.086772008,-0.137350661,0.097933494,0.125452839,0.237258436,1,0.078539498,0.093524516,0.098472763,-0.09372058,0.494625223,1,0.790964732,0.63398201,0.976600851,0.532024065,0.883941061,1,0.924440603,0.88705011,0.647531211,0.853907569,0.915415278,1,0,0,FALSE
1074,Put,190,European,6,5,100,105,100,105,100,0.341861124,0.378337992,0.226801645,0.399246593,0.124206028,1,0.125318625,-0.132045957,0.106611124,0.040869514,0.251190444,1,0.084899736,0.111735772,0.142567156,-0.066836988,0.421782227,1,0.745353759,0.69229675,0.996177652,0.59865136,0.84759616,1,0.997829949,0.854710915,0.667109323,0.872897152,0.957747692,1,0,0,FALSE
1075,Call,85,European,3,5,100,105,100,100,100,0.157485722,0.422287501,0.311633609,0.43380324,0.238493675,1,0.065206438,-0.115871456,0.066574456,0.071685012,0.238708556,1,0.14196026,0.040196588,0.142678329,-0.075025518,0.47650945,1,0.773150178,0.600519968,0.940639872,0.548115429,0.803742505,1,0.960822208,0.893303904,0.603718404,0.835450145,0.94397169,1,0,0,FALSE
1076,Put,95,European,6,5,100,105,100,100,100,0.326847303,0.176888349,0.292847177,0.402892327,0.306480568,1,0.134830808,-0.122530601,0.078474276,0.097832892,0.216854123,1,0.147187771,0.108354296,0.104464645,-0.098289198,0.42636795,1,0.713424312,0.691667471,0.98758426,0.566216964,0.871702174,1,0.960608068,0.945490083,0.63793304,0.839040019,0.947493349,1,0,0,FALSE
1077,Call,50,American,0,5,70,105,100,100,100,0.401210978,0.410748839,0.34339095,0.174184451,0.347138438,1,0.132516334,-0.141455747,0.067014827,0.099594705,0.208108357,1,0.143263584,0.099663174,0.108978312,-0.09217155,0.483272138,1,0.701180526,0.648656817,0.936882913,0.576685685,0.859774781,1,0.944299559,0.877344587,0.59372928,0.841014585,0.896649544,1,3,9,TRUE
1078,Put,97,European,3,5,80,95,100,100,100,0.125607845,0.144019054,0.218443608,0.199531115,0.130127003,1,0.118337545,-0.120269507,0.103098295,0.122291518,0.17920739,1,0.072872174,0.047149632,0.142246145,-0.021047454,0.47875989,1,0.732651205,0.668972924,0.906855761,0.548649087,0.861341744,1,0.924704355,0.926788082,0.59863476,0.804578798,0.967713106,1,0,0,FALSE
1079,Call,85,European,3,5,70,105,100,100,100,0.138308349,0.163078764,0.179150268,0.38886667,0.310958424,1,0.05139109,-0.165153866,0.071079292,0.114179665,0.168622583,1,0.155635036,0.030045528,0.079023378,-0.047093076,0.420897591,1,0.763544982,0.629573195,0.925764665,0.506865882,0.8363665,1,0.918114137,0.90128955,0.66049843,0.865666329,0.956793203,1,0,0,FALSE
1080,Put,96,European,6,5,102,105,100,100,100,0.412476954,0.243320992,0.407831688,0.210609174,0.267205417,1,0.089680907,-0.077785942,0.07471605,0.063613987,0.229122152,1,0.100374625,0.087643842,0.060531129,-0.086755297,0.436498191,1,0.719798225,0.648360936,0.961156516,0.506833118,0.807165792,1,0.907888907,0.905925661,0.646283346,0.83114757,0.943397229,1,0,0,FALSE
1081,Put,89,American,0,5,79,105,100,100,100,0.315545641,0.357262212,0.254025549,0.235001409,0.384103791,1,0.087944017,-0.102626159,0.059635318,0.122463237,0.166563417,1,0.07183695,0.102591166,0.082855727,-0.087007958,0.443316947,1,0.702588432,0.679081099,0.952414155,0.555814761,0.878623919,1,0.947363237,0.945754636,0.617984338,0.785195935,0.877310996,1,9,12,TRUE
1082,Call,40,European,3,5,100,100,100,110,100,0.16181906,0.222388667,0.235089339,0.314114404,0.228648595,1,0.131062904,-0.162261974,0.045615381,0.134443,0.256859581,1,0.138109026,0.07023826,0.063195977,-0.075870716,0.482321513,1,0.768671747,0.648234369,0.987098667,0.549801584,0.826856763,1,0.909904006,0.865049444,0.672403413,0.810627719,0.918963027,1,0,0,FALSE
1083,Call,97,European,3,5,100,105,105,100,100,0.383358777,0.346544128,0.216157432,0.216857668,0.35794241,1,0.141362836,-0.124723806,0.1061911,0.054513246,0.245334694,1,0.159453403,0.03015906,0.059189149,-0.021508349,0.414264767,1,0.705783442,0.600459613,0.944043771,0.506638904,0.872646456,1,0.913861009,0.87354489,0.652004431,0.804656963,0.937819524,1,0,0,FALSE
1084,Put,188,European,6,5,100,105,100,105,100,0.325438353,0.362748093,0.218194972,0.412904902,0.193833767,1,0.065071224,-0.161345067,0.062762038,0.051229232,0.2259768,1,0.097739662,0.054979977,0.106134418,-0.060849064,0.475712723,1,0.719275964,0.686539961,0.951239032,0.59584819,0.827829167,1,0.982625186,0.913714379,0.633561234,0.832057351,0.883207309,1,0,0,FALSE
1085,Call,58,American,0,5,70,105,99,100,95,0.382081563,0.390960478,0.399014336,0.406467257,0.313599157,1,0.148493317,-0.123731965,0.089634426,0.085447152,0.247260217,1,0.084349181,0.030971994,0.139828792,-0.07995085,0.423826953,1,0.723668544,0.636808597,0.9230123,0.589878246,0.817802197,1,0.986850818,0.864256623,0.666603461,0.81975686,0.874028726,1,6,9,TRUE
1086,Put,140,European,3,5,100,95,70,80,100,0.179910051,0.280890895,0.226387443,0.381988763,0.4017033,1,0.106324483,-0.150641355,0.039482013,0.057359662,0.210426032,1,0.093701337,0.090735356,0.071633282,-0.078882235,0.453572174,1,0.712640528,0.649920728,0.963199526,0.51203767,0.898539948,1,0.969301542,0.888772295,0.592195548,0.831848363,0.897133401,1,0,0,FALSE
1087,Call,20,European,3,5,70,105,100,100,100,0.3823073,0.349881689,0.178085251,0.373954669,0.392586772,1,0.127244023,-0.074710875,0.113485324,0.060424063,0.252366383,1,0.088989547,0.073433366,0.12240912,-0.090108469,0.442652034,1,0.797604156,0.615293699,0.929426829,0.585304392,0.833194408,1,0.90457224,0.942769264,0.605210943,0.878348327,0.96920357,1,0,0,FALSE
1088,Put,120,European,6,5,102,105,100,100,100,0.127170448,0.170338413,0.331436755,0.321370503,0.1654527,1,0.056992302,-0.110298459,0.075870904,0.13012247,0.192736068,1,0.062889612,0.091252125,0.076644934,-0.065489018,0.475227415,1,0.722853623,0.697692093,0.912630093,0.528596711,0.864894433,1,0.925740626,0.850253826,0.624298458,0.791805211,0.956696707,1,0,0,FALSE
1089,Put,102,American,0,5,79,105,100,100,100,0.231295472,0.317226633,0.286535189,0.328397906,0.356002495,1,0.105918592,-0.12568227,0.109433571,0.07360308,0.181870288,1,0.114991843,0.10443524,0.097259334,-0.059145036,0.402278791,1,0.756503147,0.684932438,0.913518753,0.519328016,0.815888181,1,0.986712919,0.945723691,0.652158211,0.816901255,0.94293476,1,3,12,FALSE
1090,Call,101,European,3,5,100,100,100,100,100,0.398191907,0.299637339,0.437146294,0.412292834,0.311046071,1,0.12242788,-0.131983457,0.095821279,0.059709485,0.224772933,1,0.069158529,0.095271506,0.07145163,-0.11006676,0.458996752,1,0.784905637,0.678423564,0.941799264,0.557972529,0.873755776,1,0.947396526,0.862242768,0.613977463,0.795388992,0.877880673,1,0,0,FALSE
1091,Call,78,European,3,5,100,105,100,100,100,0.345478149,0.292043505,0.355602499,0.2532385,0.31111839,1,0.10707063,-0.073839129,0.068113094,0.066505284,0.217191527,1,0.076703351,0.027776373,0.134870764,-0.044123057,0.440777705,1,0.788380627,0.613177991,0.971090805,0.537409235,0.827006751,1,0.99675017,0.926047924,0.601804582,0.853570223,0.948718394,1,0,0,FALSE
1092,Put,99,European,6,5,100,105,100,100,100,0.227686983,0.261269096,0.330557052,0.355336095,0.299144618,1,0.126138635,-0.160263086,0.097003765,0.115259937,0.205741543,1,0.123270667,0.034549001,0.063166006,-0.10278702,0.409625335,1,0.749711091,0.601072849,0.969160996,0.524114016,0.83002712,1,0.940687064,0.884158059,0.662681373,0.870378977,0.877970965,1,0,0,FALSE
1093,Call,65,American,0,5,70,105,100,100,100,0.189576326,0.243737976,0.405030622,0.416110816,0.294097979,1,0.061089804,-0.136149854,0.099530178,0.089671595,0.231561819,1,0.157811805,0.08892369,0.125490021,-0.087824159,0.481112359,1,0.776973617,0.6727672,0.958300353,0.592290549,0.838437197,1,0.933973002,0.87689971,0.669455009,0.801426055,0.90440859,1,3,9,TRUE
1094,Put,97,European,3,5,80,95,100,100,100,0.204973102,0.244685399,0.154537673,0.350376428,0.204085768,1,0.109754608,-0.087461267,0.082945142,0.130284922,0.195841392,1,0.111365464,0.095875508,0.135656335,-0.057539455,0.433868329,1,0.703079751,0.642802283,0.913519541,0.544561629,0.801388678,1,0.96064854,0.898780971,0.592832832,0.876864934,0.943916308,1,0,0,FALSE
1095,Call,85,European,3,5,70,105,100,100,100,0.248420088,0.22039469,0.44450074,0.433248254,0.304678946,1,0.115436662,-0.076241083,0.052465842,0.108885514,0.202191179,1,0.072433362,0.07866712,0.053636146,-0.093852998,0.460923069,1,0.714650956,0.674267012,0.996318055,0.507385412,0.861282147,1,0.918169044,0.925582816,0.629212384,0.82727913,0.872856984,1,0,0,FALSE
1096,Put,96,European,6,5,102,105,100,100,100,0.270528617,0.378532279,0.351327333,0.387637717,0.120392763,1,0.129129501,-0.122475779,0.068195265,0.114164225,0.225687749,1,0.114236284,0.099535816,0.127912661,-0.0357407,0.474292087,1,0.766756397,0.636538872,0.910152179,0.528464125,0.878621367,1,0.929205989,0.896211913,0.615301487,0.864567822,0.891593713,1,0,0,FALSE
1097,Call,85,European,3,5,70,105,100,100,100,0.128266524,0.418758195,0.190076261,0.170178922,0.237278496,1,0.072230949,-0.085200554,0.079467311,0.044011771,0.204441116,1,0.078072845,0.078991075,0.102667263,-0.027229984,0.417302449,1,0.724385714,0.628650274,0.985568736,0.562660398,0.898860262,1,0.986434623,0.907917043,0.637161395,0.846171796,0.885055374,1,0,0,FALSE
1098,Put,96,European,6,5,102,105,100,100,100,0.301759005,0.221375923,0.353993144,0.230860384,0.356273648,1,0.075298577,-0.083852321,0.127254766,0.117100854,0.241373413,1,0.130603302,0.09753368,0.100445186,-0.052723391,0.445801295,1,0.728422389,0.623607591,0.969672893,0.518472226,0.875499735,1,0.982918353,0.865821019,0.617576343,0.861129126,0.871575277,1,0,0,FALSE
1099,Put,97,American,0,5,79,105,100,100,100,0.255222051,0.378417284,0.42171734,0.137610078,0.243113319,1,0.138032801,-0.072206611,0.066867012,0.083588221,0.253175322,1,0.137793331,0.117014327,0.121720077,-0.025655629,0.420154694,1,0.745059105,0.605293946,0.934231751,0.508908794,0.818012915,1,0.981762515,0.924724012,0.68136434,0.84473707,0.94104274,1,9,12,TRUE
1100,Call,10,European,3,5,100,100,100,110,100,0.271604418,0.417304728,0.244508717,0.23532155,0.166950224,1,0.077869634,-0.136494491,0.057451631,0.057527278,0.186789734,1,0.069145181,0.034286587,0.059016912,-0.115466033,0.400057216,1,0.743690823,0.688380558,0.947882424,0.575931386,0.840768714,1,0.91893497,0.891566472,0.660957286,0.863731723,0.906581092,1,0,0,FALSE
1101,Call,99,European,3,5,100,105,105,100,100,0.357987521,0.221170703,0.445692162,0.315591279,0.368530387,1,0.082970124,-0.16132464,0.065639225,0.096832763,0.174543974,1,0.122155848,0.113191378,0.124506158,-0.042273201,0.475102953,1,0.708840551,0.697498466,0.988294311,0.572472932,0.830528096,1,0.994219287,0.943538404,0.612590606,0.865916036,0.884726021,1,0,0,FALSE
1102,Put,190,European,6,5,100,105,100,105,100,0.270185662,0.227117557,0.448928608,0.338184215,0.288831341,1,0.081719642,-0.103060798,0.078712566,0.094054511,0.208874971,1,0.072906836,0.0929826,0.080926182,-0.037567494,0.474352949,1,0.712620414,0.698940979,0.902830847,0.59667649,0.857601259,1,0.98809368,0.920258475,0.668407317,0.793623299,0.922198664,1,0,0,FALSE
1103,Call,68,American,0,5,70,105,99,100,95,0.303361076,0.328476916,0.249514719,0.20329633,0.267447148,1,0.098399552,-0.078011154,0.060458057,0.089831746,0.205347947,1,0.151520587,0.07595699,0.112939401,-0.027446716,0.453722246,1,0.725279105,0.60618908,0.972526199,0.504311774,0.885789823,1,0.964522343,0.878286491,0.653972401,0.858927034,0.907508708,1,6,9,TRUE
1104,Put,142,European,3,5,100,95,70,80,100,0.339960323,0.435369761,0.338110546,0.321243294,0.152375432,1,0.066976695,-0.161826809,0.078705856,0.057132729,0.17164383,1,0.095760641,0.032297928,0.098086092,-0.11656331,0.43137857,1,0.74818711,0.629126661,0.999083223,0.508574891,0.821412822,1,0.928358408,0.866852056,0.648298991,0.806420948,0.925234922,1,0,0,FALSE
1105,Call,97,European,3,5,70,105,100,100,100,0.149321531,0.402552151,0.29455557,0.401908447,0.262598593,1,0.127797805,-0.113285818,0.104650784,0.077029939,0.241506242,1,0.092434527,0.058250428,0.11676435,-0.074237911,0.490342471,1,0.707738687,0.683261441,0.943378131,0.567486353,0.897486034,1,0.967861031,0.886058628,0.642952506,0.853023149,0.896899108,1,0,0,FALSE
1106,Put,125,European,6,5,102,105,100,100,100,0.374255908,0.170076898,0.360021349,0.325182337,0.353384027,1,0.135435906,-0.169142959,0.048895935,0.093793471,0.233142414,1,0.131772638,0.119028172,0.138123878,-0.061819638,0.436159383,1,0.701808348,0.661061614,0.936369735,0.558925943,0.832693004,1,0.936487101,0.94585408,0.653745794,0.815785143,0.912334961,1,0,0,FALSE
1107,Put,135,American,0,5,79,105,100,100,100,0.320454133,0.264914817,0.286469511,0.163091382,0.116046734,1,0.104707355,-0.135703469,0.054334466,0.086013829,0.22874413,1,0.127120158,0.08546158,0.13975674,-0.033720094,0.471750563,1,0.750157476,0.658747242,0.986294053,0.550826833,0.875594329,1,0.956710338,0.877808324,0.654135728,0.818648136,0.9626495,1,3,6,FALSE
1108,Put,99,European,6,5,100,105,100,100,100,0.184369293,0.297364809,0.247802596,0.18196728,0.382502531,1,0.138506482,-0.155336141,0.113574392,0.062125424,0.179838,1,0.131759421,0.057764741,0.08381764,-0.068659185,0.489417105,1,0.728975428,0.664675681,0.977462363,0.585927362,0.871661843,1,0.911788727,0.912639023,0.624702267,0.836983807,0.947506238,1,0,0,FALSE
1109,Call,65,American,0,5,70,105,100,100,100,0.22887261,0.26933939,0.419127521,0.195286709,0.345939376,1,0.058125484,-0.152596473,0.115657813,0.112364923,0.179430849,1,0.065205486,0.090446429,0.091829189,-0.055030756,0.495729865,1,0.726309119,0.698271937,0.926869813,0.540919874,0.852051224,1,0.939860663,0.881532195,0.683054998,0.866057081,0.884247928,1,3,9,TRUE
1110,Put,97,European,3,5,80,95,100,100,100,0.247256264,0.326653703,0.248260957,0.149227224,0.125913532,1,0.077091858,-0.105586986,0.10530669,0.054979922,0.243463599,1,0.117215823,0.100066675,0.100931684,-0.095580732,0.431909352,1,0.756210557,0.63984005,0.921884399,0.508401829,0.873534753,1,0.96252975,0.881771608,0.615213575,0.805646193,0.91024271,1,0,0,FALSE
1111,Call,85,European,3,5,70,105,100,100,100,0.126524113,0.311755636,0.196980814,0.143847007,0.340127192,1,0.147138582,-0.124518836,0.060766257,0.046428713,0.165560885,1,0.127203829,0.036501537,0.069106702,-0.035330357,0.441513624,1,0.716949345,0.684518419,0.907555252,0.529079403,0.861173241,1,0.943401851,0.923040423,0.59721748,0.818227075,0.949539282,1,0,0,FALSE
1112,Put,96,European,6,5,102,105,100,100,100,0.193192149,0.335079896,0.316882566,0.183748031,0.393062672,1,0.068950872,-0.071553374,0.112419627,0.06450938,0.191643462,1,0.1429508,0.031647099,0.091226638,-0.039613458,0.404609882,1,0.711320594,0.687837927,0.960057737,0.562243944,0.899270915,1,0.900782024,0.936981816,0.667945501,0.859772248,0.941174119,1,0,0,FALSE
1113,Put,97,American,0,5,79,105,100,100,100,0.376768126,0.371227741,0.393954575,0.384247466,0.361855102,1,0.056574437,-0.116349887,0.099755072,0.103854196,0.210547935,1,0.114863619,0.080348903,0.087755621,-0.02952531,0.409168561,1,0.732216813,0.689219525,0.926490284,0.587111645,0.840704173,1,0.945251377,0.884777308,0.657556197,0.792528166,0.90825303,1,9,12,TRUE
1114,Call,10,European,3,5,100,100,100,110,100,0.299277534,0.319450212,0.349849605,0.412353594,0.237006692,1,0.10672591,-0.144210976,0.093735092,0.047869115,0.185449345,1,0.125715851,0.062106577,0.058330313,-0.024364483,0.49464693,1,0.776037598,0.69005766,0.911089469,0.528372162,0.878081338,1,0.996774379,0.862105508,0.625695752,0.806953193,0.886308004,1,0,0,FALSE
1115,Call,99,European,3,5,100,105,105,100,100,0.133666013,0.152503589,0.175174,0.43064714,0.366737273,1,0.075833429,-0.093215014,0.08340915,0.105960434,0.226113037,1,0.143163875,0.084526935,0.075842195,-0.040998417,0.415632217,1,0.776922013,0.649400061,0.951341561,0.527144283,0.824066169,1,0.999303233,0.93870612,0.64638145,0.781707166,0.89033408,1,0,0,FALSE
1116,Put,190,European,6,5,100,105,100,105,100,0.186539083,0.145254423,0.332564182,0.306396273,0.261050405,1,0.114899509,-0.089380011,0.116543514,0.104915105,0.168911773,1,0.100264731,0.116124158,0.073768666,-0.04978695,0.403201076,1,0.79520984,0.664668137,0.979017948,0.564282979,0.800517749,1,0.979436334,0.890026073,0.6310451,0.805984084,0.935528276,1,0,0,FALSE
1117,Call,85,European,3,5,100,105,100,100,100,0.332423069,0.378438447,0.428041222,0.263736197,0.353205886,1,0.062464867,-0.121180013,0.099017875,0.121634307,0.224655408,1,0.079762374,0.025795993,0.1330254,-0.023131934,0.463837888,1,0.746294947,0.670921716,0.93860074,0.541784895,0.855558306,1,0.937185866,0.895690572,0.689448998,0.865395045,0.884157479,1,0,0,FALSE
1118,Put,95,European,6,5,100,105,100,100,100,0.265464461,0.238855846,0.306470882,0.334368614,0.400270047,1,0.06427999,-0.096589463,0.09854916,0.094422327,0.160927276,1,0.111599011,0.095728711,0.07725741,-0.022479329,0.455888366,1,0.753601116,0.695241158,0.987805205,0.555329249,0.858979004,1,0.941971398,0.874773363,0.672832342,0.828255876,0.948938089,1,0,0,FALSE
1119,Call,50,American,0,5,70,105,100,100,100,0.242521986,0.191687851,0.322688388,0.316832228,0.300424317,1,0.139885723,-0.150189388,0.045713135,0.107574965,0.165518801,1,0.124255404,0.051854295,0.052477467,-0.092752783,0.446212581,1,0.747736409,0.631829835,0.966209061,0.590809163,0.847141282,1,0.901701669,0.854377767,0.621171476,0.85029238,0.88189756,1,3,9,TRUE
1120,Put,97,European,3,5,80,95,100,100,100,0.420002754,0.40769392,0.198033891,0.414222137,0.229457284,1,0.075390593,-0.098984911,0.117350712,0.06092018,0.172308865,1,0.07191405,0.049166223,0.101172436,-0.086124372,0.486677588,1,0.766165671,0.687629658,0.962192544,0.539919199,0.890595402,1,0.977530991,0.926593967,0.645527225,0.877078957,0.877946369,1,0,0,FALSE
1121,Call,85,European,3,5,70,105,100,100,100,0.421296658,0.428893829,0.167057252,0.220796882,0.336384858,1,0.098261789,-0.162797289,0.115599206,0.093914529,0.183731779,1,0.158349139,0.08734464,0.113137498,-0.066195919,0.431639357,1,0.713535075,0.653251943,0.939752065,0.541975419,0.865211737,1,0.901724213,0.883576772,0.60889299,0.873479269,0.874971761,1,0,0,FALSE