223.526727,218.578207,106.948847,182.355628,175.544984,206.027443,0.025135,0.336596,0.745071,0.488244,0.585408,0.573597,0.753904,0.638943,0.806309,0.730440,-0.032558,0.611705,-0.009997,0.641324,0.575262,0.876023,0.273385,0.363373,0.587755,0.713501,-0.242836,58.738623,3.245291
174.063424,134.134823,185.952720,205.490129,251.439941,162.720288,0.777758,0.558295,0.174383,0.872446,0.339539,0.349755,0.314010,0.567404,0.075171,0.223983,0.810222,0.226851,0.573058,0.238413,0.333670,0.791136,0.332958,-0.152557,-0.139432,0.418947,0.012749,23.920947,16.038021
136.080856,146.486112,117.118802,101.038647,197.264533,120.347043,0.243498,0.632689,0.295791,0.339184,0.001368,0.295995,0.417451,0.072687,-0.425205,0.306335,0.332522,0.463641,0.783818,0.365335,0.222233,0.759726,0.754995,0.436492,0.751254,0.545364,-0.139947,7.671710,2.069920
192.813081,209.251112,252.619555,136.278176,136.150372,169.239997,0.451028,0.466260,0.929663,0.361125,0.875813,0.628169,0.220334,0.904619,0.579448,0.378350,0.822005,0.277386,0.764148,0.917449,0.419626,0.588056,0.503820,0.746083,0.355988,0.602124,0.632705,53.809188,44.980329
153.515130,166.578178,226.640250,178.895053,142.929371,237.653981,0.086813,0.663500,0.756539,0.982685,0.912344,0.475561,0.194945,0.909845,0.724257,0.294359,0.724234,0.060286,0.842629,0.662934,0.368132,0.208600,0.510775,0.421283,0.465760,0.586403,-0.114638,16.435797,4.471077
151.304712,153.901861,142.755225,203.536654,177.294121,217.604364,0.064423,0.961286,0.033357,0.564501,0.718050,0.527117,0.785724,0.410552,0.294135,0.432625,0.638745,0.640926,0.857801,0.047864,0.155411,0.336234,0.303112,0.601175,0.124514,0.310419,-0.024705,1.145456,10.297144
94.265334,122.368750,203.062756,166.070575,169.130183,190.766957,0.574052,0.868668,0.147318,0.485367,0.316942,0.511539,-0.161187,0.464135,-0.082914,0.567544,-0.155367,0.748253,0.643062,0.153783,0.425143,0.181145,0.633515,0.585380,0.881318,0.745036,0.091901,2.685161,3.231313
159.121938,235.181143,133.483005,186.895182,133.390935,181.213648,0.039649,0.649660,0.317960,0.797937,0.529000,0.091159,0.826113,0.406194,0.448616,0.474727,0.164926,0.850059,0.557059,0.079762,0.426252,0.552068,-0.437912,0.660927,-0.047355,0.811396,0.503438,15.016169,3.675473
254.528596,172.980405,239.731542,102.637162,201.257273,263.023000,0.654268,0.233746,0.654616,0.731069,0.441458,0.413776,0.217990,0.398268,0.107174,0.785900,0.504828,0.886353,0.051323,0.783534,0.758882,0.626279,0.840589,0.296059,0.456586,0.859159,0.814516,1.359914,61.984018
125.870025,190.537557,184.400206,128.678458,217.647682,222.281349,0.705067,0.179115,0.205445,0.717717,0.335133,0.842467,-0.001484,0.581593,0.572864,0.348486,0.684734,0.356587,0.248789,0.031101,0.727883,0.507286,0.576665,0.210114,-0.285216,0.925220,0.823567,0.816946,7.208869
142.164797,188.808918,185.812661,209.669968,292.094276,200.945680,0.767690,0.280291,0.099883,0.915910,0.312054,0.183882,0.180049,0.553778,0.502265,0.395720,0.725491,0.585983,0.440103,0.043826,0.818842,-0.016544,0.677171,-0.047826,0.763166,0.368308,0.045777,0.698236,86.020969
109.856534,152.719747,168.617093,150.712908,155.762754,190.217855,0.100851,0.070126,0.720898,0.635420,0.442856,0.999450,0.060190,0.742496,0.620409,0.424801,0.332922,0.027767,0.230942,0.515969,0.631819,-0.256436,0.245868,-0.373041,0.910843,0.052701,-0.077534,28.386055,35.787111
159.467781,187.102501,136.839333,127.152807,182.685765,158.263581,0.665473,0.815065,0.089397,0.288733,0.379604,0.857336,0.778156,0.804698,-0.424150,0.923567,0.880123,0.594995,0.781346,0.430286,-0.144599,0.378363,0.198018,0.184104,0.498959,0.213366,-0.047415,1.842331,51.008526
115.051240,237.836706,137.796293,183.971013,122.370071,152.643351,0.416639,0.483074,0.718962,0.176788,0.492938,0.491095,0.746429,0.876936,0.059376,0.287011,0.811735,0.608452,0.526216,-0.277409,0.331618,0.351027,0.499391,0.439398,0.535991,0.433194,0.234108,1.438778,74.984130
135.266909,147.816680,133.192065,145.886541,153.886222,211.793837,0.578456,0.503859,0.896961,0.148560,0.062449,0.534479,0.308436,0.563974,0.373278,0.234181,0.403391,-0.133694,0.382546,0.208814,0.100724,0.749344,0.515291,0.414982,0.224548,0.531531,0.982079,4.841126,19.779720
181.139888,169.273877,174.920656,203.578704,148.235261,203.979163,0.882129,0.911046,0.554360,0.836474,0.278731,0.321674,-0.006149,0.825408,0.034287,0.273286,0.778079,-0.289051,0.577922,0.208415,0.452671,0.240273,0.027696,0.381598,0.916816,0.733579,0.908698,13.979215,9.709388
205.230492,158.919451,200.047273,133.088116,127.567334,142.509831,0.455833,0.890047,0.341093,0.583448,0.720682,0.830083,0.439272,0.537441,-0.080162,0.349933,0.812666,0.904608,0.595691,0.822247,0.490715,0.562751,0.853167,0.284971,0.837516,-0.379290,0.790277,45.700108,3.066850
160.334444,198.171185,202.294185,123.571392,134.353015,137.563978,0.963690,0.255639,0.202116,0.669083,0.249740,0.211109,0.338293,0.090160,0.240207,0.916023,-0.027999,0.228289,0.569193,0.659944,-0.261587,0.638598,0.929684,0.779896,0.261285,0.895282,-0.266226,0.092879,22.991565
135.892966,133.497673,127.496920,132.003520,167.335891,180.250329,0.883078,0.113791,0.494342,0.909090,0.574492,0.140073,0.571862,0.288355,0.327052,0.114479,0.131015,0.446652,0.418813,0.692565,0.159825,0.158441,0.843317,0.302296,0.718160,0.271597,0.800374,30.385568,3.981135
172.744707,168.846621,156.571696,174.454955,147.033595,122.248850,0.553899,0.261168,0.353508,0.431782,0.962703,0.074313,0.107594,0.699006,0.764331,0.846310,0.624202,0.392138,-0.021400,-0.073599,-0.321712,0.324163,0.230742,0.410610,0.345982,0.669954,0.700281,53.446133,30.002567
209.787406,122.388157,105.105549,233.077304,208.469789,192.777006,0.731925,0.265588,0.390110,0.124455,0.912935,0.171623,0.561885,0.897275,0.791024,0.333632,0.537578,0.552699,0.499357,0.116173,0.232245,0.314382,0.519285,0.093971,0.417976,0.370790,0.812193,33.707154,4.748923
203.251943,149.366629,129.595021,170.037286,167.267353,152.196021,0.195606,0.354081,0.871241,0.411560,0.866175,0.507236,-0.026543,0.028834,0.580492,0.104826,0.404123,0.310118,0.792924,0.667980,0.859364,0.428399,0.671006,-0.348556,0.735220,0.190215,0.709358,3.644012,10.154332
106.414088,186.691324,152.228094,170.410002,199.604783,143.839110,0.037017,0.335656,0.122356,0.992928,0.870996,0.560615,0.828764,0.744815,0.272120,0.571327,0.396958,0.594512,0.411802,0.246945,0.077391,-0.128631,0.162354,0.572020,0.896776,0.825497,0.073817,28.463187,2.930287
226.076052,229.614394,283.378959,144.015902,164.870613,240.247579,0.983269,0.668403,0.987803,0.611269,0.179317,0.907491,0.782555,0.392055,0.360133,0.684916,0.791212,0.339451,-0.351010,0.891010,0.616487,0.203195,0.520127,0.678514,0.237519,0.085876,-0.113393,27.242368,7.660051
122.269293,200.303050,144.394837,178.491683,135.355660,183.273832,0.230495,0.094789,0.879308,0.213627,0.117343,0.139134,0.432543,0.899621,0.817376,0.362645,0.417652,0.665188,0.587759,0.133762,0.099205,0.133932,-0.068221,0.168653,0.281249,0.625680,0.745676,2.184988,91.985364
169.522796,246.157618,157.753391,133.918398,144.139322,175.746285,0.254523,0.141113,0.074043,0.464600,0.426774,0.009721,0.445147,0.374455,0.029369,0.592444,0.524363,0.540704,0.820668,0.058206,0.428130,0.740236,0.914641,0.246526,0.828036,0.474599,-0.207855,38.979915,5.498101
182.250242,146.823054,111.388249,205.700377,126.606926,254.264546,0.382946,0.150104,0.760886,0.127302,0.674619,0.243268,0.605150,-0.099731,0.341245,0.523172,0.448920,0.305231,0.774795,-0.159784,-0.258455,0.370898,0.087484,0.339448,0.782300,0.754693,0.424534,24.800759,88.014479
123.622842,169.193658,160.476047,170.435313,176.567302,161.816990,0.524233,0.811399,0.988136,0.707367,0.746909,0.227697,0.165743,0.555164,0.400887,0.341890,0.160095,0.652899,0.138233,0.931060,0.722694,-0.002510,-0.575994,0.565227,0.739398,0.015804,0.026550,33.155572,26.021011
209.712435,89.441621,163.599087,186.619850,190.149235,126.159741,0.261563,0.771537,0.913791,0.236656,0.182545,0.984775,0.813035,0.071801,0.506155,0.761576,0.445941,0.630707,-0.336255,0.180959,0.837313,0.413087,0.806920,0.653025,0.573606,0.720562,0.691182,10.055784,53.012936
120.497480,148.510125,139.829131,192.206148,132.936140,239.960385,0.313946,0.760049,0.677296,0.195921,0.184533,0.114065,0.450273,0.469927,0.521177,-0.233317,0.729312,0.336450,0.534639,0.654169,0.031980,0.473400,0.192396,-0.160905,0.145163,-0.078782,-0.155624,4.023560,3.001375
177.685495,143.542806,118.862598,186.982158,190.470434,107.615424,0.756698,0.716325,0.155879,0.261020,0.718844,0.219513,0.452791,0.817066,0.597231,0.785747,0.704672,0.603521,0.476865,0.829330,0.292209,0.163128,0.082960,0.316155,0.883122,0.584862,0.564556,44.704907,24.005192
126.639379,219.979792,142.284623,156.644043,132.201586,107.525085,0.888305,0.243506,0.640300,0.573891,0.335707,0.655142,0.637337,0.544312,-0.198076,0.852468,-0.340245,-0.142218,0.109705,-0.099944,0.286778,0.150427,0.724943,0.421653,0.858746,0.566291,0.500597,49.431020,38.482975
108.348648,119.727307,259.233883,235.000931,135.124954,170.237276,0.539825,0.975043,0.076838,0.143082,0.181912,0.756400,0.540773,0.571323,0.691507,0.451376,0.129009,-0.114346,0.296983,0.487091,0.780033,0.196141,0.406361,0.175131,0.531582,0.303973,0.517743,3.510810,2.271662
110.396683,127.006410,170.975253,191.913253,177.171383,208.208822,0.684982,0.520864,0.534909,0.276808,0.341378,0.472590,0.501762,0.477161,0.485396,0.607852,0.442930,0.510796,-0.130112,0.574319,0.755515,0.824573,0.355186,0.152643,0.073505,0.350369,0.535138,34.841934,30.067498
253.464011,243.442154,162.326904,231.681207,202.806009,122.584533,0.400445,0.007445,0.868766,0.308547,0.573129,0.005485,0.330981,0.034194,0.604243,0.638276,0.455772,-0.005409,0.417086,0.208578,-0.220391,0.046604,0.920296,0.537801,0.687697,-0.322562,0.482756,42.082518,5.450165
172.835839,202.411878,233.353651,209.886433,163.551376,130.188390,0.267611,0.038826,0.954715,0.507968,0.267297,0.233972,0.399059,-0.226155,0.775324,0.749236,0.666897,0.777909,0.057701,-0.448297,0.789301,0.406327,0.183340,0.701289,0.614840,0.701114,0.207174,11.414795,10.128530
154.650137,189.002289,219.708742,174.009925,179.568860,282.728652,0.088980,0.766236,0.747477,0.726415,0.125494,0.287465,-0.269089,-0.459001,-0.270297,0.876107,0.287503,0.317550,0.773421,0.074803,0.425841,0.478928,0.123313,0.477253,0.776888,0.302297,0.502955,4.239104,4.057241
188.629088,266.665680,212.131787,124.421016,164.127405,93.410854,0.662719,0.765730,0.900715,0.470126,0.490508,0.020855,0.474376,0.704236,-0.097389,0.555324,-0.029082,0.786455,0.677402,0.531051,0.412300,0.905594,0.800908,0.313724,0.815349,0.613071,0.593885,1.433445,7.322248
213.892409,164.463516,181.743792,226.376418,170.203611,180.931554,0.258826,0.615389,0.080086,0.169148,0.375325,0.043214,0.448534,0.252471,0.703806,-0.238330,-0.131369,0.685910,0.252896,0.875498,0.822398,0.456261,0.329485,0.719279,0.309229,0.566317,0.886771,56.786969,91.987017
147.774204,143.992511,179.479791,164.330044,151.177167,113.099192,0.599953,0.034087,0.843536,0.844110,0.659459,0.872237,-0.111371,0.282795,0.363121,0.464768,-0.272291,0.797001,0.806896,0.099826,0.768229,0.689887,0.104263,0.396361,0.816800,0.509465,0.289596,39.965465,5.004919
241.973800,131.594872,121.018750,188.062131,211.643561,181.807132,0.485567,0.345589,0.546368,0.003555,0.077076,0.250070,-0.233313,-0.181848,0.397678,0.277017,0.724578,0.684819,0.296911,-0.011193,0.371041,-0.020498,0.275312,0.896642,0.618823,0.501780,0.317139,0.003240,88.016282
172.999531,204.505502,167.012149,173.619094,131.216778,149.668453,0.864125,0.703253,0.872704,0.331367,0.706041,0.147792,0.386411,0.798273,0.325547,0.013083,0.732078,0.334052,0.711336,-0.022926,0.640232,0.543935,0.352763,0.006809,0.848428,0.117714,0.690566,5.409382,16.047779
155.356262,117.750440,165.331396,254.142960,125.298843,115.689084,0.348408,0.809448,0.512870,0.798398,0.134095,0.691946,0.461733,0.668957,0.813857,-0.187132,-0.192022,0.189027,0.265848,0.414602,0.526696,-0.081149,0.901379,-0.196758,0.671977,0.708985,-0.286995,44.100112,3.172873
226.327843,161.962716,148.334508,135.858967,228.894300,159.224100,0.820497,0.127335,0.285672,0.211794,0.987026,0.400604,0.787770,0.145694,0.727269,0.962485,0.304934,0.720417,0.773541,0.548946,0.248552,0.347748,0.433081,0.591425,0.553759,0.165461,0.651449,5.669777,44.980286
128.055799,153.063754,202.128272,185.361351,136.138610,188.448091,0.085668,0.853750,0.386874,0.688614,0.239585,0.825008,0.598044,0.610767,0.678982,-0.342735,-0.292058,0.163684,-0.496608,0.172536,0.229097,-0.083724,-0.119789,0.682046,0.759612,0.700583,0.746788,8.509801,4.793897
182.146616,185.125728,199.142730,165.306217,178.044938,210.697968,0.394729,0.219008,0.963527,0.649199,0.688833,0.073953,0.841631,0.591748,0.260003,0.183492,-0.244298,0.649886,0.349806,0.728082,0.665715,0.047236,-0.103805,0.540213,0.040185,0.109961,0.457657,28.672634,10.780282
136.226666,186.877670,176.743627,186.560786,144.003322,175.397544,0.629110,0.379930,0.976076,0.414248,0.998405,0.615878,0.441632,0.840585,0.319897,-0.150290,-0.035142,-0.166235,0.086709,0.407513,0.621814,0.737842,-0.125073,0.247729,0.542762,0.041662,0.891888,29.986200,3.650394
159.257239,236.423280,141.862325,161.278965,116.759268,177.719162,0.174226,0.030889,0.077758,0.485807,0.477839,0.011834,0.606620,-0.158833,0.808321,0.536120,0.602761,0.254258,0.088344,-0.647856,0.703439,0.322676,0.694841,0.919239,0.786917,0.716276,-0.555414,31.097113,3.904845
280.885641,170.508026,142.128269,138.601479,160.386087,105.433478,0.483999,0.526216,0.973555,0.792232,0.362909,0.456959,0.635391,0.629876,0.520413,0.894119,0.200173,0.937928,0.327114,-0.308220,0.812840,0.369835,0.028710,-0.050179,0.517028,0.810716,0.340926,27.866906,61.990879
247.119166,234.326804,146.328021,215.240407,332.375277,138.967587,0.124703,0.858241,0.637895,0.112416,0.315308,0.074422,0.311080,0.514717,0.426095,0.538926,0.615228,0.214603,0.138646,0.497671,-0.507547,-0.283529,0.216571,0.912641,0.330546,-0.309480,0.413990,11.814969,6.111672
112.449917,116.147606,157.179316,147.305979,233.439499,105.541010,0.810512,0.888473,0.892892,0.401165,0.934846,0.321049,0.067694,0.409499,0.363361,0.669110,0.611161,0.864279,0.199704,0.094520,0.454269,0.102919,0.573698,0.412074,0.040927,0.416367,0.944524,4.605722,86.018589
181.038541,253.799885,164.120050,123.441464,175.639347,129.543887,0.472715,0.126313,0.980959,0.298735,0.805047,0.582366,0.583238,0.939817,0.543954,0.523724,0.273366,0.749676,0.121705,0.434095,-0.120784,0.751005,0.660528,0.513037,0.870051,0.673232,0.341170,8.375875,35.786512
224.142170,184.360750,155.529531,176.076078,164.572948,246.957104,0.220758,0.632055,0.026540,0.061561,0.935476,0.993501,0.202980,0.541092,0.704051,0.837066,-0.014673,0.160754,0.811174,0.791229,0.562244,0.765469,0.431339,0.643628,-0.065620,0.803655,0.690539,1.854858,51.008738
152.961454,201.715096,203.202392,306.898863,118.348604,207.787703,0.509971,0.650793,0.541722,0.618158,0.449064,0.894004,0.520042,0.955015,0.855972,0.565203,-0.241568,0.301415,0.494937,0.569996,0.090892,0.612522,0.856378,0.705809,0.060926,0.253562,0.657675,42.407011,74.985156
169.959962,156.181072,209.346145,111.823963,142.445582,168.682537,0.530346,0.711648,0.996189,0.495546,0.044989,0.210045,0.936209,0.792896,0.388189,0.469465,0.723421,0.481415,0.397325,0.472952,0.875017,0.376385,0.592024,0.105158,0.562885,0.529723,0.922378,13.256577,18.777555
146.371017,241.937845,197.195442,135.291262,158.694935,167.801173,0.258785,0.761233,0.450642,0.570776,0.606872,0.886666,0.596281,0.389647,0.310352,0.622638,0.606962,0.586682,0.479404,-0.124837,0.487035,0.294638,0.033190,0.866872,-0.615176,0.113422,-0.397314,21.633094,9.586748
211.442974,178.745203,240.932567,95.607188,264.901464,193.199322,0.923658,0.416509,0.034949,0.888934,0.080249,0.309169,0.325356,0.843552,0.298301,0.347922,0.117496,0.642477,0.876949,0.633475,0.498416,-0.105741,-0.033242,0.928680,-0.061514,0.501341,0.449948,41.166171,2.755459
172.054644,190.246824,150.128329,104.857312,168.702031,144.066503,0.872120,0.658256,0.119750,0.612658,0.918013,0.016154,0.584985,0.576435,0.284068,0.607558,0.341142,0.544428,0.448430,0.806902,0.664256,0.845655,0.818351,0.521483,0.732976,0.278626,0.079308,41.129400,22.991269
105.550056,180.736974,196.715508,156.391753,119.813857,145.796974,0.611361,0.995225,0.632924,0.648034,0.498201,0.274552,0.528629,0.694491,0.320340,0.627252,0.524849,0.172538,0.617403,0.188839,0.898884,0.389654,0.473571,0.286494,0.127417,-0.049517,0.768590,1.095393,4.581351
193.902848,151.882007,165.885635,241.956318,173.151578,174.346889,0.263884,0.323661,0.301006,0.508408,0.499065,0.106670,0.402985,-0.136047,-0.008885,0.129915,0.589227,-0.435414,0.059685,0.589429,0.447899,0.557683,0.425440,-0.275123,0.220626,0.255085,0.296225,8.346029,30.126054
145.795422,136.728409,272.471183,252.005021,196.108889,218.556238,0.238097,0.366358,0.508936,0.686058,0.750047,0.296429,0.654281,0.740372,0.769128,0.863335,0.519578,0.346340,0.222202,-0.030348,0.314615,0.460945,0.725442,-0.186193,-0.018272,-0.495025,-0.217135,11.510038,5.967092
199.254169,89.542196,169.659645,216.882431,213.355299,118.941608,0.843619,0.098060,0.555370,0.611737,0.567642,0.288512,0.453917,0.486798,0.779258,0.731228,0.791317,0.588471,0.544396,0.715669,0.903066,0.633782,0.016640,0.886168,0.599058,0.560862,0.013092,0.036315,10.388564
162.969539,156.802331,163.183931,122.035218,120.928800,174.742435,0.017993,0.910979,0.839081,0.428743,0.295009,0.592982,0.418109,0.589303,0.886444,-0.001826,0.013625,0.744357,0.242240,0.372304,0.709537,0.632233,0.341996,0.918274,0.493390,-0.521365,-0.346078,5.887515,1.810398
128.012441,222.267460,175.544887,152.206338,111.834120,97.517201,0.460521,0.540226,0.247182,0.002838,0.746118,0.492593,0.666551,0.947361,0.895646,0.487076,0.811426,0.273938,0.124157,0.646022,0.342636,0.388495,0.770082,0.841474,0.441354,0.257935,0.374246,26.191173,8.189147
125.084007,85.155865,112.868237,171.769075,118.989854,222.293143,0.343884,0.275295,0.787760,0.628542,0.306777,0.960488,0.230050,0.737950,0.680328,0.498924,-0.126738,0.860701,0.631789,0.061131,0.309087,0.822887,-0.354578,0.217209,-0.098008,0.499148,0.721945,20.296281,91.982408
219.409764,199.140145,212.308186,205.009622,144.827954,136.738287,0.562166,0.240546,0.918776,0.204007,0.331862,0.791469,0.869812,-0.332890,0.422550,0.451919,0.441763,0.230318,0.864036,0.178606,0.304220,-0.276258,0.277961,0.452534,0.953860,0.620196,0.081822,1.954073,5.461467
147.948657,111.497066,158.110346,156.261411,136.172283,190.472955,0.850349,0.911723,0.754771,0.184546,0.970226,0.341806,0.742730,0.127429,-0.258193,0.757026,0.291641,0.509099,0.514526,0.209629,-0.207296,-0.017051,0.596238,0.948166,0.171820,0.867971,0.380158,0.736609,88.016506
113.016552,184.314282,187.872159,138.039310,246.696146,247.736219,0.679956,0.593445,0.196961,0.289683,0.989781,0.583446,0.128731,0.496675,0.743602,0.361778,0.150497,-0.088777,0.700778,0.342309,0.279190,0.594775,0.649921,0.407613,0.771259,-0.027014,0.689593,32.660599,26.130593
115.224453,118.479519,170.180690,165.786167,169.370764,158.722671,0.243021,0.969936,0.391900,0.856090,0.362368,0.190032,0.213279,0.359024,0.682234,0.909919,0.754054,0.317809,0.757882,0.490490,0.614731,0.486466,0.493047,0.650800,0.063535,0.954806,-0.052434,0.034709,53.010306
197.537982,239.770311,116.274730,176.166115,140.882754,224.783586,0.577094,0.407968,0.233722,0.904652,0.234957,0.680824,0.346173,0.159471,0.557137,0.847097,0.289465,0.687761,0.176998,0.126718,0.431114,0.328674,0.722356,0.657583,0.229343,0.663805,0.542778,11.302338,2.661090
222.629328,168.477417,204.141326,172.607797,122.292881,185.927823,0.664770,0.751605,0.672525,0.512960,0.568878,0.619502,0.478683,0.192678,0.613272,0.107970,0.780392,0.157626,0.914712,0.587315,0.788786,0.878475,0.800617,0.914225,0.730343,0.512859,-0.005360,16.846543,24.447700
160.424073,148.334447,164.750782,234.685776,151.881625,180.963188,0.176582,0.125881,0.274910,0.691646,0.476935,0.146292,0.655994,0.511974,0.479947,0.668060,0.663558,-0.510753,0.325201,0.964870,0.543281,0.604341,0.620018,0.189271,0.766304,0.445853,0.486278,0.733577,38.236083
187.781634,261.027628,172.416232,136.023437,221.363380,175.624377,0.073416,0.492370,0.521081,0.223114,0.472528,0.640019,0.628264,-0.130991,0.320321,0.793811,0.579085,0.198472,0.749418,0.783237,0.321136,0.565226,0.122378,0.333450,0.454592,0.641485,0.623441,2.846539,4.218008
134.606252,219.223053,218.078679,219.857072,204.581930,141.167634,0.355936,0.668329,0.117799,0.082431,0.714507,0.972339,0.876199,0.867641,-0.198180,0.717268,0.162607,0.891237,0.133418,0.875765,0.843316,0.899278,0.585705,0.317938,0.828165,-0.113827,0.655199,34.751001,29.988438
135.106936,175.128042,150.085510,182.205684,157.699025,176.064142,0.383368,0.664378,0.819387,0.013957,0.780261,0.000164,0.445823,0.841978,0.994755,0.728652,0.546226,-0.348210,0.567829,-0.499857,0.551356,0.863839,0.443785,0.811198,0.728838,0.572434,0.904464,18.454314,5.273411
225.809690,135.886282,184.205304,306.481686,191.639844,125.323175,0.565241,0.841019,0.835815,0.979113,0.023163,0.003903,0.081685,0.589381,0.431384,0.860718,-0.015492,0.609468,0.187586,0.620653,0.680262,0.786190,0.194548,0.577230,0.766343,0.035553,0.582641,2.827294,10.340377
241.732292,170.307524,133.111780,132.254513,205.173499,178.091411,0.783928,0.799043,0.535490,0.096857,0.900674,0.963187,0.492324,0.321125,0.678510,0.276450,0.422431,0.251789,0.594272,0.355654,0.064936,0.230600,0.884875,0.835524,0.667786,0.163236,0.379019,28.300469,2.848772
164.179210,201.843885,167.595530,174.153647,148.600654,190.699001,0.418443,0.740627,0.435523,0.009473,0.274905,0.725035,0.516186,0.607151,0.355846,0.460752,0.448076,-0.100349,-0.099021,0.609229,0.713032,0.060642,0.360076,0.320611,0.374501,-0.289159,0.446271,18.086585,6.115231
153.197991,279.995342,221.998078,231.231243,168.058296,113.117385,0.800706,0.172708,0.236502,0.086993,0.425128,0.947709,0.620396,0.717193,0.414382,0.589833,0.741594,0.247797,0.473802,0.107444,0.364669,0.430819,0.838250,0.558081,0.113567,0.497872,0.425736,48.300040,91.988287
147.930023,91.571686,209.695760,212.877271,218.440356,141.180140,0.213190,0.014419,0.896515,0.158858,0.586434,0.992070,0.213000,-0.097759,0.445388,0.505701,0.643806,0.649283,0.724617,0.427269,0.478412,0.695468,0.374615,0.598481,0.486221,0.320406,0.722699,13.677002,5.877954
187.353255,137.046571,217.947508,166.650227,118.152369,123.325882,0.548927,0.456535,0.784496,0.616386,0.732262,0.483526,0.784092,0.072614,0.048777,0.144203,0.519423,0.755510,0.760352,0.564233,0.675058,0.362834,-0.391297,0.848952,0.036308,0.178639,0.820488,4.432553,88.018318
153.397522,203.462862,139.122955,205.032155,163.342983,108.127970,0.286658,0.721653,0.716569,0.525135,0.738147,0.486830,0.566199,0.855598,0.425698,0.362986,0.042724,0.439083,0.698402,0.247094,0.706102,0.515371,0.748491,0.264988,-0.318555,0.049944,0.729823,48.837729,16.076114
179.942781,174.970987,205.495225,117.544649,173.688548,182.956655,0.894179,0.574075,0.711770,0.966342,0.789875,0.639404,0.192747,0.035345,0.248352,-0.096529,-0.691131,0.592701,0.048185,0.478113,0.254966,0.817414,0.393339,0.126192,0.066130,0.881986,0.298777,12.412123,2.111535
237.589980,201.160163,187.832599,156.142643,276.890254,94.537346,0.298775,0.680465,0.252158,0.667635,0.274110,0.831209,-0.116542,0.348662,0.478548,0.933834,0.742641,0.040534,0.502006,0.857121,0.648651,0.122030,-0.093093,0.389304,0.842096,0.127459,0.587683,35.955762,44.981078
119.468419,202.991082,198.441452,283.610615,167.203687,227.040353,0.499991,0.951163,0.089213,0.484872,0.741029,0.527590,0.110170,0.582676,0.393069,0.319983,-0.024025,0.204195,0.474883,0.318896,0.713777,0.766077,0.173315,0.599912,0.287696,0.227294,0.391749,4.485616,4.879189
161.252069,185.056778,122.917340,143.567264,189.991487,147.119748,0.165751,0.190114,0.841445,0.109446,0.050600,0.156390,0.240960,-0.070767,0.030840,-0.085505,0.769917,0.481193,0.497170,0.107429,0.581814,0.678813,0.395688,0.322453,0.635293,0.391088,0.288606,14.921954,10.547212
133.140622,196.148236,179.943397,146.713099,204.746424,145.007255,0.073104,0.020444,0.198879,0.057408,0.915101,0.592828,0.867101,0.134542,0.804822,-0.105904,0.906635,0.871843,0.558115,0.060017,0.653850,0.776225,0.608763,0.123010,0.421857,0.448720,0.459763,2.062722,2.377980
154.068656,123.762340,155.943990,220.412914,88.154715,168.968527,0.005333,0.353051,0.904929,0.727265,0.397263,0.700769,0.793637,0.356319,0.486262,0.363887,-0.416088,0.026083,0.114479,0.329356,0.225647,0.571332,0.898473,-0.000010,0.782219,0.845521,0.780865,4.303160,4.079343
160.571182,234.053275,226.234451,206.646203,234.769008,124.657948,0.245248,0.926517,0.665587,0.690749,0.642223,0.135610,0.746373,-0.027570,0.325874,-0.305451,-0.078169,0.283203,0.534179,0.112588,0.714666,0.674002,0.603698,0.342969,0.520817,0.219418,0.404949,47.021913,16.147258
225.863809,161.047212,101.240761,196.105299,103.290628,200.341785,0.123210,0.485915,0.684002,0.532702,0.726262,0.998844,0.432169,0.281925,0.092432,0.419531,0.959054,0.229292,-0.522363,0.658133,0.056738,0.835136,0.532998,-0.618028,0.644126,0.600723,0.104492,7.931778,2.422227
163.823539,150.072937,164.766637,257.418743,172.234775,135.744712,0.556755,0.327306,0.388745,0.913247,0.472227,0.906333,0.900267,0.207529,-0.136393,0.166799,0.752620,0.794179,-0.057301,0.487436,0.619417,0.921849,0.701869,-0.109099,-0.356120,0.098011,-0.251570,11.616090,44.972954
148.814778,202.633171,182.592099,186.355918,182.756803,189.571056,0.444463,0.541835,0.264374,0.542477,0.059605,0.489486,-0.342086,-0.218663,0.253917,-0.189622,0.644752,0.551244,0.733721,0.223805,0.427722,0.683467,0.839043,0.675101,0.249319,0.170784,0.306489,0.215463,4.698909
172.279109,187.455401,141.192262,188.670344,271.469998,140.790900,0.915887,0.363969,0.420363,0.731765,0.145323,0.213245,0.849775,0.706770,0.341009,0.398262,0.514853,0.879340,0.374220,0.160299,0.835854,0.447948,0.813679,-0.297487,0.668949,0.014073,0.332660,28.643622,10.497464
224.431181,123.367211,125.155687,137.135311,193.107756,186.833860,0.541508,0.178080,0.024872,0.743135,0.465661,0.217827,0.298712,0.803010,0.573055,0.533402,0.629098,0.456488,0.011275,0.531052,0.622530,0.896085,0.861192,0.388389,0.859130,0.418914,-0.138669,22.457994,4.308694
176.510239,203.604641,144.146378,177.916991,93.273224,293.298704,0.376346,0.296340,0.854572,0.822308,0.244043,0.784193,0.513277,0.795158,0.504590,-0.556512,0.844603,0.946640,0.792657,0.210506,0.171033,0.770242,-0.034568,0.735447,0.861724,0.510547,0.750851,25.988733,3.531440
178.469522,176.022461,161.619906,183.257793,188.196174,155.897796,0.370993,0.571361,0.621743,0.221979,0.407290,0.631198,0.303871,-0.002865,0.620986,0.279736,0.516563,0.568597,-0.016363,0.702795,0.926741,0.185503,0.222864,-0.112858,0.446714,-0.103727,0.876211,20.560726,61.988286
162.872611,229.769890,103.406082,215.384222,221.943067,120.687888,0.521295,0.068450,0.094273,0.542263,0.354471,0.481681,0.486770,0.676251,0.610710,0.189610,-0.118530,0.287426,0.591483,0.868483,0.986903,0.169756,0.235988,0.398146,0.633619,0.300329,-0.440480,1.673469,6.469186
104.094147,219.253167,173.236103,144.471727,174.395133,228.834953,0.500583,0.805185,0.577496,0.064652,0.881703,0.458106,0.300378,0.467551,0.954898,0.592688,0.613327,0.577621,0.640776,0.679009,-0.067303,0.338077,0.726640,0.820908,0.501643,0.714700,0.432450,23.059673,86.018142
121.260460,131.770616,145.034202,170.690282,236.484030,260.068242,0.879812,0.696822,0.037899,0.211110,0.852732,0.505105,0.835518,0.450885,0.729450,0.297354,0.690308,0.573862,0.735936,-0.015591,0.569852,0.568728,0.757838,0.309471,0.914852,0.542950,0.746482,55.310029,35.785142
174.437398,173.991271,176.654718,174.706047,188.768264,164.485874,0.415433,0.479569,0.385658,0.325570,0.504596,0.382329,-0.171258,0.592800,0.595401,0.613015,0.694249,0.542723,0.618806,0.812155,0.343237,0.631809,0.824263,0.719220,0.786468,0.377880,-0.001759,1.732383,51.010013
128.378729,161.287957,163.264576,315.596578,160.800453,180.156962,0.942845,0.459015,0.996282,0.040941,0.746275,0.507680,0.242382,0.508628,-0.138800,0.743275,0.490032,0.740276,0.671680,0.390094,0.672466,0.280594,0.544131,-0.395587,0.590409,0.422241,0.724345,8.003288,74.989405
224.429789,143.090727,168.747924,131.790188,126.000142,216.049291,0.021757,0.339621,0.288242,0.098960,0.119325,0.904771,0.659828,0.926738,0.656249,0.445530,0.562270,0.624977,0.453786,0.615372,0.851586,0.676444,-0.169632,0.745022,0.902838,0.313473,0.781917,42.387029,19.600132
160.193724,184.451917,298.923987,137.490792,152.086008,193.233477,0.713710,0.301247,0.597562,0.722872,0.346977,0.706456,0.597487,0.322569,0.789234,0.808243,0.693690,0.859123,0.211867,-0.167027,0.502436,0.292536,0.810975,0.501016,0.120034,0.304387,0.695571,1.945074,10.262590
124.164809,177.434136,182.829658,178.284846,194.982309,196.437176,0.011920,0.280141,0.030957,0.086345,0.049987,0.070311,-0.159196,0.427631,0.346240,0.854307,0.696623,0.780657,0.624120,0.618834,0.883376,0.564313,0.348399,0.928636,0.277104,0.926590,0.295941,57.143543,2.682598
141.079732,226.082339,126.123735,232.468331,122.587664,139.866287,0.578010,0.553400,0.833882,0.937914,0.471449,0.784851,0.148546,0.238247,0.971340,0.388268,0.717428,0.363193,0.336698,0.494916,0.385125,0.528124,0.106857,0.716799,0.465108,0.039682,0.772152,34.679536,22.992558
156.597958,296.227387,205.883180,158.384657,164.893748,170.145459,0.906349,0.320102,0.396993,0.697354,0.280997,0.588813,0.607829,-0.261815,0.048324,-0.192752,0.551349,-0.115019,0.065175,0.799738,0.620655,0.279739,0.493018,0.353714,0.433394,-0.022743,0.674168,15.291881,4.113895
157.673394,197.730026,119.820267,149.151893,195.765099,305.535408,0.031095,0.476598,0.349708,0.080653,0.579081,0.063014,0.484662,0.514612,0.244968,0.533662,0.692902,0.891534,0.577598,0.267532,0.358112,0.796721,0.553641,-0.081091,0.457094,0.829947,-0.067067,0.859638,30.046912
183.976712,116.022757,208.744145,231.215208,137.654828,185.103680,0.313140,0.372665,0.718157,0.265000,0.009035,0.280370,0.823976,0.320318,0.312837,0.370774,-0.032852,0.499411,0.794017,0.140871,0.108107,0.854687,0.217896,0.423826,0.876816,0.904142,0.457899,0.656381,4.891768
273.912722,228.612989,211.481687,176.489612,341.643024,242.325387,0.043280,0.844785,0.687647,0.136689,0.881504,0.740984,0.450122,0.167906,0.377619,0.337559,0.137566,0.506276,0.683042,0.698982,0.409005,-0.120056,0.508951,0.365599,0.736744,0.656374,-0.350667,37.588631,10.801599
107.151560,170.733670,143.382009,167.404589,170.521404,175.102949,0.891871,0.933126,0.579305,0.294280,0.819275,0.938434,-0.156308,0.740500,0.625433,0.473916,-0.123936,0.861653,0.813946,0.519602,0.621770,0.448675,0.083549,0.709702,0.177890,0.440786,0.025241,39.847227,3.478477
175.069979,157.541279,117.867608,138.610093,154.593947,291.207652,0.206964,0.414298,0.184602,0.596018,0.041960,0.762648,0.254443,0.886606,0.499777,0.512090,0.234778,0.554720,0.888195,0.314504,0.476857,-0.509565,0.442403,0.602575,0.036224,-0.148566,0.364265,44.744458,7.052417
136.704393,116.564659,118.254433,189.613598,134.981648,145.089189,0.018696,0.048578,0.883618,0.120680,0.027831,0.835053,0.414067,0.651150,0.047728,0.396352,-0.310859,0.102397,0.934155,0.335287,0.466014,0.863307,-0.297713,0.297948,-0.217169,0.177771,0.370400,57.497563,91.990044
137.230299,155.349625,199.020307,135.099825,187.125988,149.221032,0.513133,0.052057,0.393945,0.353067,0.586937,0.991625,0.408198,0.537112,0.588800,0.603411,0.635736,0.434340,0.354516,0.534081,0.631208,0.241269,0.740786,0.244283,0.203865,0.792576,0.817437,15.058815,5.711414
227.127650,95.628101,140.631216,143.202182,144.869509,164.825208,0.522668,0.216412,0.907862,0.389165,0.035742,0.080380,0.221292,0.492135,0.872971,0.674361,0.434842,0.644987,0.505896,0.735276,0.969845,-0.196439,0.603872,0.166063,0.261755,-0.304360,-0.656677,0.791851,87.985211
145.653306,197.330701,171.204495,83.228493,219.716912,176.147757,0.808730,0.033054,0.094679,0.910751,0.799991,0.198199,-0.161434,0.485741,0.551180,0.351736,-0.138859,0.867662,0.683954,0.345992,-0.250619,-0.020941,0.468132,0.191484,0.658455,0.946974,0.608113,28.878854,25.904910
199.485270,108.056042,153.393056,112.693862,203.794554,240.588273,0.538560,0.546450,0.120178,0.842446,0.329678,0.962852,0.881119,0.810186,0.178664,0.738450,0.371301,0.320397,0.760860,-0.023907,0.849294,0.493631,0.127638,0.536367,0.745888,0.622992,-0.019654,48.830610,53.007982
239.288965,129.601285,181.299487,216.943318,140.864956,228.811161,0.292000,0.584050,0.147748,0.772410,0.242527,0.053845,0.725939,0.434925,0.304978,0.404175,0.488105,0.500092,0.794324,-0.037732,0.611690,0.170219,0.534408,0.039529,0.236736,0.630246,0.637818,16.541808,2.980522
174.957701,150.139989,158.984946,147.698659,145.411592,134.784360,0.702725,0.705562,0.753096,0.659822,0.733868,0.389080,0.352047,0.642306,0.297441,0.842845,-0.255093,-0.336348,-0.284841,0.331612,-0.172607,0.518454,0.399797,0.686388,0.708078,-0.145443,0.354426,0.739572,24.046744
213.325655,167.130029,186.942904,150.663883,118.059027,150.437351,0.490916,0.131390,0.202482,0.238637,0.593321,0.801945,-0.108444,0.121659,0.159266,-0.115163,0.338387,0.349469,0.380323,0.785143,0.762450,0.345417,0.818206,0.413518,0.405278,-0.123316,0.918567,13.988360,38.275304
234.996520,169.295927,272.595659,196.588242,143.900708,197.349922,0.759147,0.198692,0.754457,0.640651,0.484306,0.261775,0.276450,0.823756,-0.221457,0.797624,0.305593,0.820087,0.474029,0.117129,0.728569,0.305968,0.301221,0.139629,0.619720,0.337285,0.455420,50.946504,3.075802
129.697323,107.651121,195.480465,206.181446,238.146354,143.145617,0.033721,0.711055,0.905282,0.926967,0.109812,0.234192,0.802296,0.816197,0.189412,0.287010,0.905991,0.655268,0.782763,0.097659,0.670784,-0.172750,-0.357733,0.772405,0.957383,0.390915,0.614841,37.256586,29.987774
102.891260,198.774560,90.108677,233.587112,171.597296,232.538393,0.660043,0.033808,0.147298,0.879316,0.390161,0.116211,-0.155554,0.669217,0.708145,0.099256,0.358604,-0.253067,0.345894,0.327184,0.114160,0.631271,0.883746,0.124003,0.516451,0.550491,0.149434,53.179547,5.303572
113.867903,171.285758,158.092198,152.363170,115.794852,231.083976,0.352769,0.417686,0.033153,0.293516,0.751503,0.957035,0.878214,0.425741,0.475698,0.002842,0.867547,-0.227169,0.207667,0.534683,0.358542,0.210438,0.628485,0.825289,0.637868,0.885814,0.173320,5.453193,10.099738
326.849134,141.160298,201.837772,212.149708,205.277650,195.071152,0.388358,0.246894,0.140842,0.145050,0.927173,0.582808,0.420714,0.789406,-0.133891,0.234759,0.681116,0.659751,0.156876,0.400661,0.495065,0.864344,0.190341,0.354798,0.448476,0.143260,0.599409,21.191941,2.293216
180.963056,133.438819,149.650245,220.960424,92.932909,102.953192,0.164500,0.762029,0.186862,0.584330,0.198109,0.921626,0.066915,0.407713,0.384784,0.932884,0.482308,0.356220,0.650581,0.339482,0.617498,0.602267,0.215351,0.734712,0.581240,0.615557,0.389607,13.782253,6.869804
187.057797,116.814012,142.222723,128.118974,220.358804,198.582634,0.595526,0.218605,0.126791,0.657683,0.759296,0.067786,0.274016,0.291467,0.744973,0.840166,0.492778,0.525091,0.130976,0.658178,0.004154,-0.016412,-0.193426,0.039921,0.063362,0.706886,0.555327,3.662143,91.989082
206.046264,229.133043,237.955462,173.363079,164.423648,114.188367,0.384067,0.551175,0.798432,0.794690,0.835199,0.018892,0.750212,-0.056099,0.784118,0.218783,0.500779,-0.073333,0.699176,0.221859,0.205987,0.211415,0.389708,0.747342,0.683817,0.700795,0.456502,13.191195,5.619301
159.086320,132.133355,229.222483,224.156553,206.992229,184.999175,0.454349,0.834050,0.151608,0.309561,0.280827,0.119332,0.329753,0.733904,0.521256,0.422034,0.645052,0.067748,0.829242,0.481593,0.388511,-0.005048,0.434985,0.589177,0.734265,0.312538,0.680817,14.407011,88.021438
157.819497,157.782560,118.941803,259.369528,139.372948,194.190654,0.586428,0.457981,0.881068,0.085610,0.940007,0.848890,0.591844,0.702727,0.600617,0.309030,0.918029,0.874928,0.815206,0.956727,0.405237,-0.448031,0.983590,0.690812,0.943155,0.708030,0.535328,58.593839,16.116867
155.475502,93.317128,131.939810,212.580627,200.779678,144.334647,0.175274,0.281659,0.179259,0.948967,0.017704,0.484390,0.809030,0.477500,0.369405,0.510684,0.368467,0.015549,0.813876,0.883530,0.357180,0.827638,0.162621,0.753710,0.910866,0.173167,-0.079232,9.241829,3.581017
161.932112,198.638243,139.854326,170.539458,232.923750,215.504265,0.366809,0.249152,0.516300,0.178608,0.574447,0.227689,0.285766,-0.500704,0.590303,0.120892,0.929141,-0.205092,0.771529,0.067246,0.459258,0.254659,0.303143,0.809450,0.182414,0.578157,0.171481,3.696265,44.982551
215.191875,204.002719,196.494437,109.852778,135.748941,137.502726,0.702569,0.378896,0.998555,0.293342,0.403520,0.486423,0.704844,0.249039,0.701122,0.583383,0.415740,0.765150,0.461439,0.854899,0.579876,0.682580,0.616482,-0.150439,0.521690,0.622660,0.500518,37.364216,3.766099
128.595460,157.703372,106.886562,119.992686,206.057663,188.270880,0.951195,0.654847,0.938703,0.793646,0.549088,0.576112,0.261466,0.668944,0.729203,0.230493,0.401470,0.540000,0.360299,0.575612,0.553329,0.505839,0.119433,0.429168,0.724372,0.802336,0.175732,31.788114,10.442554
207.684638,118.054786,166.779924,202.616428,172.509592,201.852681,0.561041,0.987108,0.769018,0.162449,0.936397,0.207859,0.584546,0.547358,0.489591,0.288485,-0.067914,0.679479,0.769603,0.380490,0.389154,0.113983,0.654606,0.527828,0.048155,-0.014108,0.287880,58.753561,2.030105
140.586887,133.194423,191.896367,185.109906,209.432611,163.452592,0.127499,0.770341,0.513452,0.819393,0.577587,0.341298,0.129459,0.705278,0.449141,0.340111,0.765327,0.784380,0.752966,0.724954,0.279154,0.296266,0.598894,-0.275209,0.331669,0.173878,0.465372,8.716333,3.896689
110.975200,135.500610,102.405166,185.851844,158.449059,242.352120,0.935837,0.570419,0.257677,0.871091,0.098459,0.039684,-0.188740,0.273909,0.016487,0.246822,0.543184,0.633114,-0.224592,0.345565,0.338599,0.428563,0.685925,0.906734,-0.374538,0.636599,0.216387,34.199352,61.987428
137.489745,124.978486,147.346610,165.533758,307.874480,166.245597,0.468163,0.182899,0.625264,0.664383,0.449683,0.401357,0.283664,0.518367,0.325485,-0.033303,0.735693,0.545824,0.419124,0.814382,0.168415,0.707341,0.378969,0.532742,0.568457,0.117166,0.507864,10.309661,6.330043
163.144374,118.066823,246.682390,130.821246,264.959604,238.867522,0.743608,0.853674,0.718660,0.787617,0.648338,0.073111,0.847062,0.351175,0.219125,0.005455,0.229660,0.156252,0.615176,0.501957,0.880698,0.572043,0.519295,0.318998,0.279170,0.411466,0.168721,58.310594,86.016217
127.637265,133.897235,175.582937,189.061798,129.667464,147.212541,0.815729,0.582189,0.030068,0.895330,0.983781,0.012486,0.036112,0.790794,0.160534,0.560025,0.238268,-0.153219,-0.403370,0.082456,0.580494,0.816352,0.630601,0.260201,0.601475,0.373029,0.836562,46.160685,35.778525
193.246018,214.278468,198.540817,174.642604,183.017538,188.130062,0.702770,0.938347,0.708473,0.655143,0.191043,0.658363,0.441854,0.181182,0.520840,0.283326,0.262954,-0.161657,0.026439,0.432788,0.166635,0.120879,0.275139,0.172726,0.483734,0.353203,0.946211,17.350138,51.010733
184.241043,228.372526,149.413149,178.191533,264.505522,124.689875,0.732170,0.387843,0.843422,0.300599,0.278035,0.832960,0.650769,0.588868,0.011957,0.904416,0.436456,0.588251,0.499550,0.709184,0.159944,0.495443,0.557472,0.507110,0.709097,0.372847,0.157294,20.205207,74.983320
196.297657,175.024157,103.682067,192.587258,122.600815,201.709419,0.505278,0.992113,0.969949,0.331640,0.413152,0.831935,0.934556,0.640691,0.838773,0.757125,0.677612,0.331616,0.048029,-0.015939,0.326538,0.883804,0.555007,0.783139,0.668621,-0.317406,0.390443,22.479612,19.396730
144.743569,249.547037,193.705678,192.106297,189.688974,134.026667,0.694816,0.941169,0.342395,0.984640,0.996823,0.604221,0.135580,0.951826,0.836689,0.076132,0.179403,0.330082,0.370683,0.541084,-0.337121,0.393307,0.794244,0.302285,0.519117,0.724789,0.544237,27.805322,10.952512
151.182789,155.871172,180.619045,180.563688,143.255244,249.207691,0.965580,0.140313,0.283881,0.035620,0.621350,0.995149,0.649830,0.831716,0.606653,0.542196,0.668251,0.944413,0.415093,0.635385,0.511471,-0.078791,0.261974,0.498315,0.349360,-0.101742,-0.134083,0.324426,3.175699
201.115325,123.887661,143.081222,90.201199,129.696132,198.233201,0.654365,0.824376,0.760828,0.574406,0.612481,0.721852,0.389062,0.391182,0.693287,-0.408738,0.561607,0.188293,-0.280450,0.307361,0.789028,0.618676,0.008953,0.406825,0.603504,0.406808,0.568220,0.040790,22.993310
115.115116,205.022691,153.448224,234.640697,150.217778,187.892117,0.510820,0.858024,0.078467,0.281639,0.237088,0.056189,0.802658,0.556925,-0.022698,-0.101251,-0.396980,0.450258,0.753920,0.715899,0.516637,0.639357,0.594862,0.576223,0.337382,0.787746,0.720501,19.812956,4.472825
187.779335,151.530680,267.503465,145.336632,216.654639,170.477503,0.437206,0.601067,0.502297,0.105226,0.737242,0.779752,0.008037,-0.025149,0.805324,0.619995,0.218513,0.996926,-0.094954,0.709121,-0.148069,0.783653,0.625854,0.983426,0.203521,0.768744,-0.090037,38.931307,30.281333
166.888318,181.759922,161.212040,163.945269,202.186902,153.735063,0.456696,0.213881,0.823984,0.117557,0.008294,0.931409,0.433764,0.355331,0.708644,0.241462,0.654982,0.473780,0.805006,0.427128,0.343009,0.130026,0.551354,0.504198,-0.079129,0.687782,0.408762,11.202419,5.136692
157.666711,198.210367,349.623613,122.539857,189.287518,179.017377,0.123921,0.042487,0.597164,0.933452,0.206902,0.011565,0.045331,0.506816,-0.108734,0.040888,0.726200,0.644507,0.097336,0.497978,0.531893,0.617175,-0.092325,0.717484,0.744221,0.604488,0.424995,16.348490,10.677050
126.424852,189.397197,200.955656,130.161815,191.812168,184.875148,0.350250,0.767079,0.043843,0.513546,0.480609,0.755723,0.061205,0.309393,0.322013,0.829812,0.637132,0.242287,0.870871,0.666309,0.374297,0.458377,0.824373,0.765028,0.271520,0.102273,0.346162,0.841161,3.079641
245.144474,128.978563,195.064636,159.021939,118.198150,189.635494,0.898390,0.051610,0.570638,0.858164,0.222945,0.599183,0.293905,0.749875,0.913286,0.670854,-0.016144,0.773323,0.571613,0.494827,0.786646,0.802342,0.531036,0.386247,0.173387,0.328222,0.686595,44.968768,8.058375
223.459474,212.552073,139.386180,152.691690,178.211450,198.185922,0.351116,0.055145,0.904878,0.632261,0.999757,0.480182,0.527999,0.852771,0.652288,-0.018704,0.640951,0.564586,0.439919,0.797626,0.561738,0.361827,0.727122,0.139352,0.258546,0.572752,0.797635,12.158974,91.986871
151.259707,165.654836,320.051690,162.119915,121.683536,146.514103,0.071023,0.366891,0.744478,0.816559,0.486441,0.315439,0.559452,0.785278,0.400632,-0.132468,-0.048491,0.973717,0.747693,0.636139,0.297611,0.717115,0.209160,0.455121,-0.065550,0.871423,0.774431,38.661807,5.313191
244.151686,171.725232,131.917557,225.020388,156.456160,361.778624,0.044555,0.794361,0.345862,0.405541,0.398260,0.212096,0.217275,0.441005,0.572651,0.607068,-0.028995,0.386294,0.330502,0.196525,0.589102,0.162401,0.900214,0.282416,0.325434,-0.064340,0.313332,30.681717,88.017009
116.152532,130.718291,115.123035,192.190844,162.274009,104.990545,0.725616,0.117660,0.124364,0.732755,0.947010,0.005519,0.294682,-0.187260,0.522775,0.522838,0.295518,0.657244,0.582213,-0.002680,-0.008567,0.400497,0.813452,0.709504,0.516086,0.929665,0.771366,2.207965,25.816535
210.024058,158.516817,164.872025,143.560206,204.101213,157.053969,0.393147,0.617001,0.444734,0.148765,0.977600,0.468826,0.420958,0.565651,0.160051,0.736670,0.570172,0.861779,0.476916,0.242326,0.790143,0.740984,0.558040,0.408818,0.010619,0.539747,0.463166,0.465499,53.009702
243.419755,148.496212,173.987561,128.590526,109.729527,159.287480,0.679808,0.569899,0.758298,0.258141,0.195829,0.235376,-0.071965,0.730076,0.427032,0.302603,0.630461,0.253452,0.510118,-0.256524,0.890519,0.513390,0.753712,0.272225,0.730932,0.617984,0.759064,12.010505,3.068553
150.901485,125.472737,190.691315,177.938413,182.276264,157.513545,0.212298,0.238479,0.345749,0.439214,0.604544,0.755294,-0.474168,0.440677,0.214570,0.231931,-0.346605,0.362027,0.905405,0.735948,0.355590,0.367668,0.533508,0.143921,-0.215193,0.631122,0.597908,41.830534,24.412624
95.253517,213.683601,145.568067,135.751880,145.423172,80.094575,0.626075,0.629600,0.144113,0.169158,0.955370,0.007604,0.144775,0.026389,0.364596,0.576559,0.749311,0.699344,0.161674,-0.411705,0.072302,0.795721,-0.146586,0.817244,0.968416,0.451597,0.468579,11.041688,38.241781
129.162690,125.279853,111.303231,169.995111,98.711953,202.196827,0.394435,0.283453,0.130801,0.100352,0.150584,0.489439,0.485832,0.699514,-0.628659,0.315364,0.063443,0.781223,0.273675,0.630016,0.515983,0.669739,0.727572,0.183204,0.179273,0.615923,0.612949,6.561192,3.694369
200.081924,111.858507,150.453931,268.970453,156.747151,191.906941,0.014225,0.101099,0.542182,0.201912,0.479858,0.249098,0.854663,0.564409,0.595271,0.450528,0.457309,0.367669,0.154499,0.210243,0.403378,0.060574,0.863901,0.797703,-0.523808,0.541016,0.123401,3.396064,30.024031
116.831630,197.015805,160.098154,127.611505,126.811158,137.156341,0.037335,0.831439,0.190248,0.991928,0.144022,0.504762,0.253150,-0.089617,0.237754,0.254155,0.289111,0.066005,0.419457,0.121219,0.849275,0.458569,0.584472,0.396694,0.717101,0.460204,0.043653,13.972378,5.815335
221.602368,154.107828,81.212019,161.336867,180.443298,285.261317,0.762307,0.685171,0.066476,0.238675,0.730690,0.890638,0.893809,0.562713,0.155466,0.887979,0.439434,0.424911,0.751712,0.797876,0.380400,0.046862,0.632271,0.556602,0.551343,0.886303,-0.122953,2.175923,10.721565
139.724484,169.092254,178.979842,141.481691,197.936336,115.816533,0.856019,0.960403,0.553968,0.229142,0.029041,0.222905,0.301818,0.742948,-0.402978,0.171883,0.264134,0.332986,0.898922,0.571092,0.701674,0.958923,0.517244,0.203022,0.358255,0.146624,0.633282,4.693814,3.332905
185.735971,166.038764,193.499017,197.595848,112.274766,161.209813,0.310750,0.639760,0.470321,0.765486,0.463999,0.413014,0.136392,0.655063,0.182200,0.972502,0.807506,0.618391,0.607617,0.594467,0.782779,0.304822,0.775267,0.799498,0.550328,0.783542,0.254084,21.096353,7.705266
143.961297,137.130663,132.500101,96.217934,132.747414,126.142829,0.253499,0.421048,0.204699,0.219531,0.855251,0.111720,0.027664,0.348959,0.362864,0.111238,0.838544,0.826220,0.617907,0.015420,-0.033390,0.589016,0.868146,0.755849,0.898547,0.307890,0.170879,55.062981,91.985390
129.490936,122.547730,104.940888,144.979193,203.987371,230.855233,0.354954,0.223631,0.420282,0.124361,0.003298,0.746325,0.360009,0.621713,0.494976,0.115525,0.846423,0.517924,0.908801,-0.137921,0.661292,0.785162,0.864257,0.613253,0.727990,0.855965,0.386883,47.987692,4.651323
191.641013,150.998013,192.598248,160.431656,147.249325,174.958364,0.309950,0.535289,0.933691,0.424180,0.559222,0.616833,0.677594,0.049837,0.426503,0.239445,0.586520,0.725088,0.686561,0.663278,0.656341,0.555759,0.816341,0.606182,0.886794,0.507465,0.468260,0.085983,88.022127
130.568816,187.884677,245.294180,155.761454,122.700475,167.583465,0.774184,0.737841,0.672009,0.123180,0.806899,0.967743,0.603504,-0.247598,-0.009206,0.654567,0.587972,0.320674,0.588771,0.828861,0.414220,0.541428,0.723191,0.701319,0.905290,0.871462,0.683836,9.522263,16.010907
155.927159,169.606170,190.449208,220.341156,157.043768,116.438968,0.731994,0.254618,0.584070,0.023089,0.360826,0.641655,0.868097,0.534645,0.413105,0.498740,0.014767,0.272467,-0.012083,0.564212,0.297947,0.542011,0.139005,0.152749,0.475857,0.648149,0.289618,27.875282,2.155585
171.514509,313.959971,183.101861,114.725778,149.304728,223.756209,0.704622,0.034207,0.696256,0.054585,0.770557,0.743834,0.770067,0.386433,0.390973,0.179403,-0.278940,0.581759,0.531787,0.518852,0.679817,0.320685,0.508096,0.764787,0.596955,0.213889,0.955266,1.237915,44.979114
147.169861,145.410416,201.200350,198.130394,136.650253,181.879020,0.276814,0.412123,0.775114,0.933487,0.540434,0.504603,0.042160,0.535492,0.895120,0.617045,0.726384,0.728821,0.645144,0.406752,0.064722,0.679539,0.734951,0.371777,0.463750,0.153231,-0.362011,28.209001,3.825536
153.868659,154.605649,160.975834,147.327022,241.925464,256.410450,0.270301,0.532889,0.767468,0.640722,0.701895,0.137964,0.444636,-0.145404,0.510599,0.697482,0.957899,0.289059,0.864409,0.591098,0.705431,0.250225,0.496503,-0.370934,0.759925,-0.408310,0.559459,0.153476,10.368535
134.561092,143.821376,201.419187,130.611828,186.438325,192.641749,0.116490,0.043910,0.750120,0.050070,0.024764,0.817268,0.252167,0.430412,-0.260577,-0.159257,0.248065,0.448429,0.446731,0.710449,0.446252,-0.348473,0.205565,0.407889,0.320983,-0.054184,0.344646,11.970388,2.635183
189.276657,184.393822,111.592842,151.929508,208.169545,387.563529,0.322367,0.068099,0.484181,0.434802,0.365388,0.069137,0.515182,0.296196,0.054432,-0.371232,0.143524,0.220349,0.862774,0.162443,0.204696,0.708213,0.281933,0.448587,0.457420,0.467487,0.509919,15.133848,25.918534
140.351258,223.879645,189.089626,175.764499,158.635953,86.618684,0.920772,0.388164,0.445777,0.467249,0.417674,0.899167,-0.154984,0.062446,0.364361,0.334436,0.253019,0.427503,0.125183,0.265086,0.734367,0.371407,0.736066,0.440330,0.913139,0.391688,0.089718,2.805992,53.011154
173.779125,158.384772,167.030725,124.301652,123.971060,166.008659,0.311797,0.228142,0.041914,0.306805,0.648295,0.387634,-0.428416,-0.400814,0.982866,0.594819,0.666954,0.421315,-0.103110,0.196367,0.709775,0.028596,0.031901,-0.649738,0.429569,0.312419,0.211585,1.708048,2.404529
176.235728,220.063047,229.274893,199.332116,190.966284,132.012078,0.051284,0.278709,0.019557,0.599735,0.081981,0.955767,0.547943,0.314650,0.460726,0.572891,0.253559,0.200141,0.483568,0.822341,0.646281,0.624327,0.741822,0.425245,0.729509,0.498691,0.283739,49.984761,23.822973
215.572900,166.969406,110.276548,152.767809,167.703187,162.113305,0.964737,0.114854,0.462860,0.982258,0.397691,0.621951,0.475281,0.877882,0.734005,0.484309,0.402400,0.689194,0.701484,0.827369,0.190275,0.268059,0.560746,0.776621,-0.001091,0.245574,0.358823,27.748238,38.228958
186.085386,173.868594,162.169670,149.504983,278.661247,182.690196,0.995242,0.734994,0.205310,0.618785,0.979124,0.990905,0.932300,0.458768,0.953512,0.193562,0.579671,0.219153,0.869353,0.214399,0.708803,0.668259,0.432137,-0.159798,0.316366,0.873359,0.432932,37.065035,4.405346
165.250858,142.520749,218.590569,195.041490,251.882948,130.645812,0.397236,0.031299,0.889918,0.498226,0.177704,0.474042,0.212930,0.453707,0.547697,0.432697,-0.152108,0.751298,0.225491,0.596919,-0.254435,0.126685,0.473294,0.175779,0.927852,0.656107,0.211994,35.212524,29.992912
169.951865,189.147065,151.009755,200.591225,158.004364,156.809051,0.163245,0.426938,0.583236,0.839827,0.878512,0.341318,0.223308,-0.029844,0.076409,0.619399,0.443716,-0.187482,0.864957,0.827591,-0.124861,-0.232269,0.401898,0.339758,0.542548,0.015379,0.533951,31.452954,4.245310
172.764912,180.350527,146.010710,166.218918,147.139530,172.050595,0.094407,0.249445,0.686721,0.698265,0.665598,0.770971,0.647798,0.420123,0.192393,0.263695,0.559479,0.589053,0.147781,0.606862,-0.461622,0.965672,0.726121,0.752590,0.226631,0.192278,0.381000,0.865350,10.391216
219.351198,173.174018,154.949401,107.340813,132.272833,101.338242,0.003957,0.601493,0.180537,0.657773,0.757082,0.908008,0.730453,0.757191,-0.036378,0.425300,0.323201,0.690728,0.462955,-0.239994,-0.159361,0.351235,0.566820,0.421990,0.593638,0.080027,0.715446,2.841977,2.381677
218.187389,159.144283,93.963044,203.624268,146.037437,216.334391,0.495329,0.319173,0.314277,0.141095,0.306034,0.171065,-0.080579,0.340647,-0.142600,0.156755,0.329794,0.410986,0.187467,0.597263,0.877871,0.756405,0.466799,0.065529,0.442490,-0.014963,0.896647,3.561776,6.335424
224.274880,193.856518,130.347975,163.618132,113.484039,167.945425,0.963367,0.046567,0.304818,0.873186,0.144892,0.356366,0.599599,0.577280,0.757387,0.864723,0.060347,0.157826,0.623596,-0.086793,0.784810,0.533416,0.541215,0.901788,-0.089191,0.623359,0.894281,36.474617,91.986229
217.473242,83.608209,164.071802,212.008995,221.310717,151.085847,0.972043,0.055167,0.865916,0.344527,0.087752,0.968344,0.635455,0.401521,-0.272085,0.843250,0.752080,0.482184,-0.247784,0.329909,0.583934,0.777109,0.839885,0.010795,0.953944,0.556911,0.866419,6.474909,4.887312
124.500665,124.309724,135.482158,129.267288,188.054947,166.210880,0.560301,0.767981,0.708464,0.051602,0.244701,0.189783,0.646189,0.178492,0.330605,0.254728,0.795733,0.030935,0.685797,0.938872,0.338263,0.219735,0.198505,0.190627,0.479260,0.798149,0.816258,7.698223,88.021507
216.441728,175.152536,161.755603,128.111489,227.183347,163.942976,0.909177,0.587213,0.018403,0.858141,0.381963,0.137460,0.553191,0.242801,0.019172,0.750222,-0.026695,0.872612,0.861948,0.393834,0.084270,0.047673,0.885719,0.626865,0.031732,0.772783,-0.237601,47.371829,16.007123
233.716865,109.997108,204.747834,143.294639,118.714591,143.214678,0.714579,0.341357,0.541578,0.145396,0.479211,0.165563,0.950133,0.811173,0.576995,0.181288,0.167569,-0.233277,0.808070,0.772366,0.011164,0.076646,0.296186,0.411682,0.681596,0.787510,0.418143,0.543439,2.473985
184.755789,136.868602,178.810417,224.107383,141.323074,293.003288,0.649459,0.476039,0.236779,0.472975,0.582454,0.514251,0.714897,0.480379,0.782584,0.263008,0.741238,0.268417,0.627950,0.328307,0.221225,0.557930,0.561024,0.887669,0.327341,0.362335,-0.146166,22.078238,44.976949
95.030960,166.677766,169.848251,173.322035,191.056990,183.029688,0.739455,0.745046,0.030560,0.096462,0.548927,0.198761,0.408004,0.337364,0.620207,0.467722,0.603371,0.896757,0.473602,0.290932,0.495340,0.170616,0.378138,0.602625,0.326750,0.423207,-0.395858,15.729966,4.074323
154.639548,135.730825,173.155676,123.977376,160.192109,113.939787,0.506858,0.991180,0.181392,0.865610,0.467765,0.363572,0.606050,0.493486,0.624823,0.856852,0.479435,0.318792,0.970246,0.458137,-0.055920,0.870378,0.602862,0.809964,0.725212,0.104636,0.447500,0.828727,10.590932
153.163193,97.422937,186.778265,136.172698,177.678396,106.493779,0.508266,0.830401,0.877129,0.525950,0.515456,0.525916,0.600486,0.394478,0.786316,0.539633,-0.226368,0.815791,-0.232471,-0.202250,0.508646,0.306818,0.489145,0.726371,0.208322,0.792457,0.433610,11.247469,2.793069
158.804512,148.443126,194.223371,113.200057,173.529478,186.795465,0.917549,0.747393,0.968703,0.395207,0.969600,0.849521,0.651752,0.555722,-0.311590,0.810903,0.125409,0.588069,0.516912,0.656093,0.846865,0.358705,0.146511,0.635422,0.338653,0.570153,0.804253,22.892590,3.959178
185.860865,133.518706,153.283378,150.528637,127.558780,251.935599,0.734792,0.997931,0.619755,0.102662,0.810505,0.092019,0.540749,0.714035,0.118244,0.577227,0.450017,0.833687,0.632632,0.407162,0.638485,0.185152,0.637525,0.602307,-0.333024,0.286277,0.542377,1.917726,16.151160
149.896092,216.552666,121.185679,185.913843,133.873770,172.286415,0.982930,0.096782,0.941832,0.494490,0.214397,0.451876,0.671760,0.172641,0.155767,-0.232611,0.723149,0.554802,0.060745,0.782643,0.733956,0.073537,0.209035,0.602742,0.651598,0.339246,0.842767,10.691865,2.350298
192.486275,117.606158,156.115086,241.357745,175.946072,120.275414,0.998192,0.805914,0.739172,0.623270,0.122397,0.027046,0.850994,0.032905,0.458565,0.231587,0.402754,0.601096,0.275055,-0.176560,0.455576,0.465832,0.453174,0.765902,0.400522,0.656117,0.228085,57.685313,44.985191
160.377572,151.069861,154.966784,121.808368,134.381287,101.803339,0.504732,0.179434,0.582750,0.088816,0.918970,0.879165,0.095063,0.757452,-0.035774,0.435501,0.700799,0.375181,0.792979,-0.628314,0.041582,0.826117,0.851003,0.883264,0.627721,0.887166,0.485732,0.373615,4.320696
174.400577,154.033008,111.240053,130.532388,156.115927,237.297770,0.599267,0.576164,0.106400,0.445698,0.143166,0.179100,0.779314,0.071100,-0.228456,0.663737,0.595285,0.397562,0.839421,0.941673,0.803247,0.763398,0.397093,-0.027449,0.208185,0.026477,0.235435,45.405598,10.750026
140.616928,150.971593,185.696537,110.154416,259.123232,196.431390,0.071242,0.049972,0.663589,0.292809,0.466950,0.599456,0.649634,0.422641,0.457534,0.866351,0.439603,0.126495,0.917871,0.251894,0.323550,0.858644,0.023502,0.708939,0.358000,0.818098,0.227025,34.145641,3.625948
262.350872,122.192867,132.773195,184.467171,138.487090,144.685595,0.898535,0.003478,0.978021,0.838895,0.188980,0.273622,-0.059467,0.320817,0.101972,0.209310,0.703870,0.569859,0.871489,0.728377,0.946639,0.110418,0.530701,-0.005559,0.380372,0.496077,-0.066333,4.171843,4.872034
188.259188,203.459412,138.186872,192.976745,142.754532,120.903690,0.578149,0.585333,0.828303,0.702355,0.387492,0.018251,0.504417,-0.034863,0.344709,0.624193,0.633645,0.540530,0.635500,0.224331,0.930639,0.440584,0.688550,0.646650,0.606431,-0.186503,0.222656,28.824333,61.987155
175.842913,211.469487,189.261585,137.910176,171.497440,176.967632,0.013673,0.205405,0.659120,0.117557,0.710021,0.075981,0.389890,0.644878,0.227669,0.771071,0.820239,0.481448,0.847053,0.451048,0.791954,0.160831,0.522265,0.648233,0.428276,-0.322340,0.889869,27.378083,6.945278
135.394008,145.721125,202.674298,162.055593,167.661553,160.211489,0.999135,0.827279,0.939285,0.992102,0.523590,0.735086,0.611747,0.432717,0.919805,0.550845,-0.347577,0.181937,0.542813,-0.036022,-0.216145,0.785106,0.539323,0.622937,0.354621,0.730077,0.762399,1.411382,86.030011
151.183564,219.701165,141.098025,149.876484,121.946259,130.413136,0.446770,0.718497,0.166722,0.921308,0.320005,0.208074,0.920156,0.003393,0.823894,0.722891,0.671024,-0.112846,0.660488,0.445420,0.151796,0.666353,0.460582,0.664392,-0.136230,0.665927,0.265428,30.757419,35.791371
107.535902,149.951647,148.473730,130.883613,201.608069,132.524938,0.153754,0.746259,0.165724,0.251434,0.260939,0.218878,0.836947,0.532779,0.388131,0.605348,0.438984,-0.306681,0.434773,0.201388,0.221218,0.379305,0.693693,0.628746,0.468820,0.068224,0.065899,0.085278,51.011360
145.158557,147.155184,162.622900,115.058452,158.232962,210.753602,0.702820,0.112875,0.811146,0.760340,0.381652,0.879041,0.661922,0.658444,0.462343,0.009549,0.129390,0.075011,0.564304,0.085277,0.788073,0.634151,0.397289,0.828748,0.500666,0.800454,0.747016,10.330874,74.984077
140.293590,149.001735,186.761147,176.691425,178.235637,150.222225,0.659224,0.830662,0.784236,0.921369,0.452849,0.043333,0.460920,0.288487,0.729551,0.264945,-0.448674,0.455482,0.617592,0.503786,0.360731,0.229583,0.456761,0.640210,0.634055,0.463179,0.095872,2.151698,19.765340
121.621800,167.660506,169.548560,166.188034,203.801566,198.221899,0.270728,0.524991,0.477568,0.932110,0.288439,0.007584,0.361926,0.535262,0.496599,0.417791,0.856154,0.218365,0.590281,0.422331,0.641455,0.372570,0.607604,0.134714,-0.159791,0.531931,0.053931,56.804227,11.581684
228.929408,154.758760,181.653560,166.282844,255.780064,226.949471,0.765000,0.848132,0.191224,0.820077,0.539113,0.808464,0.043119,0.221236,0.901704,0.362658,0.062469,0.051196,0.350016,0.846041,0.109908,0.489370,0.648932,-0.174349,-0.133574,0.387770,-0.261008,3.513147,3.677369
99.406522,243.314933,254.132310,258.954133,176.163262,150.629307,0.109071,0.940926,0.862633,0.114462,0.264064,0.199768,0.744499,0.125706,0.790570,0.518920,0.828293,0.583121,-0.126470,-0.054619,0.451650,0.427885,0.586745,0.218177,0.559893,0.866127,0.680479,0.287629,22.991872
214.287729,147.588867,115.664345,141.953288,146.750459,146.391221,0.461254,0.972345,0.346963,0.577754,0.324247,0.767940,0.566286,0.167221,0.940741,0.290286,0.795526,-0.057059,0.441877,-0.406019,0.623212,0.403006,0.167917,0.551085,0.314314,0.545075,0.443285,4.236792,4.084006
131.958791,186.678498,120.168383,181.556428,213.443349,136.478125,0.734406,0.600783,0.185399,0.168011,0.967279,0.773656,-0.378318,0.729822,0.362835,-0.194066,0.727791,0.255179,0.390088,0.203683,0.769966,0.935795,0.250324,0.211808,-0.242393,0.259962,0.735800,47.823135,29.988839
181.291524,115.554484,151.008635,175.798993,144.835616,114.853104,0.007412,0.641983,0.993540,0.140949,0.473086,0.227229,0.520344,0.876130,-0.035863,0.460038,-0.364822,0.448009,-0.112846,0.490749,0.675383,0.543839,0.802648,0.670948,0.609225,0.834102,-0.389113,12.905217,5.021765
216.025745,278.922088,158.233803,261.255078,155.136435,162.565543,0.674461,0.425597,0.612153,0.906928,0.489256,0.460631,0.697478,-0.020862,0.809878,-0.132094,0.408640,0.182044,0.789352,0.618395,0.410301,0.855215,0.590402,-0.086678,0.518447,0.817790,0.616947,29.887376,10.519306
105.553706,164.156366,347.096825,162.548217,228.097879,217.961472,0.431884,0.508312,0.828999,0.358272,0.373081,0.176685,0.172380,0.065018,0.463994,0.599771,-0.019388,0.494000,0.362485,-0.103086,-0.268156,0.585697,0.609596,0.655520,-0.176812,0.604193,0.411324,27.865225,2.412810
113.960674,184.364180,113.278005,196.160691,142.688118,243.187485,0.941390,0.908451,0.423540,0.298924,0.532006,0.400619,0.228343,-0.277011,0.503646,0.453970,0.169526,0.861168,0.640763,0.933565,0.652064,0.620242,0.955229,0.476452,0.561148,0.355816,0.443997,8.726268,5.617490
160.406985,100.723703,199.436548,148.016385,136.436241,136.869821,0.745454,0.109873,0.637819,0.178840,0.913175,0.988733,0.420653,0.108506,0.436702,0.467060,0.521724,0.214534,0.581903,0.414348,0.652208,0.054582,0.228625,0.042880,-0.204555,0.411717,0.085847,17.790357,91.987701
121.847467,158.412418,175.787893,211.678843,107.869742,140.497021,0.077454,0.118705,0.108655,0.638005,0.001439,0.833229,0.423178,0.730247,0.870733,0.317081,0.453556,0.669662,-0.254386,0.087321,0.243013,0.481086,0.710066,0.892176,0.675381,0.184949,-0.192534,0.082112,5.008969
218.599940,210.894061,136.625043,154.629947,177.641415,158.125193,0.813778,0.646249,0.938096,0.001571,0.755490,0.803470,0.640206,0.708960,0.819915,0.047493,0.435051,0.985049,0.322476,0.660133,0.403550,0.825534,-0.284860,0.245769,0.496159,-0.075724,0.709589,3.240630,88.013230
181.556859,102.006110,177.366573,160.892480,151.662392,180.071376,0.548352,0.458553,0.996155,0.070295,0.840600,0.320541,-0.375848,0.579864,-0.171273,0.810910,0.617817,-0.048811,0.341150,0.841466,0.654291,0.579923,0.446268,0.237894,0.390684,0.731980,0.327002,0.003189,25.798171
169.438560,157.838342,211.776169,179.081363,282.236278,166.025915,0.207369,0.440467,0.298603,0.431717,0.163762,0.114736,0.721895,0.331521,-0.095739,-0.073720,0.519859,0.195803,0.333042,0.459957,0.544440,0.831038,0.500152,-0.259166,0.501581,0.771146,0.550575,9.177898,53.009518
251.795714,127.496640,233.869002,157.972909,133.770423,141.669000,0.125885,0.691655,0.649120,0.204531,0.662862,0.408593,0.657093,0.486007,0.887502,0.752725,0.350424,0.744150,0.119868,0.587045,0.213365,0.400861,0.612142,0.560910,0.455887,0.831892,-0.036698,3.485199,3.585805
197.236231,209.595245,131.762520,178.688693,207.290694,238.684414,0.947498,0.515612,0.847695,0.523452,0.649495,0.322775,0.559176,0.534483,0.817628,0.233520,0.164709,-0.045891,0.753255,0.530498,0.565201,0.190110,0.376893,0.035925,-0.172367,0.495079,0.404616,48.939817,24.157839
152.485105,140.138686,206.500859,194.631916,156.607524,120.564936,0.793782,0.563396,0.790453,0.167027,0.087329,0.680528,0.494480,0.527475,-0.075607,0.046802,0.417997,0.517328,0.938406,0.950068,0.952628,0.750597,0.018644,0.688421,0.861941,0.091420,0.308244,54.905116,38.318047
170.048879,247.875272,106.763880,126.442785,152.067592,160.020900,0.309459,0.347954,0.479101,0.363032,0.533418,0.352941,0.767581,0.946373,0.889033,0.962346,0.437183,0.298661,0.850514,-0.284115,0.833827,0.167255,0.673713,0.489893,0.284543,0.064868,-0.119441,3.026718,3.702587
149.243447,138.583434,89.991679,161.521645,115.408691,119.631220,0.944740,0.389183,0.035168,0.387652,0.356136,0.186787,0.244411,-0.404603,0.653504,0.817301,0.460975,0.884717,-0.059126,0.895601,0.153648,-0.025766,0.754589,0.494666,0.206617,0.486322,0.744360,12.594706,29.987686
264.670761,192.838030,192.989704,117.926284,112.108572,251.465202,0.472510,0.287201,0.721456,0.410100,0.636759,0.277313,0.718484,0.407767,0.267188,0.378501,0.783882,0.286697,0.628648,0.656826,0.104168,0.645586,0.811165,0.770025,0.133761,0.634218,0.362832,5.177313,4.928680
186.369663,171.453575,188.527892,225.649260,146.263332,193.067732,0.539800,0.825667,0.769831,0.879806,0.549469,0.985707,0.696238,0.195536,-0.230978,0.554509,0.580286,0.591372,0.441677,-0.129798,0.861418,-0.186055,0.836780,-0.439363,0.822964,0.648249,0.704299,45.582208,10.802566
306.515280,156.447969,198.130776,99.075845,156.814634,141.153840,0.730092,0.917196,0.102151,0.381492,0.950971,0.228616,-0.430081,0.671612,0.860047,0.100835,0.248417,-0.005088,0.590903,0.776105,0.597527,0.379750,0.821110,0.221623,0.498402,0.595669,0.741597,27.032168,3.156155
159.666815,190.579033,179.528422,115.228861,159.497418,182.036367,0.812885,0.761265,0.022162,0.771490,0.931744,0.516693,-0.045118,0.315785,-0.039823,0.292516,0.783650,0.074906,0.576002,0.787820,-0.408811,0.073175,0.774367,-0.214562,0.442266,0.352746,0.647707,1.777528,8.182572
112.007365,184.452642,230.640604,149.074073,192.413536,120.808441,0.311051,0.143636,0.647921,0.132569,0.482031,0.069423,0.654273,0.851661,-0.209798,0.136822,0.738253,0.747442,0.271001,0.609291,0.859421,0.645990,0.180819,0.017584,0.185508,0.227188,0.240760,0.373843,91.988917
120.711804,253.071837,183.248910,204.901239,141.789272,141.181192,0.378098,0.732358,0.068225,0.777060,0.418322,0.960931,0.527208,0.109411,-0.169298,0.924159,0.743514,-0.020028,0.264420,0.059047,0.145986,0.746784,0.570881,-0.195316,0.398060,0.549832,0.038054,0.396012,5.642748
315.987929,117.512270,287.277200,186.996104,228.512691,156.789587,0.544717,0.252730,0.072662,0.673209,0.732919,0.161435,0.088281,0.410166,0.695806,0.355672,0.228190,0.403750,0.158535,0.209625,0.543201,0.397361,0.006625,0.728508,-0.241461,0.552254,0.392984,36.988291,88.015537
128.438499,191.482320,108.654722,166.173339,190.917919,141.892677,0.391517,0.268981,0.418131,0.145299,0.958776,0.601538,0.937977,0.455988,0.474835,0.917640,0.846369,0.337457,0.257449,0.521986,0.879438,0.786078,0.784594,-0.017252,0.490205,0.799040,-0.298363,28.482338,16.233376
195.898460,184.701077,194.241993,136.974515,210.444158,164.634785,0.139129,0.449366,0.093725,0.966274,0.732344,0.487808,0.761173,0.696944,0.896396,0.747571,0.838290,0.417632,0.730486,0.484383,0.601394,0.647620,0.849609,0.510678,0.616577,0.479808,0.123897,3.650940,2.982731
105.051740,135.947862,118.927710,124.022342,129.336207,231.599852,0.398454,0.932606,0.816662,0.455097,0.444816,0.403059,0.600427,0.076842,0.275860,0.372163,0.503594,0.282700,0.515174,0.724253,0.479713,0.394295,0.579837,0.603268,0.769630,0.364766,0.738481,29.164328,45.019335
150.874990,182.489211,215.888246,142.499888,222.795888,151.288663,0.889547,0.481717,0.513551,0.620365,0.219723,0.421043,0.502149,0.252650,0.387696,0.938344,0.507427,0.447567,0.535068,0.555696,0.227605,0.062070,0.471116,0.548205,0.192695,0.434858,0.452242,19.443689,4.559728
285.229282,165.227026,178.243777,150.354484,164.523670,206.175336,0.594889,0.643373,0.424713,0.278577,0.588651,0.877232,-0.880166,0.761077,0.187727,-0.070559,0.919894,0.277692,0.897426,0.592090,-0.123551,0.453952,0.768208,0.801722,0.614574,0.525835,0.858657,2.799946,10.353694
92.856837,287.480664,142.966068,156.234694,221.387635,135.154897,0.519896,0.700565,0.672548,0.781000,0.063734,0.330660,0.188264,0.161870,0.874925,0.452454,0.310891,0.624650,0.850114,-0.006158,0.547777,0.409964,0.675071,0.136306,0.753742,0.687423,0.653938,0.360538,3.154881
155.604418,156.426948,192.673842,276.950604,137.805688,154.831925,0.357476,0.743545,0.355002,0.156007,0.542283,0.083171,0.572861,0.268074,0.013008,0.236048,0.846204,0.905391,0.586295,0.423172,0.113327,0.457374,0.973052,0.205046,0.539566,0.371866,0.666315,13.277616,3.809944
119.936300,151.782719,169.703282,136.683726,173.948060,190.299219,0.576141,0.290560,0.644032,0.422728,0.717398,0.767319,0.898424,0.748606,0.451354,0.483364,0.308630,0.692118,-0.175360,-0.227336,0.810738,-0.055080,0.631211,0.976395,0.268072,0.952494,0.878621,9.456306,61.987787
270.311930,103.445846,130.229522,169.446183,139.104872,124.798392,0.005870,0.228032,0.133823,0.089073,0.936866,0.463346,0.611348,0.753448,0.466785,0.895173,0.025032,0.743525,0.670114,0.039635,0.302160,0.420651,0.463777,0.618018,0.740107,0.721692,0.452085,19.371407,6.655641
184.825312,134.777355,164.596432,285.895882,143.878152,215.482929,0.015027,0.477324,0.055811,0.603418,0.037390,0.293752,0.730342,0.475663,0.372882,0.823845,-0.213901,0.080590,0.171254,-0.057271,0.802802,0.156150,0.168384,0.859096,0.270364,0.751795,0.652355,51.651267,86.019314
98.056230,143.008566,120.638313,155.777107,91.430920,201.754681,0.023010,0.361699,0.871987,0.012249,0.157492,0.743214,0.839284,0.670727,0.279532,0.329668,0.426448,0.815678,0.400510,0.956466,0.518844,0.555338,0.556766,0.476339,0.383012,0.504751,0.695621,0.035999,35.784234
164.934310,174.756275,195.584148,152.059624,130.943691,121.859705,0.623243,0.987644,0.214331,0.630132,0.230666,0.518508,0.298296,0.965467,0.389735,0.145534,0.346947,0.349784,0.346773,0.417796,0.017473,-0.049688,0.372300,0.346868,0.173347,-0.130030,0.849052,16.101523,50.993258
215.325548,153.419632,195.679933,148.650914,240.960504,114.954134,0.029178,0.813531,0.887254,0.554817,0.745363,0.377444,0.336137,0.350108,0.130303,-0.132494,0.456631,0.004608,0.246110,0.123722,0.620675,0.505558,0.195435,0.394571,0.571568,0.587749,0.018967,11.572191,74.988480
207.608248,262.970527,157.331601,172.762672,147.282567,175.773707,0.865512,0.010113,0.332641,0.399258,0.207300,0.927097,0.446673,0.816500,0.428345,0.146376,0.436815,0.390249,0.376848,0.567919,0.604028,0.207109,0.238072,0.599607,0.320454,0.166004,0.813529,38.969779,19.376914
224.668613,269.768659,178.975545,145.188992,162.636175,201.522311,0.874691,0.165419,0.963184,0.329634,0.242294,0.720013,0.367311,0.833832,0.567830,0.811820,0.657440,0.368823,0.485219,0.783918,0.770067,0.321416,0.460222,0.540805,0.625324,0.256464,0.515407,39.013727,10.366138
216.170819,234.340800,119.016927,166.090775,130.216731,197.778506,0.661089,0.325737,0.129810,0.838220,0.318255,0.872169,0.463080,0.406444,0.405166,0.398130,0.903096,0.339779,0.080048,0.398403,0.396632,0.459922,0.308961,0.249758,0.722501,0.200266,0.386820,3.410397,2.730421
229.268368,135.252811,142.744428,174.503505,142.943615,187.867171,0.708921,0.438174,0.363574,0.906676,0.090663,0.975826,0.205514,0.447508,-0.024323,0.740639,0.171299,0.007842,0.651186,0.428450,0.783908,0.568702,-0.052123,0.516318,0.071334,0.329989,0.238583,27.583973,22.991449
156.508475,160.061111,148.700098,135.628350,195.009806,183.624515,0.556595,0.133227,0.617999,0.614344,0.022678,0.260132,0.282214,0.232028,0.664355,0.423218,0.293562,0.622313,0.827917,0.598604,0.142797,0.682070,0.737705,0.026154,0.123564,0.662438,0.754407,0.445825,3.719954
202.792311,111.325897,90.324061,170.551557,198.842887,183.705813,0.278096,0.389970,0.048319,0.067224,0.342478,0.930703,0.426498,0.121852,0.139257,0.336862,0.472055,0.639379,0.230571,0.386227,0.214758,0.792069,0.215912,0.232015,0.318802,0.661934,0.260629,1.611608,30.001430
172.483936,190.400667,109.118231,105.595735,146.734115,222.369219,0.135409,0.503254,0.488274,0.885511,0.475818,0.583007,0.336576,0.827548,0.052313,0.377754,-0.011170,0.511327,0.617445,0.564657,0.564571,0.821053,0.793826,0.322963,0.740195,0.215025,0.655009,5.733126,5.471862
231.760194,136.316893,273.421959,206.072303,200.120559,214.675712,0.733979,0.768790,0.069808,0.380049,0.188216,0.753222,0.655731,-0.381282,0.816486,0.686281,0.467217,0.591774,0.421696,0.671170,0.683864,0.461930,0.745749,0.690462,0.987254,0.775918,-0.344446,4.535735,10.454726
174.492911,180.389190,109.034292,131.006794,175.916595,154.005958,0.981904,0.943399,0.995016,0.659174,0.121682,0.197129,0.499175,0.334697,0.413347,0.623763,-0.054820,0.143830,0.549182,0.195690,0.512178,0.718095,0.942929,0.417161,0.412234,0.702081,0.548338,26.058574,4.375711
259.218904,165.935281,197.160871,117.022986,152.196650,191.873603,0.269781,0.077849,0.867949,0.606393,0.235402,0.249620,0.557396,0.440182,-0.456992,0.628297,0.454940,0.370631,0.747139,0.439511,0.803976,0.358809,0.671570,-0.305189,-0.171132,0.663898,0.473510,34.201788,9.214431
174.387200,128.167294,127.921086,299.322927,283.182180,197.742321,0.744887,0.227099,0.809762,0.297568,0.503500,0.730313,0.640738,0.351318,-0.324021,0.946745,0.277659,0.654427,0.498757,-0.025955,0.622099,0.257879,0.025361,-0.021297,0.292334,0.655643,0.196374,5.930903,91.988194
182.038308,151.418290,171.679423,120.935138,183.574442,125.485177,0.705388,0.664993,0.631052,0.658791,0.154204,0.674209,0.173068,0.626466,-0.410576,-0.049478,0.434601,0.390930,0.413453,-0.046295,0.562830,0.193455,-0.050695,0.301513,0.000008,0.469372,0.592116,4.488013,5.057388
148.742224,272.073820,219.936744,170.341120,156.616680,250.414133,0.968508,0.717675,0.016149,0.872661,0.018154,0.197424,0.374950,0.594679,0.521784,0.683166,0.160913,0.596248,0.677215,0.425198,0.776002,0.723870,0.703705,0.290582,0.664837,-0.518915,0.619796,20.226792,88.020670
312.042789,134.505388,205.727288,161.652198,189.383443,189.400110,0.818604,0.334883,0.073955,0.272368,0.584540,0.420837,0.334896,0.750031,0.883437,0.074267,0.371937,0.477169,-0.465008,0.052019,0.555897,0.089462,0.922080,0.457773,0.620470,0.254341,0.651044,39.580800,25.952571
168.455004,137.436902,144.360061,122.507069,76.321998,147.008634,0.628978,0.308762,0.043800,0.716190,0.549031,0.809863,0.266456,-0.054784,0.181145,0.122371,-0.073324,0.684612,-0.268288,0.478930,0.458341,0.556495,0.446400,0.240274,0.611150,0.396591,0.256400,0.211903,52.992183
130.187041,148.180667,144.877828,136.793892,103.006985,201.408356,0.157273,0.436792,0.232062,0.876318,0.328566,0.227130,0.363339,0.721987,0.592598,0.530086,0.298239,0.351873,0.964064,0.447463,0.204232,0.523636,0.093779,0.178831,0.316588,0.591663,0.400639,31.945847,2.259572
308.921925,211.235095,100.540270,154.652428,182.653640,169.969919,0.602393,0.450740,0.239189,0.357262,0.502928,0.433787,0.053937,-0.124652,0.768223,0.736890,0.406389,0.510714,-0.188785,-0.092620,0.503287,0.767164,0.325850,0.835167,0.399743,0.656714,0.686454,11.282977,23.670651
159.005194,206.727219,216.988304,210.580754,201.093636,153.452289,0.635462,0.074262,0.336473,0.610601,0.467820,0.264897,0.723268,0.611322,0.952136,-0.136869,0.619963,0.071892,0.505722,0.623184,0.414110,-0.605864,0.723007,0.411041,0.575234,0.875836,-0.064072,0.223917,38.276377
200.227682,165.377713,185.974785,110.556437,161.667107,236.147825,0.599483,0.381871,0.525520,0.044001,0.641042,0.998552,0.288106,0.506578,0.544306,0.519397,0.833599,0.014957,0.764502,0.672802,-0.622862,0.570276,0.246972,0.561920,0.545846,0.350699,0.548638,0.369876,3.452151
126.638074,285.551121,160.500788,182.283496,150.463500,174.677030,0.002465,0.985747,0.512170,0.020979,0.163986,0.481512,0.635335,0.810182,0.798181,0.926663,0.344029,0.407426,0.807010,0.806832,0.246731,0.847447,0.331564,0.754381,-0.113397,0.695035,-0.038222,2.270856,30.030207
178.074569,180.112871,125.719357,102.658036,136.532914,168.047549,0.820064,0.587810,0.118494,0.405136,0.236948,0.969786,0.733444,-0.043316,0.701934,0.518450,0.693728,0.755701,0.384695,0.587466,0.579378,0.753997,0.433599,0.697811,0.557873,0.524155,0.415866,10.519615,4.625348
154.416141,182.956665,196.356608,143.002054,126.721145,181.747439,0.831933,0.208769,0.617945,0.764289,0.901737,0.388263,0.444546,0.428164,0.336114,0.937948,0.965216,0.538839,0.458171,0.068544,0.724498,0.725093,-0.264203,0.238868,0.011936,0.090801,0.513027,26.806052,10.544402
189.902634,146.777446,172.815559,183.281922,173.274901,203.849824,0.757103,0.520134,0.989422,0.192694,0.831766,0.011343,0.501574,0.324317,0.905439,0.654871,0.429193,0.747964,0.180188,0.423509,-0.443351,0.787914,0.587141,0.625167,0.751703,0.404724,0.387626,21.093596,1.918694
121.585930,178.074931,133.064747,209.207903,120.123857,238.806203,0.599938,0.802521,0.547126,0.770164,0.753520,0.319895,0.429807,0.594621,0.465657,0.151253,0.540384,0.647685,0.862793,0.115035,0.100433,-0.168876,0.599857,0.917169,0.360286,-0.097830,0.123847,7.721013,7.854381
201.275922,165.231719,179.736789,112.935467,159.793379,148.055656,0.068679,0.641411,0.970820,0.396775,0.132900,0.011121,0.618557,0.407910,0.061650,-0.234611,0.510672,0.490900,0.641351,0.661776,0.737616,0.596432,0.296178,0.752275,0.056336,0.500970,-0.315615,18.083991,91.989121
92.545890,204.756942,166.492374,153.592804,217.257550,111.818899,0.708443,0.491823,0.293287,0.589058,0.119039,0.284168,0.427565,0.830317,0.453539,0.434964,0.104345,0.468201,0.251979,0.800091,0.691174,0.486345,-0.003334,0.378112,0.327790,0.254228,-0.246707,16.478530,5.477527
255.831596,234.801912,156.949928,177.178163,115.750603,146.819216,0.541487,0.069257,0.686468,0.319196,0.872902,0.685918,-0.167153,0.475616,0.213216,0.035902,0.526268,-0.338950,0.628877,0.042740,0.277962,0.629457,0.360974,0.809174,0.400305,-0.088359,0.028027,52.480134,88.015493
148.649039,137.584895,123.148297,152.248692,121.400148,117.210662,0.946948,0.514483,0.619825,0.560452,0.893222,0.886392,0.793639,0.645735,0.526838,0.567337,0.509527,-0.127881,0.466041,0.206812,0.604866,0.465821,0.617998,0.472409,-0.301011,0.585420,0.955275,16.346911,16.089127
307.692901,197.872405,126.980460,287.579574,140.772179,302.798286,0.761273,0.043049,0.980071,0.699414,0.787840,0.688241,0.492889,0.861152,0.511521,0.188073,0.651683,0.684773,0.493257,0.447475,-0.077135,0.285248,0.169519,0.698599,0.196628,0.669649,0.097288,41.993827,1.948261
176.860924,163.329510,83.555350,166.331551,118.442791,152.170206,0.926867,0.945742,0.703794,0.403272,0.646663,0.109084,-0.081738,0.934027,0.678889,0.257890,0.089669,0.666339,0.001702,0.486390,0.627125,0.449830,0.408484,0.458506,0.429817,0.242472,0.416522,3.985341,44.975825
196.965281,162.342322,190.860022,200.775580,167.355970,138.305660,0.418576,0.107525,0.748121,0.592928,0.184570,0.816358,0.560767,0.595566,0.195454,0.159221,-0.317462,0.473743,-0.077030,0.301886,0.626922,0.876728,0.556948,0.905021,-0.332651,0.157272,0.481587,3.171875,4.538010
145.816862,221.289121,153.400062,179.012023,192.783233,190.479972,0.791763,0.548987,0.742347,0.432332,0.501121,0.979556,0.742635,0.048839,0.504031,-0.429932,0.662427,0.494081,0.905968,-0.217310,0.076123,0.842665,0.335864,0.097732,0.203805,0.655034,0.722282,10.444232,10.296780
228.592258,152.932637,169.550239,136.906793,161.250053,181.700730,0.359806,0.126634,0.091028,0.241999,0.836584,0.248061,0.036482,0.469513,0.556176,0.494633,0.856203,0.478474,0.179057,0.112371,0.736964,0.305353,0.229023,0.110097,0.161046,0.540543,0.212946,30.323189,1.738805
165.379577,132.404536,208.818982,171.783786,160.662733,210.231768,0.572040,0.475417,0.909253,0.638437,0.479294,0.813827,0.010010,0.681581,0.772987,0.217356,0.940830,0.762823,0.342369,0.737563,0.504947,0.554710,0.584485,-0.259373,0.286532,0.010153,0.157747,52.707238,9.835252
97.260947,144.537969,165.915959,136.093518,121.009924,164.531909,0.455786,0.880725,0.004680,0.843002,0.813242,0.831947,0.776299,0.547765,0.769926,0.211786,0.667991,0.674387,-0.464884,0.463351,0.680254,0.766545,0.298602,0.519499,-0.161379,0.323499,0.544248,21.257075,2.834529
151.492071,165.528963,168.823132,215.890755,131.456282,83.244232,0.935979,0.454011,0.979549,0.828372,0.813254,0.583553,0.845121,0.896853,0.071903,0.486796,-0.024323,0.435337,0.745811,0.380300,0.332513,0.782884,-0.344802,0.785305,0.188832,0.795866,0.523500,0.801478,22.991413
145.197057,164.097753,114.696707,154.611166,136.747463,145.216168,0.789689,0.917782,0.042530,0.557257,0.054920,0.222191,0.835642,0.701733,0.664355,0.394284,0.605173,0.146485,-0.266206,0.395787,0.702805,0.975965,0.844872,0.430409,0.728515,0.227416,-0.251185,39.605447,3.809875
335.762283,149.368739,229.596735,158.208705,231.944449,150.611094,0.102976,0.362820,0.651736,0.201502,0.760503,0.134096,0.185281,0.381218,0.548219,0.384617,0.551189,-0.007454,0.395343,0.457107,-0.086099,-0.037418,0.474464,0.229595,0.324097,0.516170,-0.110070,33.454685,30.005418
206.853039,140.487611,266.785062,192.404185,159.363249,256.263764,0.974975,0.509053,0.640075,0.516959,0.718147,0.978353,0.413043,-0.106989,0.688965,0.332696,0.619859,0.288821,0.529126,0.129346,0.678077,0.633047,0.828653,0.760880,0.702998,0.293181,0.214709,59.563856,4.977589
109.910949,90.619560,252.617086,192.430904,163.592318,188.837603,0.518541,0.429954,0.615175,0.907789,0.395802,0.160000,0.601782,0.266348,0.900665,0.383415,0.207322,0.525457,0.258420,0.644138,0.458088,0.732707,0.629744,0.590973,0.491405,0.236321,0.832485,5.874402,10.542343
232.789265,126.488405,140.734880,143.028406,135.079010,134.535118,0.871514,0.089759,0.572980,0.388305,0.113278,0.692302,0.604149,0.238186,0.611318,0.924145,0.238657,0.244855,0.273875,0.759464,0.658123,0.551381,0.378332,0.788951,0.582117,0.417980,0.181888,0.101535,2.377663
172.390641,143.618063,131.775694,136.700381,164.584408,96.431302,0.601477,0.221979,0.807041,0.353931,0.853335,0.080246,0.505588,0.122667,0.146390,0.572612,0.452595,0.463567,0.582710,0.399473,0.665312,0.524075,0.298654,-0.533154,-0.113068,0.661888,0.055206,54.753069,8.159107
170.798550,159.657984,155.052626,146.380393,135.999351,172.003212,0.090434,0.444083,0.518095,0.794443,0.198730,0.029651,-0.150620,-0.145355,-0.077196,0.466710,0.729192,0.250403,0.628997,0.742890,0.671170,-0.040356,0.472660,0.095699,0.022283,0.575085,0.845238,0.091079,91.985201
218.114455,151.115859,154.926452,214.618057,203.344586,135.819936,0.974316,0.284084,0.280737,0.553420,0.183318,0.508847,0.463701,0.230062,0.664750,0.344572,0.217826,0.578735,0.477129,0.314273,0.724455,0.088913,0.031923,0.743825,0.578652,0.812352,0.519376,0.463823,5.002595
131.659758,220.560083,138.454563,161.678662,161.843285,132.090493,0.081219,0.734568,0.193965,0.539168,0.748766,0.895204,-0.105630,0.391360,0.686994,0.197069,0.757957,0.007757,0.638549,0.588704,0.745419,0.214772,0.374599,0.411615,0.321266,0.385629,0.943199,0.885928,88.015955
161.052807,201.317515,132.511053,141.882969,134.089300,145.572001,0.506346,0.047641,0.897566,0.335755,0.268974,0.968556,0.605216,0.146239,0.644948,0.140624,0.795189,-0.129793,0.258766,0.693484,0.270188,0.719328,0.668085,0.409676,-0.388081,0.660734,0.020734,25.033203,26.059295
163.420615,282.369674,240.011423,195.695648,219.422115,208.955446,0.015034,0.830465,0.727997,0.763569,0.290013,0.245615,-0.009014,0.933207,0.788309,-0.131771,0.560823,0.057124,0.242302,0.595502,0.433428,0.670164,0.557281,0.004500,0.361698,0.827232,-0.397034,48.763543,53.012774
228.063549,116.696774,167.581373,140.899760,176.449167,189.070473,0.292080,0.213182,0.669323,0.272917,0.207263,0.824942,0.497350,0.675114,0.162209,0.389560,0.616887,0.466811,-0.265224,-0.055881,0.653677,-0.004073,0.614612,0.385547,0.360986,0.879597,0.678796,0.736234,1.988065
163.143443,224.399417,168.708632,160.134339,132.871394,61.477490,0.060002,0.260050,0.736524,0.839190,0.698008,0.810565,0.827828,-0.184409,0.193466,-0.275360,0.901481,0.592843,0.839569,0.536216,0.684500,0.911100,0.560224,0.546522,0.345803,0.291852,0.051843,4.539382,23.842106
209.244087,175.483451,142.985441,103.839316,182.459879,239.184342,0.150706,0.859479,0.254048,0.436209,0.789073,0.949021,0.167724,0.125567,0.532481,0.869728,0.398878,0.294492,0.755754,0.554396,0.529013,0.528906,0.524179,0.314527,-0.006301,0.375043,0.545246,0.719876,38.242828
181.547602,93.867387,188.365103,160.819815,131.011143,161.259083,0.626574,0.523599,0.588493,0.958638,0.632830,0.344319,0.476686,0.853979,0.622503,0.509598,0.307999,0.505166,0.844626,0.241032,0.871504,-0.110756,0.203151,0.502930,0.074056,0.629533,0.670309,32.716192,4.762125
197.664731,170.682398,161.315969,187.379293,192.110761,206.676390,0.978440,0.679464,0.084848,0.938413,0.974601,0.217205,0.800693,0.573333,-0.191858,0.052857,0.597718,-0.520447,0.478410,0.210181,0.746030,-0.072544,0.466179,0.634298,0.538620,0.150341,0.215010,23.700235,29.999443
150.133062,175.865329,166.022857,202.891186,125.745230,93.920785,0.947738,0.385582,0.571626,0.667417,0.386041,0.654406,0.768564,0.800444,-0.641506,0.512277,0.449024,0.681408,0.329893,0.272155,0.408197,0.666014,0.205658,0.803699,0.021377,0.282915,0.527066,15.789945,4.372385
229.886065,182.251507,210.948580,266.536966,200.398500,157.749747,0.464284,0.960709,0.085072,0.564013,0.019108,0.887856,0.676837,0.552184,0.192861,0.249915,0.627116,0.533557,0.726422,0.633538,0.767669,0.548324,0.512722,0.915111,0.624686,0.507231,0.639136,2.973334,10.234423
120.606946,181.661142,225.527111,185.172349,203.598384,211.455364,0.751672,0.149224,0.538624,0.766045,0.347057,0.785192,0.632113,0.645242,0.792150,0.734165,0.134496,0.667950,0.718048,0.648848,0.289179,0.605479,0.698375,0.032163,0.221592,0.831299,0.810218,23.338512,2.962925
147.833146,195.408799,159.746690,212.989490,141.922829,210.585369,0.119564,0.357589,0.411680,0.818504,0.609264,0.498751,0.290928,0.424656,0.619866,0.118223,0.557271,0.639487,-0.392161,0.707814,0.610545,0.313805,0.007526,0.647798,0.714251,0.764975,0.836432,2.893763,5.947960
143.563017,156.710450,299.268978,316.475878,168.752343,244.080073,0.737444,0.168993,0.793052,0.215735,0.544598,0.669600,0.824561,0.669521,0.290021,0.637867,0.852083,0.737035,0.309623,0.170451,0.163676,0.559703,-0.136451,0.054345,0.518504,0.373289,0.588921,1.270605,91.986690
264.923770,213.921881,217.425253,107.206120,209.559772,207.939818,0.132564,0.873000,0.742154,0.984455,0.331892,0.563720,-0.078498,0.288289,0.311352,0.739201,-0.022920,0.672312,0.312086,0.476085,0.157115,0.274719,0.204719,0.566236,0.817256,0.548334,0.738718,7.874988,5.546976
145.132355,157.818422,304.102020,262.800230,157.430751,151.045632,0.197623,0.156081,0.400016,0.678358,0.493548,0.340061,0.133164,0.659705,0.332772,0.278676,0.547841,0.575064,0.591346,-0.097357,0.643882,0.599698,0.014855,0.502424,0.876972,0.361072,0.975875,1.066602,88.013773
145.401961,184.399932,172.706373,157.100769,171.905762,167.833790,0.671180,0.194784,0.732877,0.620556,0.056924,0.090022,0.070795,0.623679,0.812946,0.548509,-0.067535,0.034701,0.550902,0.719105,-0.222516,0.477077,0.478418,0.618770,0.801452,0.457598,0.517307,30.297799,16.121087
134.409341,217.514494,126.054738,195.039903,246.472576,124.450503,0.235942,0.118284,0.974669,0.380797,0.175877,0.742880,0.423928,0.914787,0.709264,0.041176,0.722526,0.553702,0.672014,0.402535,-0.207761,0.337126,0.691725,-0.122814,0.547629,0.519766,0.370559,45.803541,2.621329
151.422479,91.882766,124.758731,133.624178,109.648573,161.925758,0.736591,0.690046,0.842219,0.714842,0.744284,0.077680,0.757012,0.211977,0.582163,0.157288,0.807854,0.171752,0.473934,0.456007,-0.116937,0.308725,0.682143,0.619456,0.685976,0.214144,0.459698,6.944971,44.972254
116.874640,188.237818,137.682893,270.580168,90.044138,183.662552,0.396910,0.066356,0.666496,0.141656,0.479024,0.452707,0.189797,0.227854,0.278609,0.848503,0.505868,0.702261,0.609676,0.132578,-0.258740,0.661714,0.415252,-0.341333,0.343937,0.566978,0.546945,0.003941,3.862013
179.378948,136.501734,174.672368,146.998153,151.764057,142.699639,0.883304,0.036686,0.070218,0.894154,0.136724,0.653977,0.589709,0.605578,0.797888,-0.378641,0.762130,0.405355,0.040176,0.410431,0.245879,0.875076,-0.321544,0.334571,0.587347,0.216021,0.805600,2.633150,10.206715
121.605959,212.301276,134.193767,133.517091,154.187992,166.384909,0.909345,0.228443,0.341657,0.392921,0.848510,0.264116,0.041962,-0.196809,0.638534,0.882620,0.089904,0.597616,0.479143,0.178642,0.475916,0.235068,-0.029444,0.411298,0.630818,0.710952,0.736965,4.281063,3.523276
167.525645,138.874158,158.072777,227.288698,131.346938,106.003952,0.448037,0.408489,0.422331,0.002650,0.678765,0.032803,0.212393,0.404307,0.631877,0.471574,0.767324,0.724196,0.320173,0.329686,0.514103,0.733972,0.646316,0.265018,0.689203,0.967263,0.550918,4.065051,25.848899
131.164641,157.698081,97.903220,190.793669,206.468869,227.183045,0.824624,0.392421,0.860992,0.423746,0.566862,0.442136,0.052264,0.510133,0.496506,0.367188,0.379285,0.065970,0.409022,-0.016550,0.596060,0.779366,0.687974,0.525735,0.804637,0.583566,0.629199,53.944399,53.009639
147.074666,154.290012,209.845609,125.070177,266.488877,172.943509,0.012701,0.098665,0.563084,0.891289,0.672650,0.839294,0.026249,0.533490,0.371622,0.456476,0.701588,0.728235,0.209427,0.579764,0.434541,0.397711,0.787832,0.081179,0.712970,0.775013,-0.182005,38.552575,2.909057
330.494362,186.049296,198.212743,110.814662,119.841654,122.206475,0.171718,0.466862,0.804839,0.992297,0.524122,0.259194,0.387297,0.403632,0.700660,-0.046491,0.430858,0.717632,0.775210,0.926161,0.886055,0.775411,-0.023717,0.267829,0.242530,0.953193,0.667574,56.512523,24.558617
124.880412,218.565744,176.754558,132.951060,189.008604,121.189362,0.318810,0.858169,0.960173,0.764704,0.876330,0.167491,-0.231287,0.521125,-0.441057,0.577287,0.671339,0.916803,0.849096,0.367407,0.449714,0.171253,0.176668,0.726290,0.565975,0.640931,0.743516,6.442122,38.379579
132.736712,112.261862,97.911458,146.825223,186.602268,194.544093,0.752479,0.863129,0.489850,0.798029,0.656230,0.186782,0.198772,0.288284,0.293209,0.358283,0.394788,-0.218261,0.341049,0.380742,0.230915,0.108795,0.647845,0.759508,0.350117,0.053368,0.928849,45.135098,3.985385
270.789071,138.886321,160.711265,186.266601,133.253141,200.040964,0.438626,0.203475,0.486917,0.928016,0.984793,0.595166,0.573071,0.616032,0.938990,0.019462,0.331401,0.787344,0.749738,0.638887,0.803655,0.760173,0.341010,0.914718,0.614862,0.367853,0.300767,2.195905,30.074921
147.272210,183.337074,201.456649,219.437378,133.442555,141.706803,0.236714,0.600130,0.834801,0.469049,0.501096,0.754579,0.611936,0.354287,0.097613,0.622669,0.317145,0.147455,-0.355397,0.156402,0.834845,0.805152,0.262363,0.658977,0.455435,0.094204,0.262451,16.005474,5.242350
174.950082,81.183714,180.883914,272.188995,107.979373,191.083589,0.801167,0.099671,0.042174,0.238037,0.783525,0.477929,0.059319,0.356029,0.178527,0.298830,0.867888,0.252806,0.775762,0.503745,-0.096374,0.004209,-0.064111,0.694742,0.460472,0.695689,0.608161,28.409402,10.052020
126.504538,82.845962,201.008720,142.305026,176.758554,155.031728,0.054539,0.753611,0.808623,0.751708,0.589290,0.257639,0.197020,0.332753,0.408235,0.016117,0.721321,0.561675,0.848950,0.750613,0.632790,-0.267481,0.976927,0.754098,0.171489,0.255393,0.325636,6.623497,3.302984
140.838970,176.464455,286.277540,197.496868,267.805714,188.616244,0.575357,0.945965,0.459781,0.559601,0.300932,0.582483,0.350897,0.421916,0.682779,0.431879,0.964832,0.409160,0.472238,0.785573,0.297493,0.851407,0.567271,0.383541,0.086747,0.720690,0.740941,1.200009,9.991215
169.309456,152.472075,201.720956,161.220433,156.818146,142.547047,0.957869,0.156986,0.664349,0.109818,0.456635,0.890597,-0.004404,0.850146,0.444719,0.872258,0.891037,0.956088,0.313302,0.838662,-0.133671,0.402506,-0.053285,0.332346,0.273055,0.378385,0.230190,7.092098,91.988283
143.808107,175.488541,248.496566,128.873647,189.563662,226.308745,0.768508,0.458875,0.394907,0.163496,0.758274,0.390171,0.532957,-0.259577,0.911188,0.711300,0.015405,0.518552,0.535104,0.225916,0.459542,0.616620,0.936764,0.298659,0.518818,0.093215,0.627955,12.986078,6.181262
139.447592,127.645352,221.749827,213.312748,227.249760,178.492578,0.340053,0.625059,0.019272,0.866929,0.388116,0.697263,0.008842,0.517327,0.429112,0.735917,0.831921,0.586150,0.388609,0.789856,0.461400,0.549019,0.462852,-0.223160,0.932216,-0.051649,0.008333,11.458742,88.021279
192.306715,210.656056,380.380752,106.525276,149.626748,173.010495,0.326769,0.096973,0.160397,0.103575,0.576194,0.560438,-0.003367,0.599217,0.099482,0.243373,0.141641,0.199948,0.540341,0.680795,0.126504,0.726348,0.619012,0.741834,0.730808,0.482637,0.312386,54.181221,16.218632
128.245654,136.244332,222.138210,101.774464,141.746461,127.460578,0.598325,0.324470,0.101903,0.976372,0.612982,0.045585,0.152116,0.511785,-0.076227,0.534638,0.096291,0.329015,0.329011,0.767190,0.593212,-0.444964,0.227509,0.606546,0.315820,0.703112,0.705625,32.640021,2.179389
179.142644,177.948080,144.801222,122.695598,185.389026,214.188841,0.579994,0.197734,0.879456,0.098016,0.765841,0.188829,0.444403,0.146699,-0.386466,0.574801,0.411058,0.658046,0.750092,0.358892,-0.126326,0.592506,0.496194,-0.279078,0.852964,0.687623,0.749687,53.085715,44.980348
154.820549,197.182281,195.393749,138.720978,164.045457,276.312095,0.823912,0.278661,0.260079,0.192940,0.594778,0.934803,0.981965,0.753153,0.179339,0.786081,0.816567,0.868492,0.616863,0.325983,0.683812,-0.030942,0.554401,0.795298,0.264208,0.669173,0.811089,57.102639,5.618998
152.193771,163.830346,246.863755,207.580839,157.727948,161.636225,0.876758,0.373303,0.062386,0.733509,0.937204,0.279776,0.981223,0.538055,0.456368,0.358462,0.054312,-0.218972,-0.060482,-0.247292,0.858022,-0.066031,0.554381,0.344215,-0.051832,0.614677,0.293790,53.344530,6.319569
170.389317,182.425896,219.566470,131.402511,120.902375,122.544634,0.064746,0.637209,0.898739,0.220131,0.176781,0.491960,-0.067323,0.730898,0.142858,0.764838,0.489869,0.915329,0.579401,-0.432857,-0.360467,0.763231,0.588481,0.049012,0.727082,0.800230,0.312226,46.708038,91.986076
146.273074,234.523318,235.192268,103.219368,228.568985,169.784840,0.840509,0.466719,0.442583,0.717190,0.164568,0.855730,0.474513,0.707419,-0.172909,0.816597,0.431787,0.597624,0.549686,0.787834,-0.412991,0.267827,0.186668,0.787000,0.864502,0.566353,-0.116372,52.841194,5.695462
131.392567,116.200799,133.182181,254.835846,133.381276,155.832108,0.218917,0.825045,0.296152,0.036179,0.651784,0.935618,0.674371,0.483333,0.392090,0.657286,-0.237930,0.647650,0.016042,0.478512,0.502268,0.225878,0.086895,0.710627,0.715457,-0.069011,0.708269,57.904175,88.015390
222.160545,293.282110,149.069420,163.380375,330.845640,182.713286,0.862228,0.793079,0.846730,0.140088,0.690218,0.503422,0.720004,0.162324,0.936350,0.679565,0.660054,0.432501,0.077835,0.853144,0.474764,0.464752,0.968746,0.355950,0.703380,0.048142,0.346132,16.774579,25.897875
198.053037,132.661991,167.108386,153.350798,138.375203,163.402423,0.229655,0.830595,0.263881,0.025001,0.367712,0.622030,0.176265,0.439719,0.579172,0.430227,0.399201,0.396356,0.632491,0.377849,0.857789,0.611597,0.292711,0.322889,0.911834,0.025382,0.368530,26.046541,53.008229
135.934408,182.304368,187.921970,170.301583,126.452011,167.620801,0.785917,0.895469,0.733382,0.234002,0.466252,0.196045,-0.284155,0.084974,0.585967,0.813575,0.193229,0.569621,0.571029,0.882808,0.562811,0.387184,0.448791,-0.385466,0.234136,0.870304,0.289617,40.509710,3.686937
155.615661,175.354712,191.498691,175.795586,145.508662,108.128822,0.115637,0.440606,0.545056,0.695918,0.187807,0.122227,0.493857,-0.191417,0.729379,0.151167,0.542777,0.920509,0.266954,0.895127,0.837753,0.515034,0.522377,0.562279,0.694917,0.649315,0.192255,14.158926,23.781303
119.914695,199.576661,233.541342,133.150319,136.974555,292.979195,0.804924,0.742499,0.884917,0.344335,0.560366,0.094796,0.535436,0.689148,0.913325,0.073911,0.288957,0.488547,-0.093947,0.662199,0.104142,0.026987,0.058374,0.367122,0.084525,0.814923,0.616991,52.037607,38.225559
216.774355,169.642447,248.556334,199.200704,135.681322,156.914049,0.212493,0.221003,0.106363,0.770420,0.784473,0.974291,0.651812,0.557908,0.669570,0.786071,0.778154,0.776245,0.537934,-0.250650,0.159122,0.613029,0.273588,0.565930,0.755748,0.521056,0.640129,0.251451,4.974705
158.320137,141.361769,165.442256,142.030855,141.364966,139.866270,0.450737,0.173143,0.841741,0.570647,0.909672,0.597504,0.965661,0.408313,0.817019,0.802385,-0.279532,0.108721,0.324302,0.377418,0.501746,-0.241740,0.454069,0.204957,0.110982,-0.155686,0.441757,7.970218,30.013889
170.384936,234.698708,219.284949,189.087222,177.372045,150.296092,0.970799,0.430679,0.819757,0.484852,0.681645,0.713759,0.877343,0.159111,0.506477,-0.128159,0.423156,0.573941,0.107369,-0.342852,0.467598,0.650857,0.819452,0.448173,0.828197,0.745396,0.265324,37.169519,4.396584
149.704850,199.168741,167.298262,149.113587,123.642397,170.763877,0.549108,0.702292,0.479536,0.645449,0.227549,0.788879,0.518092,0.694647,-0.107881,0.219503,0.499968,-0.118865,0.494971,0.185457,0.187077,0.649764,0.394439,0.470773,0.675964,0.868749,0.803055,49.509090,10.075773
135.478321,177.702674,171.980390,140.756010,153.617940,197.167823,0.180454,0.345259,0.215312,0.190667,0.479243,0.539475,0.380215,0.811800,0.054061,0.235250,-0.077362,0.605406,0.346464,0.716686,0.053590,0.101107,0.577312,0.650458,-0.012239,0.070556,-0.145687,15.187940,2.582738
142.789409,172.411612,165.290857,177.891276,101.329038,137.942517,0.603285,0.291123,0.710254,0.401793,0.797855,0.675347,0.493313,0.019252,0.736746,-0.106930,0.903185,0.236898,0.654457,-0.130678,0.452607,-0.022886,0.191230,-0.020828,0.312138,0.734821,-0.320042,47.251734,6.720832
243.004739,242.299020,161.109644,180.931730,224.065363,211.170584,0.488407,0.414176,0.579419,0.815312,0.128969,0.964742,0.854322,-0.113850,0.845038,0.924432,0.860226,0.181977,-0.029859,0.632007,0.736868,0.165290,0.470137,0.523894,0.501467,0.572563,0.688393,0.042260,91.989628
117.414330,184.931356,165.317264,152.627406,191.984374,189.325974,0.975337,0.822204,0.053538,0.186886,0.503610,0.655934,0.502548,0.387927,-0.075915,0.586406,0.685925,0.487351,0.579086,0.036929,0.838370,0.924619,0.382568,-0.200808,0.136909,0.700598,-0.181581,0.682516,5.834510
167.249328,125.153554,178.822696,187.707139,227.658082,161.609515,0.052288,0.970885,0.098638,0.140941,0.834069,0.143592,0.306319,0.865169,0.454824,0.595030,0.704194,0.678374,0.795892,0.352837,0.281863,-0.299317,0.069996,0.832787,0.868119,0.126626,0.020069,17.256890,88.017323
173.717144,160.597797,218.667557,180.528083,163.590195,120.103666,0.864164,0.187720,0.227681,0.874338,0.117352,0.103803,0.710409,0.172064,0.257964,0.529893,0.249519,0.705668,0.087860,0.623408,0.083206,0.420493,0.222353,0.036373,0.277925,0.559867,0.917006,4.424291,16.005148
213.771544,108.524427,175.589682,211.405720,223.898224,137.727120,0.069234,0.736628,0.231655,0.833332,0.717531,0.545012,0.411758,-0.325834,0.202960,0.249861,-0.093762,0.881123,0.467046,-0.011871,0.115880,-0.024310,0.245227,0.280104,0.586022,0.651904,0.825519,2.085319,3.159716
124.675455,155.212431,143.276256,202.197121,121.082050,228.567349,0.654882,0.440385,0.083963,0.000613,0.640487,0.380603,-0.027304,0.118880,0.037791,0.779405,0.468057,0.780052,-0.217656,0.223990,0.399174,-0.382413,0.467381,0.272716,0.703485,0.539606,0.395255,14.501739,44.985974
154.009730,195.666963,152.172193,215.118009,116.317357,125.396882,0.980743,0.243838,0.112350,0.877892,0.776404,0.622246,0.713499,0.694993,0.816030,0.861542,0.579800,0.501811,-0.669144,0.611533,0.616826,0.049943,0.875475,0.439839,0.314110,0.956536,0.796508,0.940625,5.560240
138.636491,250.993435,186.001024,81.310317,185.090049,113.471480,0.213104,0.681089,0.790268,0.878121,0.458221,0.460057,0.593013,-0.094091,0.723629,-0.017823,-0.032183,0.630343,0.718854,0.547336,0.787539,0.095962,0.861212,0.625108,0.361681,0.530129,0.474404,57.818935,10.474747
123.327062,147.293851,149.038055,110.097538,119.900447,118.143798,0.788621,0.988751,0.587259,0.691468,0.417706,0.422906,-0.061174,0.032355,0.603245,0.785597,0.205370,0.605190,0.833872,0.720984,0.522112,0.245088,0.855874,-0.351965,0.743149,0.162450,0.470105,16.111559,3.046913
100.425478,246.188324,171.541056,143.954544,142.458366,156.134400,0.696799,0.676665,0.943184,0.726042,0.190222,0.819938,0.029064,-0.057570,0.190350,0.274698,0.424059,0.632791,0.750295,0.067712,0.975702,-0.343476,0.337479,0.240344,0.263851,-0.032585,0.648553,7.955948,26.046691
191.269223,152.417519,143.288253,227.651458,206.994059,136.808464,0.336174,0.600419,0.416244,0.532288,0.641198,0.008884,-0.213243,0.087709,0.771336,-0.005136,0.461072,0.249868,0.718802,0.463038,0.394298,-0.067698,0.522932,0.023565,0.375056,0.662886,0.502702,15.212831,53.008783
158.548317,190.691676,238.607342,159.882286,203.456196,128.006011,0.624360,0.234690,0.791786,0.928048,0.259611,0.353461,0.932666,-0.195472,0.582465,0.787135,0.814400,0.713648,0.115679,0.986514,0.836647,0.336470,0.512002,0.207368,0.513059,0.764663,-0.141416,0.001420,2.903688
167.813692,192.977967,146.584689,188.868651,201.265326,284.776622,0.406509,0.619893,0.520673,0.517051,0.237606,0.330874,0.152721,-0.450863,0.455080,0.852278,0.174062,0.091980,0.540048,0.543513,0.632351,0.792627,0.233175,0.515991,0.079592,0.757185,-0.507303,51.163544,24.595200
170.885100,142.609052,175.599756,148.624988,125.837291,211.867263,0.616052,0.230931,0.413423,0.807206,0.688833,0.609303,0.981349,-0.022446,0.719141,0.494905,0.132383,0.160440,0.497258,0.039124,0.837762,0.336126,0.873835,0.631230,0.733239,0.760486,0.074621,2.339520,38.280715
222.874768,147.234704,104.595254,168.873528,192.563894,232.563416,0.412621,0.911008,0.534579,0.029515,0.909601,0.214369,0.683002,0.413541,0.459397,0.266614,0.060606,0.498300,0.886575,-0.321227,0.118414,0.108225,-0.293493,0.538682,0.271527,0.515720,0.163823,2.728352,3.973435
193.855341,159.160181,174.798614,147.785350,100.570766,220.087528,0.174940,0.462053,0.451191,0.099113,0.470589,0.066199,0.672281,0.677731,0.073128,0.847280,0.691287,0.415589,0.573834,0.787761,0.963589,-0.047847,-0.168150,0.323718,0.299447,0.672649,0.455737,0.038651,30.031182
201.651746,184.492440,157.952290,200.094589,215.568007,163.567537,0.455806,0.972447,0.389591,0.399806,0.090044,0.770672,-0.033638,0.782722,0.359171,0.058740,0.799694,0.443690,0.843250,0.540743,0.593311,0.269967,-0.154744,-0.078254,0.478633,0.483437,0.233357,9.465802,5.410767
128.007160,171.488898,194.395062,131.637096,145.880469,215.264390,0.411765,0.225657,0.257168,0.985477,0.305613,0.017452,-0.107073,0.685868,0.395137,0.683552,0.311064,0.276899,0.696120,0.515936,0.822363,0.553553,0.828471,0.141964,0.547059,0.464312,0.809460,10.040686,10.203929
271.024491,149.180600,179.104363,185.886101,155.847732,133.372201,0.021034,0.004821,0.179986,0.969812,0.041919,0.198137,0.618428,0.542771,0.623773,0.248609,0.265702,0.629576,-0.633179,0.950906,0.437264,0.491384,0.475525,0.331534,0.458637,-0.033026,0.648559,45.495831,3.319722
215.339699,203.728980,217.546403,163.165772,323.881431,134.481220,0.246405,0.784000,0.017897,0.607658,0.142585,0.546760,0.266395,0.240120,0.372079,0.799363,0.773642,0.232954,0.773013,0.156664,0.657510,0.551826,0.482836,0.128122,0.287559,0.497514,0.678976,6.675240,6.788415
233.538638,179.324664,143.994753,211.519932,283.365860,148.732380,0.173110,0.223231,0.115731,0.684225,0.266443,0.154418,0.745130,0.421241,-0.081677,-0.242862,0.769170,0.738996,0.237365,0.102017,0.754273,0.166967,0.598008,0.409337,0.328372,-0.186284,0.382883,42.756237,91.992648
170.589079,127.444873,153.283894,174.181485,161.094914,184.830338,0.809025,0.949853,0.632275,0.129905,0.096160,0.151393,0.632083,-0.175833,-0.581289,0.172357,0.704552,0.590394,0.618696,0.530696,0.301875,0.635289,0.147209,0.643313,-0.255661,0.602336,0.283509,25.760044,5.330087
171.352272,121.127817,152.221377,114.025809,141.472962,133.781178,0.039562,0.478357,0.178870,0.754462,0.906816,0.710386,0.489533,0.876376,0.874575,0.854272,0.238745,0.724478,0.560564,0.761941,-0.245313,0.002579,-0.221550,-0.194076,0.152539,0.507611,0.474111,9.337571,88.014762
150.012943,146.963562,276.688233,206.508102,133.969101,221.888169,0.356484,0.278213,0.469180,0.338954,0.646893,0.021516,0.720208,0.419963,0.761711,0.059820,0.380939,0.754111,-0.011620,0.698144,0.507562,0.541463,0.814095,0.573534,0.093420,0.367851,0.111709,58.662950,16.115824
173.718154,223.659846,304.029038,185.093381,155.544624,125.897553,0.309301,0.982221,0.960198,0.558052,0.521949,0.505194,0.221271,0.924650,-0.123270,0.740667,0.425005,0.581490,0.578030,0.465266,0.687876,0.893801,0.259138,0.123523,0.285398,0.216460,0.612413,24.819592,2.911856
128.312575,158.279236,232.982321,176.781434,164.063370,121.848851,0.479945,0.265507,0.661206,0.780210,0.422433,0.509801,0.116029,0.361296,-0.039820,0.160095,0.866800,0.615930,0.539243,0.822359,-0.750996,0.069038,0.819178,0.253899,-0.147458,0.762985,0.359256,19.147203,44.977626
236.415924,222.031483,173.414481,186.342227,182.943147,138.352478,0.855332,0.908476,0.373302,0.301240,0.099697,0.507407,0.086565,0.215767,0.247170,0.722215,0.561416,0.177535,0.421339,0.048827,0.063360,0.072250,0.384111,0.881251,0.965773,0.551519,0.464375,22.353133,4.484284
163.217731,238.091496,118.169528,129.190800,156.240046,138.404632,0.823771,0.815904,0.509615,0.228756,0.539002,0.764761,0.696837,0.923617,0.574572,-0.213222,0.505323,0.398283,0.475282,0.451122,0.551177,0.366704,0.317827,0.403339,0.149921,0.483248,0.160180,46.960480,86.013269
221.469639,146.095781,198.942791,183.412558,200.000126,141.504987,0.276213,0.803001,0.065283,0.348948,0.186893,0.852652,0.412436,0.715052,0.369937,0.620893,0.593720,0.781067,0.652779,0.195106,0.634658,0.889040,0.325696,0.116492,0.302228,-0.496846,0.021423,31.625260,35.781984
101.122141,252.204289,221.395743,116.943963,140.583608,173.696163,0.324637,0.147440,0.532763,0.838505,0.761179,0.753786,0.817498,0.686482,0.432789,0.761083,0.476738,0.391846,0.715842,0.836573,0.395846,0.636862,0.762066,0.433062,0.644549,0.686800,0.665935,5.069494,51.008287
212.061515,145.079527,171.744428,162.106126,271.764975,119.855883,0.454630,0.667909,0.820271,0.956374,0.883355,0.687866,0.695891,0.308685,0.722196,0.682701,0.652090,0.432075,0.430358,0.809730,0.744758,0.423729,0.331561,0.545484,0.528680,0.504047,0.387680,50.973451,74.989505
220.941728,186.426141,162.717274,145.827170,179.225808,147.936600,0.257096,0.627603,0.713874,0.871553,0.620699,0.895651,0.150916,0.636605,0.074674,0.867416,-0.038612,0.760003,0.754177,0.383963,0.426265,0.490111,0.169774,0.109881,-0.325326,0.417703,0.099237,12.175951,19.544009
206.887611,175.169571,171.651244,168.065923,220.904437,169.306832,0.669071,0.126195,0.733852,0.291965,0.653835,0.209071,0.060617,0.269649,0.583285,0.357258,-0.141827,0.472805,0.877827,0.429625,0.496474,0.432478,0.599662,-0.229235,0.752044,0.143323,0.646410,11.116047,10.589431
136.029690,152.744518,179.867206,270.824254,198.693154,240.090641,0.131703,0.703389,0.317598,0.523852,0.844653,0.762589,0.359725,0.509067,0.165363,0.020071,0.614708,0.267202,0.381683,0.134942,0.639356,-0.064962,0.668000,-0.452685,0.466646,0.225887,0.476767,7.024568,3.403157
193.754817,107.579783,133.855353,168.247893,207.154654,150.947404,0.030450,0.653623,0.387864,0.191751,0.233254,0.175452,-0.029468,0.302272,0.382203,-0.175307,0.413796,0.565045,0.487248,0.093330,0.156436,0.011857,0.078676,0.667209,0.643004,0.737876,0.139163,0.056536,22.992142
147.717159,221.450188,146.835424,224.439889,114.944875,201.875512,0.544948,0.047520,0.996895,0.014532,0.675949,0.180693,0.435873,0.089467,0.603078,0.334750,0.626090,0.128577,0.281136,0.082640,0.154487,0.454607,0.655290,0.977856,-0.383785,0.595009,0.790467,1.988185,4.198660
162.957064,185.462912,148.387665,196.800444,139.251015,141.043370,0.845693,0.297547,0.190661,0.408709,0.494912,0.951441,0.202550,0.004832,0.301768,0.476506,0.014696,0.605425,0.254595,0.075563,0.534184,0.567509,0.536700,0.019323,0.206419,0.530187,0.371524,0.110981,30.006829
87.856020,142.001186,112.970660,157.711836,141.911101,169.438672,0.738898,0.239988,0.626119,0.583098,0.772981,0.531553,0.597600,0.849787,0.402702,0.641896,0.273276,0.328900,-0.218003,0.451254,0.750707,0.260323,0.695756,0.368659,0.049855,0.644635,0.648966,5.274967,5.000010
168.862959,110.678567,188.060386,135.900406,221.550646,158.777994,0.951647,0.906447,0.678789,0.045723,0.102939,0.745437,0.041378,0.744331,0.953643,0.207496,0.546147,0.586727,0.188014,0.556940,0.856495,0.544007,0.672892,0.165496,0.716793,0.450769,0.259588,19.174402,11.070974
249.428274,240.525476,122.838385,163.006791,123.809550,148.910891,0.159772,0.108698,0.450988,0.968986,0.504006,0.906961,0.648427,0.565238,0.397582,0.047967,-0.308523,-0.425807,0.583367,0.464360,0.321746,0.808414,0.579595,0.028552,0.778202,0.425356,0.394551,4.014483,3.355697
119.548549,210.839101,225.354605,150.117132,148.547450,151.468359,0.353363,0.812841,0.044011,0.394346,0.367053,0.250853,0.375915,0.682225,0.182447,0.722588,0.473239,0.967297,0.664610,0.542013,0.260614,0.353702,0.561606,0.619768,0.452471,0.355323,0.216333,12.545197,7.860215
217.242691,145.452962,148.576650,345.710394,164.031622,178.650359,0.580837,0.042639,0.732393,0.736493,0.412305,0.266336,0.745355,0.205183,0.694834,0.399475,-0.313345,0.265358,0.473330,0.636028,0.182089,0.505194,0.617083,0.628032,0.527903,0.452326,0.502879,17.329591,91.984570
124.215942,136.203498,214.091314,180.957790,172.884074,212.210866,0.273410,0.188743,0.428110,0.300336,0.027616,0.705479,0.438092,0.256869,-0.019957,0.524680,0.821937,0.179230,0.441226,0.452255,0.051013,0.571790,0.091113,-0.028757,0.462240,0.407142,0.333979,27.585487,4.704416
170.749479,124.412020,274.194218,209.353609,168.992832,198.986917,0.641056,0.111289,0.617428,0.856029,0.097074,0.657945,0.814992,0.070567,0.653116,0.733770,0.899759,0.568716,0.883449,0.940641,0.749748,0.195349,0.157348,0.503881,0.284531,0.536538,0.213795,9.263163,88.018645
185.333236,226.974999,118.265000,141.303966,116.208860,128.374140,0.047388,0.770410,0.492859,0.556384,0.165225,0.395440,0.542126,0.274878,0.539914,0.868092,0.530346,0.405468,0.217988,0.148528,0.476419,0.836034,0.465975,0.690772,0.744244,-0.057839,0.264181,1.690414,25.981098
181.613188,90.143515,230.344245,130.235557,151.833107,203.602301,0.573381,0.806369,0.786734,0.320499,0.152797,0.044134,0.755617,-0.006841,-0.040326,-0.149535,0.639218,0.123967,0.106836,0.767434,-0.295364,0.012915,0.457137,-0.254388,0.948212,0.338759,-0.034323,10.595086,53.009209
172.806537,132.096169,212.081303,111.217774,189.607965,131.286547,0.808805,0.733129,0.961090,0.589896,0.901395,0.951643,-0.101440,0.651576,0.442827,0.469223,0.150650,0.454044,0.500270,0.456019,0.734122,0.368560,0.461055,0.565269,0.701569,0.058865,0.920199,2.708181,2.980702
143.225091,133.237108,139.911797,197.614755,184.072384,179.743601,0.059363,0.854409,0.656501,0.647784,0.197282,0.099337,0.811585,0.321035,-0.177656,0.311518,0.405791,0.767466,0.521169,0.639074,0.120896,0.868634,-0.368596,0.878950,0.671205,-0.301421,0.140788,22.564481,23.981969
166.459192,191.578104,143.835892,80.532389,241.012389,139.365633,0.341259,0.240316,0.180729,0.612748,0.008927,0.646770,0.229085,0.564989,0.623077,0.426232,0.822450,0.220569,0.900117,0.701766,0.737340,0.609511,0.597502,0.764816,-0.090433,0.359898,-0.228042,0.601863,38.288562
136.206080,155.978608,146.377995,88.828194,101.421427,132.028419,0.681971,0.905960,0.397812,0.865138,0.325926,0.199968,-0.180386,-0.074427,0.875478,0.549081,0.420520,0.036785,0.403322,0.179586,0.276476,0.557195,0.578496,0.488990,0.811072,-0.453940,0.590068,15.687895,3.632175
98.799654,122.270511,143.627348,137.310634,178.854556,201.298876,0.896724,0.646448,0.304216,0.455085,0.426168,0.497246,0.209539,-0.649824,0.484253,0.095514,0.935598,0.583843,0.298417,0.859313,0.109373,0.590313,0.860163,-0.311561,0.637895,0.840648,0.900761,0.000720,29.990351
168.814128,130.782636,219.895189,192.533900,269.468219,95.921373,0.569239,0.482075,0.438910,0.601196,0.862836,0.481321,0.388037,0.692794,-0.050324,0.647577,0.627395,0.104733,0.324111,0.484031,0.166267,-0.283382,0.687445,0.802298,0.575215,0.560326,0.052691,1.798054,4.906102
149.889075,209.706726,161.194272,141.881989,242.204658,118.975926,0.029145,0.365812,0.019183,0.205120,0.433322,0.445249,0.565496,0.856359,0.781503,0.413688,0.267945,0.441057,0.739671,0.667295,-0.013853,0.212621,0.243654,-0.087854,0.543445,0.010377,0.521909,1.401939,10.458433
179.185890,176.533328,163.510522,172.617732,134.855172,126.173382,0.697448,0.862608,0.742484,0.567145,0.521984,0.666763,-0.071899,0.692764,0.489353,0.273963,0.484573,0.342126,0.391822,0.676714,0.888347,0.579634,-0.071364,0.229648,0.395183,0.938697,0.676897,0.047485,2.343778
129.072363,136.698651,217.598647,206.089827,157.652986,169.760278,0.919595,0.602680,0.564571,0.879307,0.352969,0.832536,0.558932,0.364912,0.107511,-0.164211,0.102285,-0.170074,0.805349,0.687609,0.797225,0.257937,0.367835,-0.021979,0.332444,0.515549,0.608173,40.067062,7.942930
169.154431,189.132979,220.301075,176.134227,84.228215,130.669874,0.220158,0.480754,0.627751,0.881191,0.385635,0.196171,0.650402,0.162985,0.387675,-0.089523,0.854401,-0.181020,-0.148230,0.264722,0.072291,0.774039,0.677537,0.629083,0.237858,0.853270,0.452719,30.393391,91.990843
248.840156,102.737864,189.905306,178.189281,192.442666,261.021093,0.541337,0.233812,0.152904,0.319294,0.416488,0.689721,0.625663,-0.037485,0.337909,0.906809,0.231962,0.232821,0.368894,0.710932,0.598862,0.535171,0.095767,0.210955,0.055665,-0.019649,0.575390,3.057159,6.382597
122.046278,162.505428,217.146295,198.759814,163.054971,203.151560,0.856844,0.586619,0.703347,0.338246,0.954419,0.113169,0.261899,0.807848,0.460182,0.193898,0.570471,0.063982,0.020040,0.825138,0.820757,0.800315,0.737769,0.107675,-0.660711,0.794142,-0.264887,41.174193,88.016340
169.717555,139.978732,267.126559,131.137088,180.860146,162.494681,0.508376,0.339442,0.112169,0.124157,0.066787,0.794094,0.702615,0.664804,0.788291,0.206574,-0.038864,-0.225538,-0.013071,0.748181,0.130979,0.855427,0.507882,0.575680,0.369188,0.826163,0.820645,58.675027,16.011865
270.104347,240.325054,174.301625,171.418702,128.270087,191.226981,0.539080,0.755493,0.960193,0.444439,0.755342,0.306657,0.168823,0.803138,0.974109,0.336901,0.689959,0.614698,0.818944,-0.303764,0.891542,0.956860,0.234271,0.244397,-0.142556,0.844251,0.684307,0.375808,3.036908
243.673971,156.545719,171.644677,129.302525,113.708976,181.828495,0.575485,0.689821,0.941825,0.474162,0.691154,0.179005,0.540875,0.441828,0.553080,0.537484,0.696473,0.722361,0.796274,0.545688,0.751950,0.353159,0.561218,0.085114,0.495915,0.856199,0.592592,0.006652,45.017209
172.692738,202.833015,126.788491,217.630273,194.749747,168.268737,0.319185,0.072018,0.093655,0.524647,0.152433,0.520631,0.122281,0.571945,0.088254,-0.043449,0.980043,0.213925,-0.614553,-0.135494,0.666973,0.228059,-0.120197,0.550578,0.565633,0.286354,-0.104778,1.120617,5.064211
178.174979,141.051776,144.383355,111.345737,171.118006,106.450179,0.712177,0.069699,0.121040,0.654498,0.956260,0.037842,0.509774,0.720781,0.564272,0.176976,0.454016,0.662841,0.525682,0.595904,0.778448,0.394799,0.615323,0.673944,0.734368,0.796484,0.345730,39.210021,11.207326
142.173788,178.073039,194.051553,205.095321,141.032156,118.040955,0.520377,0.584161,0.355851,0.572161,0.594001,0.975064,0.698002,0.649716,0.784205,0.249221,0.706087,0.813261,0.295915,0.788542,0.419621,0.574803,0.675132,0.423598,0.008718,0.818917,0.807543,38.283459,2.533031
241.402299,229.739164,202.168127,208.479713,153.012418,138.187740,0.958023,0.750146,0.665148,0.235759,0.244111,0.023816,0.808370,0.469177,0.936911,0.600397,0.483370,0.636648,0.220194,0.374350,0.598829,-0.416444,0.779283,0.310665,0.400353,0.753906,0.954945,4.644034,4.039684
181.181158,163.361986,287.992543,174.693670,223.922686,224.885766,0.572455,0.515661,0.308429,0.033196,0.846458,0.807547,0.706782,0.867842,-0.211073,-0.249582,0.515756,0.457870,0.868173,0.686524,0.989291,0.498183,0.462254,0.455884,0.184391,0.739823,0.421313,0.408979,61.985960
123.614152,173.053421,187.942617,166.178725,179.579507,163.445081,0.871723,0.849890,0.987148,0.369846,0.106440,0.447986,0.513165,0.693537,-0.407259,0.824931,0.859340,0.126117,0.289799,0.474496,0.677753,-0.037145,0.664043,0.572480,0.255526,0.269687,0.377869,6.112230,6.804572
167.821841,129.572328,122.860030,156.437699,158.716603,133.507284,0.196414,0.889074,0.789461,0.029365,0.492792,0.365928,-0.130438,0.623550,0.244085,0.305849,0.791988,0.477291,0.127723,0.399033,-0.104209,0.699706,0.725289,-0.171838,0.489021,-0.266603,-0.428010,2.692920,86.014741
167.131498,151.908364,154.416368,211.021257,145.322039,175.186541,0.382578,0.850999,0.006534,0.782924,0.254608,0.203905,-0.280977,0.528808,0.512846,-0.187115,0.478538,0.701005,0.175338,-0.335354,0.462504,0.711735,0.773421,0.244916,0.653490,0.852092,0.717588,1.842934,35.820639
141.888886,147.741385,122.116583,124.135404,196.768903,206.127218,0.749249,0.124805,0.376277,0.544903,0.484941,0.284475,0.242260,-0.168179,0.436698,0.077698,0.590423,0.536587,0.119251,0.599223,0.627693,-0.325528,0.469999,0.392571,0.407432,0.444121,0.181112,20.545585,50.994136
132.369677,193.875394,193.423864,278.765494,116.625135,184.592896,0.291300,0.654002,0.539562,0.218452,0.312911,0.892211,0.748287,0.553744,0.326166,0.252324,0.692282,0.157562,0.663674,0.874028,0.101185,0.521666,0.150718,0.346011,0.818967,0.508252,-0.089167,15.045342,74.990573
129.124423,135.330944,175.997036,169.477816,127.585534,195.126414,0.572281,0.448172,0.449594,0.603383,0.898064,0.795032,0.573937,0.727372,0.859941,0.831855,0.302871,0.095145,0.103928,0.787107,0.804535,0.665918,0.593740,0.644815,0.267987,0.868681,0.554245,11.833571,19.251523
169.031894,219.998969,104.737401,158.733817,243.643120,210.816349,0.039333,0.086605,0.175378,0.681470,0.998614,0.920125,0.771361,0.793686,0.741716,0.168452,0.325909,-0.178125,0.758068,0.671508,0.428330,0.816171,0.662153,0.528562,0.379284,-0.105984,0.403933,42.435159,10.654417
202.305713,205.024383,145.437145,173.043113,147.695790,111.979635,0.679926,0.133932,0.322449,0.116554,0.914917,0.765746,0.703902,0.505493,0.066730,0.479484,0.853619,0.429916,0.665674,0.649676,0.852422,0.437451,0.783785,0.784575,0.600243,0.337252,0.704995,22.117595,3.238666
176.872883,158.278077,164.834473,126.516178,138.200712,199.883559,0.386363,0.092459,0.122749,0.349447,0.084473,0.553598,0.945774,0.362971,0.453325,0.523332,0.774600,0.799391,0.477204,0.486610,0.648587,-0.096246,0.860228,0.212855,0.166429,0.481967,0.525502,40.996421,23.024102
132.164887,280.811691,191.835000,204.373546,121.477355,93.056564,0.058140,0.352298,0.107297,0.687428,0.017079,0.464769,0.759407,0.889671,0.571887,0.428217,0.583102,0.277888,0.396645,0.598293,0.597838,0.344145,0.630323,0.225940,0.690690,-0.105676,0.589258,29.990209,5.577141
324.409232,144.903812,139.164675,233.102462,174.246686,174.135662,0.482789,0.884890,0.292468,0.666471,0.557293,0.825485,-0.043055,0.508074,0.427854,-0.186282,0.562701,0.400120,0.474297,0.820382,0.569855,0.713130,0.772945,-0.101827,0.228464,0.587945,0.436046,16.196655,29.984725
163.699291,201.480840,194.644608,132.691507,173.494206,146.409157,0.991363,0.755320,0.776847,0.601893,0.084980,0.050022,0.267202,-0.333428,0.538759,0.641453,0.450602,0.017909,0.515461,0.497473,0.014491,0.222872,0.587794,0.328853,0.434352,-0.290678,0.432462,0.626499,5.212970
129.115846,145.765661,173.484369,133.100546,185.100931,183.663451,0.182392,0.564062,0.952772,0.033082,0.868482,0.627500,0.839894,0.584053,0.338350,0.519830,0.259049,0.649190,-0.294415,0.443835,0.135169,0.527680,0.074492,0.211379,0.661298,0.587572,0.741373,3.592265,10.350328
172.303633,284.351810,146.688360,187.305004,114.519523,173.790517,0.901435,0.210868,0.570982,0.716706,0.162428,0.252515,-0.252318,-0.330086,0.850831,0.568466,0.718239,0.790952,0.511485,0.281596,0.541405,-0.029818,0.442952,0.182410,0.984253,0.627193,0.762110,15.142338,2.530401
304.352255,206.989683,152.297243,159.369034,188.901188,155.807459,0.266253,0.847061,0.775382,0.405866,0.400175,0.805636,-0.162986,-0.434227,0.876922,0.494988,0.006216,0.400108,0.371605,0.132897,0.542413,0.787581,-0.331050,0.649253,0.241411,0.095261,0.727843,2.016257,8.644307
107.462031,138.566758,129.943784,166.561383,251.192836,123.191833,0.570307,0.141553,0.747920,0.391874,0.827860,0.312709,0.641347,0.645175,0.889211,0.694031,0.744718,0.776076,0.204977,0.526527,-0.067634,0.798297,0.214252,0.535451,0.726006,0.280179,-0.024685,21.887229,91.986690
136.183496,209.032265,104.343972,138.391098,187.594292,175.703219,0.835239,0.504761,0.553777,0.403687,0.401173,0.236298,0.047073,0.147932,-0.029142,0.182890,-0.116899,0.206142,0.728018,-0.272838,0.796153,-0.166192,0.281416,0.516915,0.532057,0.608684,-0.167244,3.083859,5.721701
165.871395,187.383770,170.730414,148.769421,248.265434,255.825194,0.483173,0.142301,0.053301,0.988123,0.355455,0.826768,0.365955,0.194660,0.385232,0.581850,0.637870,0.344133,0.330090,0.851689,0.625144,0.689753,-0.088414,0.826391,0.845702,0.429184,0.352404,13.879250,88.018670
130.399185,175.722911,163.757226,171.696314,153.722212,118.425455,0.202429,0.144218,0.793157,0.241473,0.508266,0.717236,0.649400,0.938897,0.954948,0.539507,0.762808,0.029420,0.233277,0.552613,0.024745,0.384583,0.197985,0.362742,0.549740,0.306694,-0.340181,58.846752,26.134395
146.219406,182.438799,112.634272,121.490121,160.060616,134.027441,0.752078,0.641570,0.601679,0.319309,0.408965,0.810562,0.458829,0.327112,0.611467,0.528468,0.375756,0.172775,0.272528,0.776336,0.047410,0.234112,0.341329,0.779762,0.739280,0.628072,0.808550,33.014747,53.013401
199.324593,231.684515,191.699696,122.674339,148.416800,162.222562,0.667411,0.159515,0.673811,0.439420,0.613601,0.063523,0.430504,0.300063,0.107139,0.392792,-0.157338,0.665370,0.145755,0.441531,-0.135510,0.193137,0.655748,0.145272,0.462144,0.211211,0.140314,53.378889,1.869346
196.979721,183.943724,137.490644,135.193070,136.847639,246.568566,0.908848,0.864473,0.686602,0.029671,0.439414,0.234866,0.041635,0.508515,0.061567,0.162373,0.317818,0.087131,-0.153299,0.452599,-0.617498,0.813272,0.105423,0.252247,-0.012353,0.652813,0.682771,1.279991,24.030455
162.806646,144.850699,221.679648,166.038059,241.942458,121.206918,0.765258,0.353136,0.367483,0.264637,0.971169,0.241288,0.104197,0.686804,0.505035,-0.138321,0.135422,0.728261,0.607613,0.778889,0.736775,0.370298,0.814005,0.407205,0.344611,0.420796,0.643743,16.910628,38.213966
200.794591,175.266289,132.572877,129.011972,108.345543,160.881042,0.108100,0.672027,0.729448,0.820936,0.397052,0.969571,0.819839,0.806393,0.228458,0.119559,0.845138,0.517905,0.242915,0.320409,0.510840,0.433803,0.612259,0.663582,-0.348803,0.547556,0.584559,1.478796,3.914924
94.460149,140.035045,183.231842,124.136554,123.214040,102.131923,0.893326,0.558122,0.874031,0.248097,0.320190,0.400316,0.567307,0.206647,0.825187,0.580254,0.013142,0.414100,0.802821,0.459139,0.557954,0.844022,0.662131,-0.215829,0.248438,0.417131,0.279872,34.493447,30.009984
136.221000,161.332469,163.274036,172.159016,123.661360,244.080408,0.057906,0.623888,0.062327,0.411928,0.283092,0.550080,0.069973,0.913656,0.233614,0.872549,0.705938,0.717444,0.773401,0.206583,0.521963,0.741122,0.426472,0.587100,0.435965,0.140077,0.733036,38.008979,4.644899
207.205073,223.288597,162.252691,148.977658,142.696782,99.184582,0.630574,0.506753,0.052623,0.881073,0.004146,0.559005,0.390922,0.223958,0.769316,0.414042,0.292215,0.827851,0.130253,0.765379,0.511827,0.574703,0.476889,0.029377,0.448424,0.411433,0.080222,56.516713,10.432695
147.954471,154.879648,187.931654,172.134353,156.218266,183.516001,0.815805,0.250528,0.212073,0.768555,0.437797,0.323818,0.162882,0.416524,0.300453,0.852821,0.438785,-0.295460,0.462487,0.273193,0.342032,0.063826,0.677392,0.015631,0.214624,0.243010,0.661866,5.878405,2.863709
106.045634,156.295918,169.662281,190.019503,206.774057,148.806041,0.957744,0.676278,0.120949,0.524757,0.398560,0.909589,0.039532,0.368011,0.532054,0.446545,0.914349,0.304402,0.548666,0.426015,0.866235,0.651034,0.689290,0.556110,0.728519,0.452968,0.859268,28.923804,5.983471
131.514448,161.929180,148.660113,100.168652,115.224420,175.600259,0.117930,0.150800,0.449989,0.875350,0.369039,0.781467,0.810342,0.597795,-0.263584,0.967817,0.438077,0.743456,0.692504,0.176194,-0.306343,0.553805,0.686148,0.649350,-0.087293,0.977606,0.528165,35.432159,91.984015
122.463119,170.802513,116.769353,155.742064,265.115219,190.540311,0.347203,0.280848,0.663227,0.980083,0.676424,0.424879,0.502962,0.788283,0.261063,0.067853,0.735651,-0.044099,0.897420,0.792113,0.853039,0.108044,0.539353,0.603803,0.467479,0.664237,0.373026,6.590518,4.713382
128.613990,141.578031,213.208426,158.685998,196.510712,173.809041,0.428994,0.225448,0.981761,0.903362,0.182315,0.373022,0.969773,0.816340,0.368358,0.703905,0.600435,0.540470,0.503468,0.368002,0.663783,0.537523,0.499340,0.763301,0.284736,0.674733,0.569559,51.721638,88.014081
192.502992,111.334330,133.915667,237.471236,124.954836,152.509151,0.284392,0.417368,0.508147,0.696313,0.164425,0.737711,-0.029591,0.747909,0.253707,0.033304,0.581758,0.506021,0.520177,0.550624,0.660216,-0.120879,0.630124,0.611665,0.842492,0.502920,0.253206,2.987450,16.110735
184.057840,139.021712,132.558988,213.639124,168.077381,167.897147,0.524947,0.851989,0.424780,0.126267,0.977267,0.191224,-0.448144,0.770043,0.357611,-0.022105,0.661923,0.387546,0.613480,0.726396,0.754983,0.547694,0.798408,0.653243,0.430630,0.592325,0.253719,52.217232,1.787897
153.587817,122.479004,187.047233,180.135878,196.308858,181.662139,0.384607,0.383611,0.630821,0.753262,0.995736,0.723921,-0.108281,0.549386,0.728893,0.442814,0.537347,-0.275862,0.760527,0.490570,-0.018606,0.613863,0.285577,0.084647,0.680213,0.673467,-0.043821,0.749094,44.981002
156.625004,144.231361,324.302251,226.501141,164.760105,191.488651,0.344022,0.827252,0.222095,0.309105,0.493579,0.672226,0.569121,0.406924,-0.005774,0.116653,0.281128,0.110106,0.461319,0.294979,0.526085,0.688933,0.636532,0.720334,0.494062,0.784167,0.329835,19.315429,5.204961
135.341548,167.792509,164.963574,117.123598,205.278151,183.544664,0.663841,0.009174,0.204958,0.879967,0.655122,0.909657,0.538091,0.722578,0.881924,0.502103,0.746234,0.652090,0.532764,-0.376261,0.936934,0.712233,0.076040,0.013137,0.443721,0.388763,0.893018,0.296743,10.401328
87.303192,186.924568,128.143830,147.511691,121.873335,252.627421,0.676659,0.564628,0.514102,0.602212,0.289600,0.233476,0.653161,0.841026,0.443180,0.633256,0.393336,0.835331,0.840087,0.147796,0.548124,0.533036,0.403281,0.668491,0.677726,0.378383,0.673837,0.493350,2.104706
236.780296,135.243582,201.728660,145.685577,173.240273,185.871494,0.019714,0.134394,0.992426,0.484505,0.542355,0.403817,0.440356,0.560547,0.833696,0.761881,0.903448,0.457160,0.558658,0.314223,0.349372,0.163306,0.583829,0.793534,-0.411805,0.543006,0.436862,8.671606,3.249099
232.354982,162.800666,152.013785,157.957721,189.442046,135.358575,0.016923,0.625223,0.831523,0.113498,0.938083,0.360357,0.158234,0.650834,-0.045612,0.694890,0.711714,0.366164,0.764105,0.187891,0.560803,0.495620,0.146539,0.326518,0.433738,0.513369,0.212935,56.329684,16.100168
173.118215,135.902036,182.711981,141.077165,192.113513,143.473466,0.412787,0.622509,0.495521,0.319207,0.903833,0.426115,0.884522,0.463235,-0.237979,0.652152,0.914249,0.655416,0.499524,0.515572,0.589736,0.408313,0.307340,0.486235,0.486342,0.271485,0.244013,1.897670,1.898210
219.251228,168.377011,145.916308,151.007019,182.008937,208.726937,0.918278,0.839640,0.311065,0.679093,0.995461,0.433388,0.056754,0.350890,0.375772,0.115220,-0.192971,0.648092,0.393395,0.583325,0.684078,0.726072,0.327918,0.189100,-0.026177,0.666147,0.578532,4.959304,44.981337
162.917070,155.012274,253.999866,167.785952,194.638336,142.699476,0.383886,0.874437,0.552932,0.063624,0.327695,0.728906,0.473383,0.490503,0.206467,0.095811,0.544145,0.308604,0.096943,0.469425,-0.208930,0.425756,0.938205,0.368457,0.638207,0.540878,0.640881,6.492816,4.332889
156.384832,160.732002,188.280345,153.533678,96.309801,99.709974,0.548208,0.780281,0.455160,0.306413,0.725124,0.527161,-0.132499,0.128413,0.437552,0.522448,0.111821,0.649400,0.711079,0.311088,0.695181,0.721569,0.691895,0.027041,0.448898,-0.111996,0.699541,45.133276,10.466659
179.487465,182.734656,148.873253,137.226450,120.007767,125.707804,0.462911,0.061910,0.246361,0.947819,0.644405,0.934522,0.344552,0.059953,0.279017,0.583669,0.429843,0.557059,0.791365,0.414462,0.901618,0.747854,0.411297,0.091674,0.467797,0.921351,0.255681,0.112576,3.108191
158.216514,188.295888,148.188838,141.345162,269.092465,127.670525,0.183611,0.101760,0.326195,0.594591,0.665840,0.672327,0.807579,0.441784,-0.104542,0.804132,0.268641,0.518477,0.851088,0.697611,0.559955,0.543101,0.439912,0.688102,0.897658,-0.146354,0.813256,15.248848,3.098862
211.309248,185.909562,159.032920,197.358386,128.731155,136.542181,0.404892,0.641095,0.576395,0.002331,0.688664,0.786312,0.351981,0.449307,0.977442,0.630162,0.823533,-0.018262,0.916619,-0.177768,-0.164627,0.809393,0.037549,0.987550,0.282991,0.536825,0.646237,18.267642,61.990342
120.808677,153.276694,168.231950,89.424080,459.989885,122.348315,0.885192,0.218503,0.801709,0.551941,0.906509,0.876422,0.490455,0.265539,0.421497,0.272676,0.568927,0.865733,0.398596,0.644374,0.464990,0.115087,0.423662,0.360209,0.707233,0.376975,0.640542,6.296234,6.125041
98.301475,112.572983,239.439312,131.433995,204.390373,150.255281,0.693768,0.941073,0.103008,0.623663,0.215897,0.062738,0.660343,0.298835,0.343617,0.239717,-0.238678,-0.040079,0.410087,0.503335,0.308092,0.515155,0.096731,0.588936,0.489058,0.579213,0.574669,29.233381,86.017824
194.240547,128.704009,112.952827,157.529705,203.047877,193.824941,0.904558,0.792152,0.748639,0.318243,0.405565,0.525009,0.717197,0.316255,0.279011,0.206238,0.002026,0.433560,0.103466,0.295769,0.690209,0.241519,0.279028,0.679649,0.720235,0.642542,0.734884,6.889719,35.818240
205.633072,225.699347,174.126960,115.586105,161.278492,170.262299,0.616624,0.952082,0.631538,0.217061,0.102852,0.163592,0.573842,0.933948,0.230598,0.123556,0.681444,0.130170,0.225848,0.011934,0.461575,-0.117733,0.283409,0.174906,0.294617,0.467001,0.162328,25.680680,51.009723
186.583288,159.094507,231.626293,136.338767,201.510663,142.811516,0.761545,0.832160,0.729113,0.727939,0.517665,0.516916,0.522538,-0.125826,0.667711,0.409247,0.473548,0.046690,0.181439,0.970078,0.242853,0.135610,-0.143399,0.587204,0.761016,0.269704,0.551031,9.703760,74.988600
97.032236,89.909458,151.808856,182.299934,152.330934,208.921351,0.736353,0.048210,0.352321,0.096937,0.660038,0.898216,0.655610,0.623525,0.291083,-0.147587,0.471620,0.339859,0.182248,0.151407,0.958739,0.175179,0.732432,0.581126,0.379900,0.017477,0.760289,3.666792,19.336680
150.508387,179.450775,164.931119,131.633840,217.726822,121.543464,0.086772,0.043387,0.484736,0.489373,0.128913,0.856246,0.811823,0.637688,0.350011,0.527932,0.472236,0.826306,-0.037098,-0.240686,0.344392,0.555135,-0.129375,0.847684,0.785441,0.171393,0.383327,14.913185,9.828696
146.708916,103.965369,172.735991,202.202614,169.134836,125.507119,0.625292,0.759732,0.629968,0.878543,0.445851,0.492112,-0.186620,0.144648,0.823080,0.544736,0.715140,0.469251,-0.463545,0.394061,0.712971,0.764728,0.809279,0.372349,0.123372,0.035337,0.937297,0.961401,3.460446
113.763138,163.240436,168.869999,192.000205,161.551614,121.421366,0.020208,0.293861,0.991474,0.988746,0.606811,0.747267,0.539205,0.351013,-0.238750,0.278478,0.420158,0.248337,0.420343,0.701067,0.487834,0.473052,0.209582,0.537341,0.904731,-0.195969,0.698259,16.416026,22.999195
109.832669,247.034793,125.195462,168.118785,165.125002,265.875514,0.337065,0.446573,0.035014,0.680547,0.690344,0.767712,0.592174,0.757791,0.608188,0.836186,0.500129,0.603350,0.562457,-0.119627,0.540996,0.792482,-0.008289,0.649245,0.542437,0.886436,0.492341,24.710665,5.070211
167.703345,130.146008,136.675974,181.090523,220.850362,197.829944,0.619277,0.924622,0.471574,0.763340,0.084358,0.824257,0.390770,0.610263,0.520204,0.570673,0.513622,0.091304,0.865631,0.772654,0.596707,0.330067,0.749548,0.259858,0.061346,0.597345,0.178413,55.286766,29.989158
150.845957,173.581351,206.004755,162.121881,289.979894,232.196554,0.081297,0.179476,0.413655,0.022659,0.846941,0.775240,0.336687,0.886495,-0.379270,0.583327,0.062258,0.917436,0.225182,0.156109,-0.210336,0.217532,0.537360,0.127128,0.138474,0.443680,0.522570,35.938810,4.977212
136.288703,197.188871,225.139208,184.398916,128.576065,186.569882,0.700067,0.148087,0.995918,0.212439,0.875915,0.805642,0.848211,0.447312,0.164612,0.900315,0.652042,0.486752,0.458562,0.822967,0.358482,0.419633,0.350743,-0.024665,0.770648,0.006688,0.569392,41.326116,10.827865
172.543079,208.424545,224.861537,137.683423,170.796050,114.025520,0.002318,0.876725,0.413673,0.632172,0.031739,0.138333,0.637518,0.890820,0.510683,0.076420,0.822503,0.770303,0.690861,0.690624,0.147000,0.368305,0.417130,0.191666,0.217210,0.458391,0.267168,1.269177,2.314783
116.478156,130.873173,171.723001,216.915761,192.691764,150.049917,0.411711,0.270650,0.056910,0.604329,0.318417,0.448627,0.149748,0.912157,0.149786,0.270953,0.331782,0.371393,0.188048,0.721600,0.888293,0.296757,0.497581,0.512440,0.853876,0.486553,0.317359,17.475384,88.019669
99.284387,154.744138,132.392822,146.388754,96.492256,167.947125,0.325854,0.927773,0.748932,0.132830,0.472298,0.659968,0.118604,-0.187002,-0.090714,0.488874,0.483572,0.695088,0.453177,0.300002,0.671826,0.588488,0.714734,0.789829,-0.084671,0.873432,0.463359,50.148447,16.040844
173.316881,115.447368,162.347358,153.478728,138.925587,150.933900,0.875443,0.433105,0.883424,0.382051,0.461929,0.228241,0.273975,0.759047,0.857720,0.427020,0.681373,0.882249,0.656348,0.023682,0.149827,0.354049,0.038746,0.890993,0.138632,0.666736,0.790859,0.174591,2.612361
133.032567,127.925587,187.755532,100.296828,167.409391,200.133239,0.643964,0.862182,0.227687,0.398751,0.838659,0.026181,0.303659,0.172713,0.434181,0.560039,0.725409,0.808353,0.503693,0.407084,0.676216,-0.095831,0.981238,0.695472,0.789638,0.418111,0.809904,10.374488,44.980075
244.679172,77.564754,136.518457,144.588452,130.035154,173.940691,0.697755,0.810805,0.828761,0.448572,0.834036,0.285082,0.746123,0.059696,-0.347664,0.280935,0.618037,0.294575,0.730119,0.280976,-0.317350,0.781462,0.243713,0.571871,0.441324,0.701815,0.418923,50.772695,4.292677
162.215787,142.856515,204.399046,144.081025,140.406916,209.793186,0.454026,0.515956,0.608920,0.146235,0.788891,0.368181,0.378702,0.689130,0.134038,0.661528,0.928555,0.949879,-0.219830,0.710426,-0.236212,0.644412,-0.496751,0.309168,-0.281246,-0.087643,0.573926,8.079951,10.759130
247.033228,252.739812,192.115360,164.903421,166.798504,181.660742,0.420654,0.841444,0.420001,0.683495,0.166045,0.228069,0.811525,0.643348,0.477031,0.586057,0.386370,0.827334,0.115290,0.419630,0.245905,0.323133,0.299306,0.847143,0.450979,0.606065,0.599529,10.590840,4.471712
118.047806,123.902273,156.317177,208.218790,178.671549,153.826651,0.780556,0.551429,0.147857,0.335544,0.901717,0.491266,0.443969,0.491045,0.872092,0.326389,0.572322,0.642713,0.788702,0.589188,0.912471,0.561502,0.614093,0.006412,0.697217,0.871326,0.671573,0.237356,25.883358
165.709083,175.435965,151.551644,167.102144,87.079503,95.439346,0.390589,0.350022,0.790357,0.058781,0.382206,0.640317,0.268099,0.015596,0.352401,-0.450295,-0.155141,0.614359,0.887725,0.476638,0.365872,-0.176078,0.579297,0.870844,-0.032919,0.145796,0.245582,21.489088,53.010868
111.599113,166.351653,268.529032,161.465616,175.312363,128.221675,0.266409,0.784007,0.981333,0.600122,0.723179,0.901702,0.979471,0.304412,0.853316,0.629580,0.557692,0.713960,-0.027859,-0.221574,-0.232804,0.661946,-0.026984,0.499763,-0.301797,0.737579,0.830275,9.779149,3.360075
199.573678,232.643019,147.266978,186.273982,150.931858,149.398252,0.785595,0.160436,0.353184,0.854229,0.200251,0.330584,0.661098,0.864311,0.017432,0.814870,0.347679,0.753092,0.195792,0.215280,0.579224,-0.035389,0.355972,-0.100520,0.918503,0.393587,0.455836,0.022157,23.710968
218.882903,269.847478,117.373248,168.637903,184.027645,165.234920,0.681182,0.621967,0.908927,0.418865,0.741965,0.886375,0.390396,0.253162,0.149075,0.635167,0.359305,0.187150,0.395656,0.892203,0.524144,0.474518,0.573455,0.878986,0.847054,0.335055,0.102612,28.089658,38.238447
152.040260,213.320486,171.150645,133.255182,166.623827,107.597288,0.779479,0.634598,0.352313,0.172881,0.022118,0.911942,0.344508,0.272587,0.297252,0.006090,0.753535,0.283400,0.856167,0.767151,0.856091,0.606496,0.933205,0.438917,0.640763,0.083330,0.485056,48.760111,5.121514
215.007549,221.345800,269.835264,228.725226,135.047640,172.586125,0.947014,0.733072,0.583893,0.565978,0.296299,0.785766,0.478277,0.443728,0.331510,0.224560,0.117631,0.603354,0.873446,0.576110,-0.278535,0.635982,0.523258,0.244096,0.389346,0.940758,0.424726,11.115613,29.986051
106.078482,212.013481,180.465098,147.303116,265.033650,97.726745,0.692528,0.809309,0.202882,0.518515,0.901327,0.613589,-0.367822,0.489759,0.508248,0.474664,0.359197,0.750230,0.401751,0.155125,-0.025559,0.368889,0.490558,0.736284,0.793851,0.673090,-0.264418,37.582370,5.347564
99.904222,156.404971,151.224812,124.192186,196.167624,172.076189,0.241339,0.883520,0.365998,0.468951,0.985843,0.164615,0.586205,0.507750,0.706605,0.657870,0.737520,0.548425,0.501010,0.617465,0.635387,0.513196,0.435327,0.456197,0.727522,0.708322,0.886271,23.709348,10.617278
163.968160,117.685598,238.785938,168.785932,184.188549,150.114041,0.241077,0.510961,0.967591,0.064440,0.808229,0.890180,0.581396,0.172391,-0.028400,0.271007,-0.229035,0.716463,0.249813,-0.344310,0.863229,0.644614,0.278535,0.637633,0.364039,0.864683,-0.204262,48.659352,4.667382
156.318936,144.992321,170.115239,403.425378,125.784801,183.804966,0.431112,0.612922,0.280688,0.096170,0.274182,0.594544,0.010977,0.420065,0.465797,0.675526,0.647407,0.586162,0.077512,0.508840,0.259152,0.082699,0.094453,0.844406,0.465398,0.201176,0.484734,6.114730,8.924679
175.386833,173.198924,160.742216,134.225096,190.893123,188.628595,0.547950,0.543827,0.325886,0.387640,0.393725,0.212892,0.190927,0.295062,0.715343,-0.042916,0.481826,0.559271,0.639375,0.918555,-0.048072,0.737437,0.717686,0.707906,0.859141,-0.024221,0.575515,33.383134,91.987096
129.453664,84.724688,223.012878,138.109868,94.657587,236.904736,0.288007,0.074034,0.791644,0.576230,0.676572,0.271626,0.456518,0.082050,0.652036,0.638884,0.293597,0.177394,0.530477,-0.140121,-0.039289,0.329668,0.759423,0.848779,0.266178,0.250961,-0.036850,7.929292,5.733742
124.581951,112.257715,219.863229,197.174770,150.268824,200.035125,0.177177,0.191726,0.897343,0.818095,0.453913,0.706861,0.278173,0.655568,0.322609,0.436544,0.129501,0.143496,0.611682,0.382993,0.378277,0.868201,0.548798,0.498173,0.460741,0.577806,-0.062883,21.149011,88.017450
182.981522,182.973207,162.821511,141.257257,191.553043,154.778756,0.927593,0.868482,0.046817,0.126659,0.201787,0.776554,0.386173,0.448130,0.515812,0.842124,0.738242,0.788793,0.335482,0.667640,0.696959,0.714977,0.852581,0.248673,-0.216714,0.587020,0.626934,3.875289,16.226797
143.697845,159.808140,170.644187,137.824821,183.551081,110.305408,0.852988,0.799996,0.560926,0.487813,0.645085,0.069306,0.477476,0.785127,0.816158,0.338789,0.693381,0.772142,0.541432,0.218769,0.129918,0.283231,-0.082198,0.289235,0.245038,0.146909,0.008109,27.616773,2.173652
147.191535,256.914136,157.301672,184.691811,211.330773,180.426590,0.435806,0.526873,0.592200,0.301842,0.803958,0.494017,0.737891,0.936488,0.264205,0.194440,0.487646,0.413999,0.808581,0.876982,0.506873,0.804568,0.494420,0.606560,0.559325,0.673617,0.601740,14.805748,44.978939
174.008235,165.187893,179.370027,353.006480,151.753829,176.344220,0.953250,0.220545,0.270492,0.031360,0.569092,0.657295,0.544715,0.705509,0.335513,0.870961,0.237104,0.234974,0.381607,0.693719,-0.108157,0.694309,0.785065,-0.237283,0.114259,0.827267,-0.149120,11.869841,4.099679
126.165461,95.623068,180.877964,187.649701,199.341409,166.978961,0.648934,0.038558,0.785613,0.298760,0.555402,0.446134,0.340027,-0.189216,0.421707,-0.038014,-0.187060,0.628499,0.730856,0.308505,0.033986,0.779318,0.318610,0.677868,-0.315183,0.804443,0.772233,23.963638,86.022354
138.936583,187.335585,214.051135,186.679316,212.146012,264.222517,0.300512,0.629547,0.106660,0.128231,0.037089,0.132591,-0.103653,0.393934,0.700549,0.659388,0.399706,0.365384,-0.291455,0.706429,0.496176,0.700587,0.592421,0.858840,0.333741,0.223141,0.270241,8.281602,35.780898
157.398134,183.732280,258.628369,202.210551,206.978466,173.124287,0.490221,0.602909,0.314485,0.833038,0.627534,0.986787,0.656980,0.126104,0.778280,0.190252,-0.252173,-0.317464,0.727265,0.623426,0.125121,0.669162,0.422408,0.568991,0.323752,0.443739,0.406391,39.915654,51.009925
142.980381,208.646636,171.409754,197.468769,147.325871,143.774236,0.342503,0.522262,0.253624,0.600164,0.421748,0.841679,0.376306,0.725865,0.633401,0.182018,0.300783,0.180589,0.543007,0.182726,0.559845,0.008420,0.820950,0.726613,0.442530,0.586184,0.090007,0.008501,74.989612
202.228286,102.005976,160.904876,125.279434,193.363827,130.985695,0.764502,0.941355,0.323933,0.250929,0.529554,0.106053,0.609615,0.793631,0.329912,0.152971,0.647297,0.429522,0.694067,0.175061,0.704079,0.007743,0.680546,0.116550,0.934027,-0.097288,0.400703,0.391219,19.529809
149.377784,129.121691,189.162989,238.563472,154.324710,201.339758,0.048654,0.188981,0.792650,0.503790,0.287520,0.145697,0.026344,0.695000,0.314511,0.193775,0.631797,0.270537,0.213036,0.857124,0.210538,0.386700,0.078539,0.862227,0.738653,0.847846,0.296895,0.055375,9.007648
162.328791,150.947102,163.954849,141.431598,143.584897,115.122022,0.312659,0.207134,0.214901,0.385552,0.610080,0.792046,0.797948,0.390372,0.652680,0.707691,0.654371,0.337715,0.785874,0.399835,0.510839,0.501506,0.698085,0.207710,0.521351,0.781270,0.678283,3.077530,2.770988
165.710640,166.332065,228.286793,136.596930,131.191305,153.523164,0.742730,0.454855,0.122516,0.435839,0.472231,0.258953,0.178275,0.231759,0.303621,0.561033,0.415612,0.057896,0.541894,0.309625,0.014365,0.847229,0.948793,0.239545,0.284221,0.833354,0.916087,7.580799,22.993584
137.754759,152.065945,195.832549,189.306426,123.489797,139.725228,0.666994,0.707459,0.515597,0.491592,0.199790,0.077532,0.743267,0.216097,0.767148,-0.134304,0.838621,-0.035301,0.217202,0.444310,0.585830,0.664445,0.394771,0.633524,0.531687,0.843890,0.275117,26.409127,2.993910
171.737799,154.947266,175.312868,130.095104,187.410758,98.091763,0.448127,0.344317,0.472172,0.331310,0.485843,0.648981,0.199640,-0.043184,0.403668,0.656013,0.100743,0.245438,0.231901,0.748639,0.301891,-0.666635,-0.056557,-0.656751,0.456900,0.778038,-0.061598,12.135202,30.070630
154.552955,154.686351,163.546792,190.441659,218.860188,158.757899,0.177210,0.880926,0.185196,0.982857,0.286048,0.118023,0.465726,-0.081915,0.667099,0.853260,0.324547,0.564870,0.873345,0.391092,0.130232,0.247226,-0.106706,0.413567,0.697964,0.099747,0.151814,36.036764,4.724073
167.765525,100.744238,184.771522,167.669050,144.193198,173.676138,0.869309,0.961886,0.903407,0.435169,0.129664,0.133513,0.816543,0.640748,0.427720,0.432608,0.339187,0.836179,-0.003374,0.360956,0.180175,0.585660,0.224179,0.079796,0.774812,-0.031435,0.373432,0.546440,10.732808
112.743209,163.516274,105.846210,239.158761,157.823918,147.163736,0.422113,0.470210,0.203923,0.821460,0.380842,0.750979,0.551204,0.711613,-0.583378,-0.173696,0.532728,0.559092,0.623637,0.690830,0.838824,0.626542,0.188752,0.861718,0.662696,-0.127740,0.738180,17.172718,1.655824
174.362115,175.426397,146.026018,199.506743,92.945684,224.025006,0.686224,0.754125,0.202440,0.208990,0.108556,0.181756,0.046082,0.515752,0.011575,0.782454,0.017052,0.030480,0.740637,-0.338060,0.312744,0.361012,0.721863,0.878526,0.844651,0.548671,0.647893,30.113577,8.048594
126.835757,219.087555,250.591870,172.850726,118.141253,139.484058,0.611545,0.856807,0.214669,0.865275,0.839522,0.845337,0.693527,0.267459,0.651087,0.196542,0.837820,0.250969,-0.147091,0.542050,0.731682,-0.257815,0.593865,0.219652,0.496217,0.877853,0.391788,36.468678,91.985434
113.377869,153.586990,164.497494,86.523805,186.474468,167.243768,0.691550,0.216920,0.471333,0.747109,0.056621,0.063102,0.187607,0.169132,0.075046,0.650325,-0.270140,0.200110,0.885546,0.573554,0.021637,0.618520,0.641617,0.516131,0.202552,0.281035,0.234721,30.244191,4.967095
141.596468,211.834594,178.177524,167.490768,111.516996,131.692328,0.309405,0.754359,0.407694,0.158421,0.947106,0.370547,0.854565,0.487284,0.800361,0.306980,0.307608,0.726618,0.369360,0.838489,0.804878,0.527325,0.333441,0.726772,0.818076,0.745457,0.674433,0.244347,88.019988
193.589313,189.188936,146.841320,175.378870,217.642592,218.192096,0.890078,0.119396,0.155656,0.216378,0.950658,0.769622,0.518382,0.626490,0.532363,0.389790,0.602187,0.245986,0.728006,0.097515,0.227854,0.575873,0.667778,0.188841,0.395297,0.332818,-0.170131,21.228921,25.843178
175.383468,184.665833,202.025863,183.276365,188.821693,216.855979,0.466314,0.272591,0.417057,0.093549,0.719412,0.200513,0.737577,0.431377,0.345459,0.030528,0.358323,0.471509,0.590146,0.475381,0.389745,0.060168,0.800209,0.686044,-0.143269,0.815603,-0.162840,3.572165,53.010262
199.439586,232.889331,157.667941,98.697172,121.726761,138.252594,0.023910,0.673338,0.993104,0.468389,0.918766,0.397258,0.927773,0.325930,0.771389,0.507788,0.785791,-0.059278,0.048120,0.757904,0.127285,-0.785687,0.433652,0.070539,0.194848,0.471372,-0.127497,41.641810,3.546713
209.678594,138.164334,194.184820,136.699677,136.752919,204.956616,0.022087,0.195842,0.803938,0.436654,0.067679,0.358547,0.651460,0.476275,0.852084,0.352817,0.392157,0.209261,0.307103,0.829297,0.672639,0.357298,0.591770,0.043901,0.854886,0.099779,0.769044,0.112493,23.756268
139.422251,268.347281,132.369478,154.420702,175.557502,153.777790,0.818341,0.662934,0.156710,0.902374,0.435632,0.872244,0.311414,0.630092,0.177000,0.919068,0.317190,0.377495,0.742612,0.457102,0.672771,0.395714,0.002237,0.813401,0.581061,0.483543,0.381626,5.296266,38.348166
206.289634,136.105072,121.698928,127.423479,128.886734,198.413436,0.271656,0.970612,0.950832,0.767254,0.010796,0.679910,0.350336,-0.325234,0.445252,0.869349,0.604558,0.465225,0.239739,0.187164,-0.465045,0.841985,0.759454,0.838604,0.972922,0.428553,0.621285,6.911420,4.165787
160.338664,136.062700,186.273749,107.247794,164.073947,179.148174,0.329125,0.321095,0.946294,0.499011,0.301984,0.876469,0.546467,-0.061563,0.551188,0.636894,0.486118,0.376742,0.699348,0.302937,0.702913,0.223045,-0.039117,0.932720,0.364456,0.441545,0.415309,11.060723,30.039905
186.812638,270.323762,93.273128,192.973936,144.675394,173.220780,0.449810,0.474058,0.529968,0.607394,0.345371,0.126656,0.125905,0.385643,0.069507,0.738048,0.537957,0.487824,0.977011,0.161085,0.706311,0.319566,0.736777,0.815053,0.303936,0.665055,-0.035973,40.392422,4.633316
208.670725,170.756105,178.153678,168.555387,166.063695,211.011130,0.146668,0.059514,0.296160,0.028763,0.465789,0.229297,0.348193,-0.109949,0.439310,0.821278,0.352181,-0.000065,-0.151311,0.217210,0.593675,0.664597,0.263250,0.758539,0.601014,0.134300,0.522468,40.367305,10.650442
124.598560,148.858733,153.435525,195.012041,148.890547,157.925298,0.913493,0.769597,0.439452,0.296835,0.015636,0.581531,0.144327,-0.259045,0.600658,0.490813,0.490290,0.498453,0.226901,0.520649,0.719099,0.340967,0.229865,-0.066873,-0.214258,-0.060429,0.831402,28.961515,2.921920
205.672350,249.552528,182.673675,172.377975,192.841050,180.274242,0.211864,0.748585,0.288673,0.879359,0.156538,0.947569,0.809724,0.814915,0.356874,0.728942,0.378806,0.401797,0.003387,0.361419,0.507820,0.115060,0.786444,0.401549,0.507968,0.922386,0.480685,10.228474,7.087220
162.009395,240.744303,94.890734,105.077736,140.090888,229.147486,0.591249,0.946516,0.151476,0.736716,0.074520,0.370731,0.436880,0.668223,0.650282,0.212566,0.250510,-0.202988,-0.099880,-0.296425,0.050397,0.425564,0.807799,0.432096,0.723545,-0.019201,0.973261,17.446107,91.989201
156.096389,115.149485,135.664762,111.175682,266.895760,206.339151,0.265017,0.194553,0.018084,0.935495,0.860679,0.516952,0.919032,0.608616,0.889516,0.761201,0.640659,0.912280,0.166265,-0.378973,-0.087455,0.408553,0.258273,0.082617,0.490844,0.621107,0.670347,22.672857,5.740234
207.094011,123.545891,161.986905,150.835864,196.131039,185.633633,0.854126,0.803753,0.786966,0.097384,0.484234,0.100092,0.004250,0.788598,0.435350,0.851837,0.616836,-0.076018,0.330841,-0.755792,0.783608,0.487538,0.314106,0.355620,0.782824,0.660199,0.796140,1.838876,88.019937
242.234190,184.894251,190.057109,176.854208,153.756083,184.992600,0.521646,0.887443,0.062927,0.532513,0.405700,0.832431,0.396702,0.792907,0.602372,0.493015,0.069369,-0.130644,0.165685,0.565287,0.769214,0.816838,0.423801,0.718597,0.610166,0.788079,0.257629,1.195690,16.078637
229.789349,114.633794,150.030982,142.289455,125.282587,143.226343,0.714046,0.120985,0.725982,0.055459,0.260601,0.550146,0.850020,0.092074,0.263654,0.206028,0.319521,0.419790,0.804845,-0.461419,-0.177485,0.379480,0.688417,0.734799,0.797585,-0.656291,0.461694,2.960585,1.215645
144.175027,113.443764,90.668387,139.459475,101.270655,156.700375,0.695378,0.349770,0.138308,0.718826,0.065710,0.452398,0.750504,0.737150,0.379886,0.477347,0.785204,0.159558,0.354856,-0.218454,0.506812,0.557295,-0.072718,0.226066,0.665639,0.439702,0.744327,10.117364,44.979639
138.560079,192.537648,177.721314,244.096880,101.074633,144.600927,0.736918,0.923065,0.995700,0.261369,0.382998,0.985628,0.142907,0.787897,-0.186127,0.804694,-0.240254,0.312786,0.078069,0.385540,0.279843,-0.427233,0.415546,0.832032,0.881878,0.466812,0.595833,32.566102,5.000306
189.041005,123.522379,188.163661,119.172940,202.846324,175.836801,0.474246,0.101778,0.389508,0.032111,0.569569,0.194545,0.191119,0.849047,0.175848,0.449346,0.473508,0.200021,0.514381,0.761127,0.100217,-0.139844,0.737542,0.143300,-0.195708,0.624649,0.453459,12.580834,10.218796
229.849138,168.562773,210.255062,167.792094,202.184557,171.221960,0.208105,0.688868,0.387297,0.346973,0.214474,0.967741,0.134412,0.488537,0.679460,0.742376,0.406588,0.790028,0.342742,0.078648,0.525767,0.210073,0.508708,0.921337,0.371966,-0.514184,0.791788,34.018614,2.369083
198.405061,142.403696,156.119763,188.051309,184.694771,117.743126,0.231953,0.901853,0.377079,0.421844,0.983884,0.056723,0.189957,-0.485851,0.118622,0.338060,0.286037,0.255041,0.557024,0.738279,0.750392,0.584307,-0.273322,0.610615,0.697809,0.587614,0.646919,10.775020,1.625781
183.770457,190.719718,204.797475,97.731105,135.951472,159.535362,0.904546,0.386927,0.013971,0.311566,0.026823,0.602391,-0.160181,0.824224,0.264819,0.664530,0.654345,0.627412,0.757756,0.416582,0.711657,0.336162,-0.180278,0.348543,0.181160,0.619422,0.431534,36.024137,61.990111
161.404493,267.902028,122.053305,192.079716,166.097590,132.331214,0.631829,0.304937,0.991576,0.006494,0.657693,0.308448,0.169756,0.142208,0.861513,0.286904,0.822633,0.831678,0.194271,0.783652,-0.037729,0.524757,-0.019611,0.495727,0.069580,0.580897,0.786115,5.699695,7.027555
207.052201,205.413506,140.480270,158.349444,192.519773,163.298743,0.563945,0.419618,0.036713,0.954817,0.060040,0.673636,-0.314917,0.534295,-0.279178,0.825093,0.475833,0.919614,-0.070849,0.725998,0.611121,0.059097,0.199117,0.476156,0.825527,0.656644,0.462379,19.026695,86.019690
151.670986,180.975698,234.392361,199.215814,278.071408,116.037531,0.593881,0.850561,0.343758,0.146849,0.916200,0.408249,0.464178,0.323088,0.533212,0.227158,0.795274,0.232457,0.216341,0.498539,-0.353477,0.073153,0.265324,-0.127820,0.118227,0.848565,0.750706,19.277245,35.788439
173.501718,233.423746,109.483892,185.039977,185.188345,130.934167,0.722107,0.233760,0.632433,0.457083,0.957209,0.749306,0.450763,0.537638,0.949357,0.303781,-0.020721,0.547802,0.307273,0.854952,-0.055557,0.308472,0.244014,-0.104368,0.487902,0.305419,0.454373,57.795680,51.012284
166.341738,283.807352,124.672231,200.462189,174.216513,280.736916,0.331946,0.873153,0.199268,0.222696,0.437761,0.439565,0.701702,0.321100,0.277754,-0.124202,-0.052978,0.778402,0.266487,0.491650,0.122771,0.497410,0.888785,0.601716,0.361681,0.905277,0.507391,51.121506,74.991559
222.234569,156.388013,123.181808,163.195326,168.668421,178.125544,0.920087,0.486461,0.271672,0.045909,0.262115,0.695141,0.918446,0.599252,0.171176,0.631006,0.267705,0.814420,0.803847,0.429893,0.432061,0.355513,0.365960,-0.489082,0.614141,0.219704,0.831527,45.681464,19.039024
205.654917,175.083070,92.813979,156.616676,203.328501,237.465834,0.897831,0.739840,0.474509,0.649555,0.033946,0.387269,0.077490,0.182589,0.162048,0.299422,0.706019,0.638642,0.514303,0.221189,0.571336,0.644305,0.347735,0.844510,0.140409,0.629356,0.426847,19.685104,10.771818
240.676854,182.556328,158.361994,170.050459,244.086922,199.394083,0.893374,0.270732,0.214950,0.754212,0.184209,0.966819,0.728712,-0.037094,-0.007102,0.798314,0.626262,0.588975,-0.083298,0.001188,0.482868,0.830811,0.605838,0.787513,0.737485,0.149615,0.816792,18.151925,3.549408
213.655914,83.676297,236.273016,187.707451,206.493441,152.144333,0.507750,0.514361,0.742358,0.490161,0.955795,0.400992,0.686783,0.321566,0.507050,0.715710,0.245407,0.418785,0.756092,-0.099457,0.273348,0.695460,0.468742,0.442501,0.590791,0.193572,0.691954,43.601720,23.011016
237.936476,179.485857,248.026479,146.974540,166.311885,103.205116,0.437146,0.875343,0.563243,0.945758,0.954251,0.428609,0.913238,0.782733,0.371082,0.761537,0.383806,0.764253,0.756024,0.719819,0.546485,0.256438,0.744381,0.160229,0.514345,0.661966,-0.012828,0.787025,3.745549
92.581460,151.735604,236.502897,217.826973,184.379629,222.205261,0.069488,0.011912,0.640317,0.974342,0.454055,0.247019,0.375770,0.425138,0.263615,-0.047171,0.808242,0.871704,0.499127,0.329055,0.450192,-0.162223,0.432828,0.498700,0.712698,0.139115,0.650500,32.402442,29.988420
178.178369,154.267805,155.645935,189.096705,220.949235,165.129347,0.826379,0.696669,0.425057,0.397357,0.780787,0.316195,0.819925,0.244110,0.616014,0.058271,0.165383,0.530975,0.699822,0.749413,0.365422,0.767408,-0.186060,0.442321,0.655186,0.624100,0.393326,15.289570,3.888418
136.864518,199.892801,166.855172,188.652968,223.165043,113.979666,0.533770,0.730042,0.585904,0.808725,0.595464,0.136888,-0.094661,0.955522,0.579765,0.301202,0.394655,0.112939,0.573384,0.761102,0.625471,0.506550,0.755711,-0.089967,0.362718,0.366813,0.344333,30.023225,10.190496
119.529090,217.704777,220.524080,227.460820,186.881778,256.170541,0.099663,0.613593,0.306846,0.389872,0.131848,0.150450,-0.360734,0.016416,0.441246,0.798925,0.335601,0.678877,0.550151,0.551826,0.294288,0.561036,0.752830,-0.047777,0.633422,0.313989,0.890154,0.031939,3.103774
165.726611,134.038754,155.921806,191.400132,140.519189,112.544007,0.498808,0.778675,0.220963,0.481968,0.621766,0.735090,0.278604,0.386843,0.253473,0.905257,0.364721,0.148068,-0.187923,0.720794,0.429008,0.045126,0.817860,0.468540,0.662982,0.394311,0.119080,37.852338,7.708481
197.033516,171.329281,238.391982,185.886822,211.034826,148.317427,0.090642,0.399509,0.771218,0.392281,0.605806,0.980421,0.475932,-0.011220,-0.216924,0.161318,0.547970,0.672518,0.723086,0.565476,0.667949,0.290478,0.671911,0.381124,0.576534,-0.582663,0.930478,4.594602,91.987512
247.633291,200.081332,286.241482,182.253871,200.504647,112.224534,0.614780,0.387438,0.374860,0.259642,0.528173,0.835530,0.317453,-0.011106,0.444437,0.893096,0.300746,0.109676,0.839044,0.741280,0.263993,0.272012,0.425999,0.208843,0.524469,0.410363,0.950210,48.042060,4.348151
181.933215,190.549961,117.643100,141.873828,185.793883,143.995002,0.766676,0.658124,0.547020,0.311283,0.230416,0.214516,0.749455,0.897027,0.592605,0.485698,-0.062228,-0.275540,0.626570,-0.124237,0.053226,0.538380,0.610304,-0.002389,0.340864,0.559144,0.451712,20.462386,88.019183
226.028584,147.082327,151.208388,180.277617,155.108375,161.578275,0.714817,0.926452,0.668279,0.102144,0.576437,0.036935,0.570912,0.622292,0.465867,0.607146,0.848383,0.177505,0.197385,0.623701,0.555775,0.940194,0.274495,0.830231,-0.286199,0.385079,0.808318,7.988687,25.801714
262.651146,190.972008,102.728296,159.050112,119.035731,155.582470,0.849562,0.228394,0.003692,0.612030,0.874004,0.485803,0.648226,0.426578,0.389307,0.587166,0.841285,0.447616,0.006860,0.734591,0.642161,0.104250,0.689994,0.528794,0.105186,-0.028562,-0.119733,3.642751,53.011296
146.737441,179.602681,179.454876,140.836352,189.439433,157.445892,0.029089,0.394200,0.292806,0.116066,0.874564,0.991712,0.664283,0.639438,0.729540,0.603303,0.096656,0.496492,0.495863,0.430967,0.486124,0.538488,0.321240,0.498130,0.248487,0.105304,0.395971,0.066899,3.415494
139.152458,224.888406,274.025010,134.920783,191.595156,201.934278,0.578070,0.282275,0.699480,0.584748,0.001445,0.987029,0.034027,0.094536,0.034954,0.767164,0.131228,0.449468,0.958286,-0.076181,0.300704,0.893129,0.376215,0.453362,0.430912,0.396860,0.681027,7.454550,24.248503
192.860356,121.050161,143.107847,165.316169,169.652006,186.991160,0.701601,0.498878,0.840427,0.852112,0.814415,0.095816,0.835051,0.051952,0.808183,0.823408,0.773711,0.321070,0.006186,0.104012,0.372615,0.440755,0.232208,0.584005,-0.236847,0.834366,0.489450,4.271279,38.268009
142.999973,248.218391,187.719522,225.830927,199.195497,201.595419,0.682716,0.129521,0.610848,0.992998,0.044407,0.074327,0.383778,0.477486,-0.077913,0.741181,0.346357,0.520388,0.412885,0.711097,0.550778,0.937697,0.248212,0.516928,0.468522,0.900439,0.694839,31.013043,4.340799
191.264675,186.377544,275.686240,318.267161,207.211155,157.605195,0.785997,0.481985,0.987721,0.927579,0.250583,0.165318,0.686642,0.131865,0.543057,0.699824,0.486363,0.337334,0.034662,0.307763,0.579159,0.972999,0.707886,0.841199,0.128132,0.352258,0.833864,1.730164,29.993190
288.380022,244.403193,241.303289,138.899779,115.549234,190.769595,0.451997,0.462070,0.599189,0.121177,0.668138,0.094435,0.081242,0.545942,0.457247,0.259060,0.075403,0.838897,0.417050,0.660125,0.709466,0.886152,0.244942,0.380043,0.511113,0.459938,-0.302826,57.150024,4.099092
147.090990,196.987148,117.137323,157.698075,139.082547,152.211058,0.150671,0.480741,0.288693,0.192073,0.658630,0.533219,0.606612,0.536970,0.006066,0.356755,0.600903,0.572803,0.811367,0.198819,0.112404,0.791869,0.230509,0.730129,0.441788,0.007640,0.858372,36.851284,10.552623
176.259781,110.279752,135.929904,199.548081,168.581091,179.209211,0.642682,0.032274,0.908962,0.795585,0.811557,0.746425,0.186451,0.474124,0.602064,-0.045937,0.232119,0.254615,0.679674,0.417713,0.375256,0.196377,0.855874,0.806445,0.709115,0.106241,-0.077651,2.910845,2.778956
192.470564,202.150374,187.739046,219.336387,133.244505,114.174889,0.339785,0.439787,0.477634,0.344030,0.184637,0.678168,0.289112,0.021010,0.381608,0.346221,0.278552,0.851014,0.373698,0.354425,0.750355,0.115835,0.332319,0.508859,0.357762,0.589794,0.645896,15.352412,6.395890
157.986893,235.119809,195.899608,126.517753,143.509207,135.833791,0.583635,0.848913,0.510435,0.877948,0.245717,0.662725,0.843730,0.502498,0.660101,0.651685,0.456908,0.140423,0.414956,0.434556,0.125265,0.211720,-0.025522,0.005053,0.412009,0.804326,0.809251,19.118413,91.985441
151.523392,143.729385,187.281080,186.459426,181.690319,176.616530,0.856666,0.928642,0.705259,0.667966,0.396099,0.563110,0.417822,-0.132857,0.841914,0.650145,0.405389,0.436834,-0.022445,0.142920,0.649487,0.132314,0.476335,0.778001,0.402802,0.559369,0.963146,36.581256,5.716829
126.753906,187.483581,143.610512,142.581426,226.823416,150.676067,0.759663,0.762324,0.878684,0.816693,0.101920,0.772987,0.672931,0.557881,0.666078,0.327670,0.410949,0.466911,0.657922,0.893988,0.562764,0.290769,0.980820,0.830652,0.393071,0.693228,0.439337,35.057610,88.019199
106.839598,169.261178,136.157552,204.179592,155.876099,216.491576,0.832494,0.614819,0.417892,0.527085,0.295820,0.914030,0.502011,0.515811,0.218872,0.738291,0.603601,0.954946,0.577031,0.817266,-0.314722,0.228610,0.178739,0.609101,0.490514,0.958157,0.687835,32.707472,16.233311
206.275110,186.061371,181.890705,156.600892,134.655317,251.788318,0.506051,0.722531,0.199514,0.725189,0.858255,0.455801,0.324571,0.502967,-0.043941,0.512159,0.874032,0.004495,0.140002,-0.382781,0.377782,0.456076,0.369387,0.781338,0.474105,0.096281,0.549878,5.565425,2.797526
199.004046,150.121694,227.929364,124.421305,226.617468,140.973498,0.824916,0.264558,0.045966,0.491598,0.812037,0.031296,0.470240,0.876073,0.276967,0.230712,0.779541,0.534375,0.901866,0.554162,0.582148,0.343012,0.038844,0.437373,0.813631,0.502795,0.528945,13.130382,44.978908
155.017814,215.270393,117.016385,144.845399,189.559091,200.284941,0.661905,0.403214,0.948362,0.416008,0.728034,0.956217,0.801666,0.327269,0.763428,0.641823,0.156964,0.819743,0.380334,0.417619,0.133667,0.472822,0.471074,-0.062126,0.591700,0.352245,0.886462,0.970190,5.264946
158.701138,171.477887,181.972876,190.247167,126.824804,176.965843,0.436397,0.474075,0.225713,0.412021,0.972383,0.459038,0.304626,0.723683,0.290833,-0.304014,0.579599,0.518850,0.625854,0.031027,0.133686,0.322548,0.620059,0.337610,0.050680,0.528150,0.209250,0.000358,10.376558
126.507579,128.933127,89.053426,115.514564,218.915504,154.236534,0.494210,0.244856,0.875069,0.712614,0.420532,0.978897,0.914705,0.340678,-0.029044,0.551687,0.091372,0.129674,0.728228,0.823260,0.585859,0.357466,0.807839,0.144645,0.360691,0.694702,-0.417293,13.418271,2.244269
207.727138,146.632868,176.107322,181.702745,144.065726,133.809504,0.881391,0.949481,0.600578,0.694599,0.620522,0.110857,0.739212,0.430809,0.643648,0.305911,0.370479,0.082699,0.044837,0.909742,0.641331,0.391510,0.385566,0.773481,0.705715,0.141520,0.452207,52.372337,4.731593
146.079514,162.386089,205.721776,213.684372,156.495848,133.032308,0.139942,0.602538,0.437656,0.129505,0.995942,0.078104,0.829743,0.730264,0.802568,0.774582,0.621788,0.763893,0.417360,0.270547,0.834109,0.772926,0.438830,0.608353,0.263180,0.996801,0.142262,47.287765,16.213751
272.105618,165.113466,132.980192,118.482128,144.361271,162.561710,0.663879,0.706301,0.818915,0.886234,0.195740,0.940603,0.577805,-0.160287,0.272845,0.823982,-0.462814,-0.209034,0.063988,0.641779,0.548964,0.173053,0.273443,0.635319,0.085986,0.833372,0.909625,31.560833,3.121142
114.155286,195.463521,143.485155,173.935370,103.502939,229.361923,0.349942,0.136038,0.469947,0.011165,0.072155,0.322146,0.431533,0.571416,0.784765,0.495846,0.459188,0.289087,0.613314,0.422419,-0.106774,0.696764,0.519614,0.359652,0.323083,0.730966,0.500892,0.974992,44.972183
164.196840,131.722488,168.509706,197.927428,112.146240,173.330335,0.852842,0.909289,0.672987,0.659109,0.428396,0.907146,0.803282,0.196513,0.399117,0.085286,-0.314209,0.307241,-0.450679,0.291015,0.786187,0.538780,0.776311,0.056890,0.690574,-0.217478,0.007218,1.136995,4.435335
214.178321,136.827640,266.601372,130.194555,124.001469,195.891719,0.494145,0.953509,0.832109,0.677616,0.626589,0.816034,-0.286471,0.648128,0.392202,0.977055,0.709409,0.033687,0.750372,0.456596,0.704334,0.156402,0.280993,0.570253,0.293189,0.306640,0.731896,48.921376,10.155906
222.245780,147.000953,202.930863,91.443067,124.476000,200.772669,0.645507,0.058021,0.655177,0.784644,0.965361,0.722047,0.010071,0.444409,0.486761,0.165059,0.203063,-0.066129,0.322116,0.858332,0.304521,0.751226,0.236932,0.703618,0.539982,0.278164,-0.114871,47.127869,2.519900
170.553925,218.356148,165.294767,200.709718,173.552001,89.982561,0.682867,0.949695,0.235210,0.189571,0.868765,0.766545,0.569647,0.540850,0.083005,0.182390,0.769880,0.822493,0.226062,0.783514,0.048966,0.413406,0.752960,0.218365,0.838658,0.080482,0.843860,2.341636,5.010234
170.615963,164.369479,169.323549,160.643234,144.348994,148.097731,0.132145,0.049357,0.513649,0.099387,0.569016,0.923183,0.198101,-0.230200,0.685481,-0.050977,0.297682,-0.105728,-0.099579,-0.085354,0.400078,0.192992,0.411854,0.575292,0.248502,0.621485,0.104323,10.655170,61.990416
144.850050,144.131745,159.136007,139.600725,142.252876,242.540022,0.121224,0.455183,0.273508,0.206504,0.646140,0.527612,0.666003,0.173987,0.023832,-0.426225,0.157301,0.830206,0.703905,0.044027,0.710700,0.642720,0.451031,0.452630,0.827320,-0.031637,0.727775,6.659933,6.592813
142.549322,131.392854,227.050924,143.430381,129.594834,200.413081,0.928465,0.023943,0.212111,0.821418,0.323316,0.718732,-0.212985,0.189079,0.302972,0.565352,0.091319,0.663906,0.755823,0.955306,0.661073,0.435905,0.788753,0.129409,0.891816,0.560386,0.727887,0.619877,86.015725
183.490573,179.357564,115.903256,126.841081,215.811220,141.778594,0.750357,0.514286,0.319916,0.491558,0.836332,0.307893,0.276454,0.449959,0.073740,0.763797,-0.300311,0.233475,0.912782,-0.161334,0.660167,0.107682,0.043072,0.082877,0.304907,0.602160,0.545225,34.970222,35.809325
266.879541,142.512749,221.665942,112.656198,169.312505,207.836538,0.735467,0.488659,0.533480,0.583539,0.491613,0.857052,0.220452,0.808295,0.552065,0.488831,-0.215523,0.274984,-0.555251,0.935041,0.282365,0.091453,0.852952,0.035123,0.765970,0.214906,0.546439,32.138544,51.010191
159.564205,191.248427,148.093358,174.504386,149.371365,160.750244,0.262554,0.171814,0.586111,0.905642,0.561493,0.755771,0.848519,0.311087,0.404602,0.617229,0.661733,0.355996,0.134756,0.767378,0.345695,0.471388,0.642457,0.460060,0.625088,0.839186,0.154846,23.457601,74.987479
226.877479,169.548692,144.387865,148.164672,155.112478,158.571907,0.150436,0.750423,0.709163,0.624258,0.032007,0.381203,0.032146,-0.152806,0.730378,0.475400,0.496774,0.103983,0.261035,0.663154,0.597609,-0.053047,0.595766,0.031325,0.657594,0.906483,0.300050,0.035133,19.714877
207.597056,113.075103,230.416108,154.129244,122.601248,117.732396,0.755933,0.952100,0.392031,0.147150,0.884443,0.528246,0.404469,0.583952,-0.220654,0.592919,0.389469,0.489699,0.568539,0.849135,0.811349,0.395949,0.108583,0.699778,0.654003,0.604448,0.299720,19.187524,11.160176
108.901601,146.634086,219.765718,161.951087,237.748126,133.387571,0.208019,0.395105,0.851249,0.388786,0.826893,0.518305,0.588933,0.370821,0.785384,0.584536,0.709124,0.494316,0.223492,0.897081,0.835226,0.696029,0.441906,0.472416,0.150679,0.247406,0.571688,7.647831,2.796302
180.329136,153.709514,192.802652,165.277590,178.205796,98.308622,0.194445,0.925473,0.490064,0.997767,0.281616,0.549174,-0.129147,0.125319,0.723115,0.512869,0.148613,0.782829,0.943544,0.302851,0.276037,0.404024,0.800271,-0.084041,0.545842,0.799212,0.474906,0.008614,23.000609
142.873408,185.615726,89.600830,123.625060,213.448601,190.630793,0.905415,0.316150,0.634498,0.400482,0.399550,0.705385,0.708268,0.691555,0.750010,0.940542,0.691980,0.609049,0.323028,0.650320,0.133280,0.739309,0.232348,0.241195,0.049129,0.446330,0.159875,25.634672,4.809283
289.520349,223.439863,177.496704,151.401062,118.312417,178.004786,0.573773,0.644558,0.900223,0.825285,0.426847,0.710215,0.470261,0.457991,0.433805,-0.211001,0.860175,0.724493,0.804212,0.400609,0.094511,0.550272,0.881714,0.591050,0.552046,-0.010054,0.536812,16.286221,30.037730
151.431150,144.419939,73.326205,98.285083,128.477284,183.104961,0.014655,0.281622,0.882698,0.630167,0.330079,0.318471,0.544552,-0.340140,-0.037525,0.209365,0.088367,0.772157,-0.013872,0.815547,0.974646,0.118588,0.614666,0.456834,-0.273222,0.510464,0.310753,8.112475,5.667757
183.044533,121.564045,153.741766,180.928208,119.302821,131.926602,0.419103,0.571897,0.678467,0.104716,0.012904,0.534897,0.541790,0.872261,0.428958,0.511041,0.476321,0.637910,0.813255,0.745734,-0.218741,0.316914,0.651450,-0.027171,0.461277,0.252066,0.318582,56.396703,10.532026
126.693517,208.628369,296.105590,176.090374,193.225086,174.953585,0.380524,0.832976,0.805667,0.748732,0.662768,0.202211,0.387069,0.472178,0.190776,0.686862,0.356036,0.014945,0.138409,-0.158240,0.708374,0.573286,0.734470,0.430801,0.556841,0.752010,0.182806,44.500496,2.287599
147.103910,200.387520,275.330743,194.943739,164.093185,289.600418,0.811080,0.156852,0.783225,0.749311,0.745750,0.559429,0.305515,0.342275,0.081859,0.689391,0.868812,-0.196333,0.279905,0.441573,0.835562,0.604231,0.493087,0.552921,0.348365,-0.030532,0.410926,14.696179,5.383410
167.687625,115.433876,189.700192,165.092594,115.846417,195.080617,0.479830,0.573521,0.898857,0.342901,0.590416,0.824955,-0.263595,0.320555,0.674394,0.777554,0.353385,0.187385,-0.100460,0.006147,0.300682,0.343660,0.472394,-0.037397,0.708529,0.756006,0.811540,17.945633,88.014644
97.019843,128.353487,166.552950,139.402560,166.796798,142.295782,0.656067,0.396126,0.714298,0.563626,0.809700,0.090075,0.124101,0.705304,0.763819,-0.021308,-0.000398,0.656092,0.719927,0.811609,0.960552,0.876610,0.801049,0.930219,-0.030807,0.705521,0.750775,30.102272,16.066330
247.167263,210.675837,180.787044,145.658636,170.535628,211.193631,0.205642,0.956332,0.868749,0.788840,0.232532,0.885513,0.527886,0.830007,0.759726,0.061135,0.893174,0.319789,0.394712,0.641409,-0.469512,0.564542,0.257776,0.509377,0.789638,0.818585,0.526731,2.004289,1.743408
167.281681,184.226336,164.998171,140.295339,117.942675,119.655867,0.521782,0.189229,0.743184,0.665310,0.823466,0.480460,0.379560,0.551862,0.622979,0.343240,0.280169,0.478417,0.338544,0.851701,0.669061,0.028787,0.123752,0.788229,-0.210516,-0.613657,0.378784,53.713137,44.977340
149.076288,157.582833,193.086059,159.509887,159.106534,156.511492,0.332218,0.291702,0.001965,0.030539,0.512891,0.602437,0.771967,0.435801,0.506350,0.369621,0.366647,0.807938,0.860302,0.322065,0.559442,-0.509022,0.216694,0.635203,0.800058,0.712435,0.329266,2.108565,4.364437
178.848872,152.532511,124.692961,163.174218,196.788794,154.626345,0.561899,0.667983,0.415643,0.269536,0.649415,0.231957,0.710606,0.268013,0.698247,0.518117,0.587783,0.528938,0.561111,0.736715,0.285377,0.408488,0.431125,0.045116,0.368888,0.659603,0.078821,44.310979,6.982186
141.575932,182.335087,88.216954,185.487210,158.321532,184.427358,0.618643,0.178738,0.615800,0.288776,0.047506,0.875200,-0.149803,0.125099,0.501930,0.862426,0.701389,0.498613,0.676595,0.652287,0.402399,0.552840,0.577410,0.279604,0.039167,0.317862,0.322078,46.984863,91.991558
183.170135,209.178527,168.534422,197.213837,186.172093,149.159531,0.055824,0.691949,0.104255,0.866733,0.378413,0.307613,0.841219,0.822309,0.048141,0.946806,0.028328,0.405359,0.759821,0.710258,0.571499,0.114689,-0.503193,-0.012972,0.627780,0.648646,0.574902,54.024653,5.149396
224.288029,126.672480,311.231840,159.410648,217.830088,122.753371,0.268473,0.669741,0.111789,0.866166,0.900986,0.343146,0.561525,0.325794,0.463462,-0.309329,0.731907,0.610460,0.138111,-0.237256,-0.342017,0.373139,0.281722,0.517292,0.598494,0.931692,0.136219,0.382162,88.023210
208.459131,140.042546,152.319138,153.346048,168.252135,179.483570,0.812864,0.867402,0.819444,0.302975,0.798837,0.780993,0.242058,0.311867,0.577936,0.407870,-0.106020,0.556638,0.645412,0.204127,0.680031,0.135429,-0.379967,-0.025649,0.599775,0.140727,0.797013,9.524859,25.807255
147.544005,204.077784,191.315106,158.125485,100.619162,164.473000,0.393899,0.865531,0.232821,0.518081,0.392299,0.351710,-0.355247,0.207804,0.273056,0.862950,0.070662,0.356359,0.649941,0.519111,0.263380,0.352153,0.269437,0.065874,0.378373,0.562956,0.273649,19.899932,53.010636
125.265924,160.734860,147.870507,178.390106,180.919572,135.088496,0.743825,0.075184,0.467424,0.299969,0.053233,0.409269,0.916266,0.813427,0.620553,0.569309,0.710996,-0.364506,-0.173811,-0.095349,0.477346,0.898398,0.826445,0.647048,0.116705,0.437349,0.285204,54.789267,3.205776
199.429006,190.771920,148.064679,197.975657,173.199810,243.858554,0.784250,0.747267,0.405435,0.891513,0.407225,0.988550,-0.483486,0.339593,0.936902,0.890801,0.275826,-0.085004,0.419337,0.456586,0.624461,0.428267,0.215938,0.193561,0.778478,0.591099,0.218483,33.361437,24.504982
137.808296,141.748398,250.866415,164.926770,131.576057,189.228342,0.415196,0.751204,0.573665,0.231832,0.419579,0.479037,-0.109197,0.924807,0.675407,0.492861,0.290767,0.577137,0.779053,0.815792,0.344300,0.543292,0.707091,0.748832,0.209416,-0.209260,0.059612,35.431510,38.214448
160.147401,121.321382,178.542763,160.953710,94.958863,205.134232,0.024756,0.297188,0.534618,0.805915,0.963619,0.729309,0.401181,0.791040,-0.030281,0.736696,0.656500,0.268144,-0.000449,0.719358,0.221878,0.796573,-0.139867,-0.042404,0.840716,0.968367,-0.003492,50.994865,5.244446
125.827275,144.319272,182.471896,262.002722,201.289311,179.691965,0.832722,0.419614,0.123597,0.309678,0.602866,0.925365,0.484300,0.554213,0.041664,-0.151097,0.882350,0.064320,0.641913,0.496986,0.820912,0.331786,0.303305,0.161118,0.390449,-0.053649,0.349087,0.025353,30.083858
194.505031,135.386633,183.082625,130.710463,152.852284,171.518947,0.175467,0.532881,0.534622,0.400517,0.201873,0.223266,0.537858,0.497468,0.351560,0.624560,0.491023,0.447028,0.673461,0.473805,0.593356,0.199811,0.970518,0.347595,-0.098449,0.221591,0.862112,8.092872,5.152430
97.632896,164.683458,121.782020,162.014953,240.247470,175.770644,0.181020,0.094150,0.108619,0.966860,0.942166,0.731160,0.419586,0.570711,0.539031,0.676379,0.671931,0.332583,0.525988,0.792071,0.211930,0.895160,0.541715,-0.516496,0.313697,0.601682,0.553501,18.899321,10.398782
162.692649,171.784677,113.154587,314.299753,150.082738,123.866563,0.039311,0.109975,0.495037,0.159221,0.750502,0.461840,0.300825,0.296456,0.722484,0.384112,0.613984,0.182953,0.401361,0.516513,0.814127,0.219767,0.248842,0.278379,-0.156654,0.279561,0.704245,54.274386,2.638781
140.344746,152.630822,162.802251,144.280246,151.356220,147.515528,0.985569,0.007660,0.208670,0.314698,0.555543,0.492275,0.375319,-0.041628,0.252862,0.395876,0.800351,0.130558,0.518213,0.373721,0.568234,0.842795,0.886477,0.721275,-0.019435,0.452406,0.850970,31.236447,8.006386
152.991707,205.612258,191.914268,224.082390,235.299681,204.821875,0.395417,0.821249,0.301356,0.220477,0.414947,0.831500,0.854844,0.560956,0.536354,0.794657,0.548024,0.777577,-0.017901,0.355021,-0.059015,0.637396,0.507179,0.430027,0.132135,0.321051,0.780950,3.264309,91.986299
128.867175,162.983770,170.401620,108.766781,220.494717,127.437392,0.560676,0.164110,0.434118,0.754662,0.984783,0.565315,0.124870,-0.070492,0.607329,-0.360691,0.554745,-0.246100,0.542376,0.380895,0.940719,0.380133,0.958237,0.708087,0.253509,0.296609,0.209801,35.541553,5.534304
127.734734,237.371096,150.469558,203.423979,195.815186,101.072863,0.395959,0.526736,0.899565,0.492279,0.870363,0.115131,0.315441,0.890962,0.804288,0.679713,0.445707,0.283436,0.778311,-0.430285,0.660887,-0.073166,0.628310,0.531473,0.311070,0.699775,0.839623,6.679611,88.013462
130.259557,164.259320,162.044348,151.033652,168.295655,199.690521,0.963115,0.194826,0.344540,0.434471,0.123347,0.701324,0.077334,0.486019,0.172390,0.441421,0.399866,0.396005,0.294696,0.301516,0.375739,0.871344,0.645971,0.464464,0.107227,0.431081,0.499049,26.338682,16.032905
216.838846,107.588889,131.184559,244.006510,146.537193,222.260330,0.992617,0.483949,0.073438,0.594894,0.211069,0.731053,0.839254,0.601123,0.760668,0.227168,0.397226,-0.001590,0.509156,0.830619,0.921735,0.422535,0.261146,0.602611,0.841594,0.630744,0.329614,0.935517,2.321081
224.093275,208.234306,223.919134,179.020843,123.745587,251.226990,0.415596,0.972282,0.490547,0.357973,0.420966,0.180092,-0.003246,0.610754,0.322361,-0.100742,0.502824,0.848153,0.519886,0.808229,0.049481,0.829825,0.719259,0.635793,0.130880,0.184237,0.866325,0.001245,44.980102
103.436231,108.267769,197.654464,149.888649,219.661868,164.543152,0.873333,0.241051,0.444363,0.187668,0.952483,0.654556,-0.096455,0.961101,0.250048,0.751009,0.561786,0.567452,0.659655,-0.327405,0.224919,0.357709,0.228135,0.766989,0.624657,0.738310,0.419365,6.528519,4.739269
187.396606,174.663371,184.964002,340.250118,149.019480,130.164402,0.316310,0.161297,0.300827,0.220859,0.963632,0.467280,0.131765,0.914269,0.679119,0.229320,0.665487,0.260863,0.838450,0.723607,-0.197189,0.331906,0.212100,0.667796,0.281401,-0.044179,0.398365,2.456237,10.530882
116.842585,138.512906,120.891297,164.950673,154.632094,221.848084,0.353544,0.853480,0.160923,0.762422,0.659359,0.541525,0.631058,0.341330,0.977064,0.336920,0.655602,0.535211,0.909163,0.640833,0.461669,0.635402,0.628234,0.279299,0.831696,0.434930,-0.214292,0.047502,3.425991
204.042438,209.088621,165.545726,158.462925,199.057636,158.535128,0.230923,0.920599,0.677357,0.751410,0.793454,0.951128,0.048333,0.805684,0.499589,0.486683,0.261283,0.387030,0.833039,0.899520,0.952426,-0.029331,0.471512,0.014845,0.682632,0.646294,0.580795,29.049521,25.860215
134.444739,160.476243,236.551469,160.461388,142.207858,162.418170,0.297671,0.202375,0.012960,0.455102,0.538900,0.922506,0.720034,0.847604,0.243690,0.497094,0.775221,0.286585,0.660730,0.311301,0.186361,0.071265,0.139044,-0.027831,0.354541,0.765824,0.553874,22.751852,53.009558
161.835619,220.476582,172.345283,165.467011,141.021490,151.928959,0.227859,0.084439,0.789485,0.750306,0.812251,0.409155,0.350351,0.420020,0.609284,0.743390,-0.566131,0.212257,0.434471,0.840471,0.410053,0.708591,0.966844,0.865117,0.531220,0.384313,0.606178,6.377431,2.635866
270.038901,164.755527,160.894180,146.953903,95.923714,163.549258,0.243231,0.614883,0.091115,0.133891,0.529961,0.972079,0.715552,-0.108583,0.351029,0.818621,0.621396,0.432885,0.551690,0.688932,0.901450,0.609808,0.293774,0.625226,-0.117479,0.713086,0.253915,40.664396,24.222795
139.913826,131.611850,228.916403,149.921496,196.525659,217.720737,0.770083,0.620326,0.813751,0.005734,0.188266,0.249533,0.628122,0.383970,0.358334,0.470824,-0.169733,0.156232,0.000344,0.562941,0.508096,0.728369,0.865234,0.060489,0.671845,0.326244,0.971630,2.474403,38.301463
111.389171,171.371897,156.939647,176.938961,146.984440,178.599504,0.946701,0.990448,0.367865,0.438083,0.721974,0.745717,0.349180,0.731229,0.304848,0.350878,0.829069,0.467063,0.019130,0.609013,0.795245,0.251896,0.826305,0.333963,0.526781,0.293849,0.125709,12.062679,5.834428
194.133669,141.151672,173.086209,167.685069,239.127790,160.953347,0.519014,0.015227,0.994125,0.343879,0.936586,0.490770,0.906061,0.120064,0.676220,0.762876,-0.022270,0.255798,0.258873,0.396522,-0.174767,0.674414,0.615142,0.066960,0.310095,0.768813,0.270559,18.121335,29.988789
165.516816,114.020002,175.294503,130.924233,183.958602,160.032949,0.717852,0.951946,0.186829,0.709968,0.684110,0.241627,0.367154,0.521978,0.184494,0.854103,0.576147,0.672027,0.355328,0.605078,0.581797,0.474441,0.620454,0.546123,0.606320,0.108419,0.871943,14.878975,4.696583
182.333367,138.027474,217.042827,193.689419,142.763225,107.785100,0.289325,0.775729,0.159907,0.974530,0.290573,0.919083,0.088817,0.565156,0.443014,0.726193,0.710656,0.340724,0.455491,0.368011,-0.219707,0.482286,0.484307,0.908645,0.265582,0.863843,0.263269,0.700155,10.576942
185.589013,93.605141,177.991277,164.318878,165.029592,212.016993,0.559973,0.628108,0.774043,0.763645,0.528482,0.790207,0.605541,0.675757,0.597165,0.745232,0.504659,0.716823,0.201497,0.376897,0.221236,0.509894,0.327928,0.235164,0.089410,-0.202721,0.917914,11.442662,3.335567
145.326666,168.279956,149.701628,286.629252,157.142148,125.177376,0.688937,0.205913,0.703132,0.938656,0.278892,0.917941,0.758161,0.441897,0.349795,0.607396,0.299734,0.944945,0.739114,0.347549,0.410608,0.600830,0.767643,0.657118,0.298797,0.469387,-0.087570,25.370143,5.862478
209.940079,138.484723,124.834796,152.454843,169.527515,178.247314,0.898573,0.543026,0.386925,0.700592,0.415131,0.169367,0.083221,0.055171,0.256960,0.226042,0.364380,0.881974,0.612314,-0.500817,0.739481,0.727308,0.521257,0.392800,0.882550,0.000459,0.291998,22.524323,91.986912
158.181088,112.402733,219.563190,143.786395,182.133078,165.949230,0.502404,0.987025,0.984018,0.625929,0.654905,0.905508,-0.154321,0.347275,0.559977,0.476508,0.241431,0.618184,0.061947,0.308119,0.811709,0.484385,0.529879,0.512807,0.071800,0.378252,0.747139,30.063273,5.670040
188.291462,133.907602,152.320580,143.176399,127.116571,288.454877,0.002194,0.958104,0.610967,0.641795,0.525576,0.050670,0.170317,0.877689,0.442640,-0.046812,0.646122,0.834431,0.190511,0.441749,0.084345,0.891423,0.005531,0.252498,-0.514266,0.475314,0.767938,2.115675,88.022262
179.828051,187.717580,204.886753,121.914835,233.092700,226.998766,0.739305,0.353884,0.166621,0.637974,0.889299,0.812274,-0.198481,0.047546,0.813636,0.168794,0.556208,-0.013302,0.281014,0.169836,-0.210051,0.356762,0.693085,0.419989,0.623883,-0.014392,0.475285,5.007885,16.028569
127.504930,224.929490,199.191381,161.752476,154.201999,115.073870,0.515542,0.213508,0.453708,0.382418,0.757901,0.920634,0.732444,0.834813,0.969952,0.838209,-0.650342,0.723810,0.589123,-0.126913,0.696197,-0.131666,0.741585,0.788999,0.788296,-0.066492,0.615127,16.526982,2.393848
160.489232,183.943468,181.445746,170.098841,172.218893,155.263074,0.043188,0.658406,0.238437,0.467257,0.207538,0.624096,0.848075,0.323328,0.117202,0.092959,0.042953,0.337901,0.701555,0.562482,0.776015,0.522103,0.195849,0.593959,0.699989,0.748611,0.640832,44.891262,44.982162
177.140055,172.393416,196.795181,157.244699,116.846590,222.582877,0.154032,0.126152,0.575539,0.533930,0.535882,0.000895,0.448339,0.660528,0.442598,0.076309,0.742122,0.180726,0.016659,0.888211,0.660252,-0.035250,0.600227,0.551890,0.298221,0.066373,0.466099,7.855059,4.731909
131.552543,157.465898,95.943335,238.362412,228.973714,182.494201,0.425603,0.124033,0.963265,0.557956,0.781102,0.352281,0.774005,0.440247,0.418704,0.695943,0.864016,-0.239646,0.128071,0.467251,0.025308,0.609220,0.533850,0.318563,-0.097269,0.823468,0.549215,3.904012,86.020146
237.901093,198.543034,253.694235,128.649408,152.585657,265.288904,0.887488,0.765199,0.330569,0.995303,0.515946,0.869801,0.346297,0.577818,0.270858,0.429223,0.945939,0.607239,0.247893,-0.043260,0.782906,0.301934,0.420095,0.232612,0.498889,0.413959,0.886138,0.386218,35.781366
131.634896,192.619664,142.915248,142.791068,238.282101,238.882888,0.231188,0.282448,0.812716,0.602715,0.464074,0.857913,0.602410,0.255792,0.744489,0.322282,0.691844,0.868073,0.193701,0.256555,0.891611,0.326874,0.328951,0.617189,0.524802,0.745098,0.327064,56.826854,51.011033
227.338855,197.215352,167.382189,134.871881,162.899021,191.366031,0.215110,0.472234,0.792390,0.689217,0.986638,0.844685,-0.002422,0.689041,0.959428,0.313353,0.270500,0.331497,0.572354,0.080897,0.576468,0.336263,0.490123,0.206780,0.389063,0.583802,0.674406,32.239694,74.987406
198.618077,199.407029,238.315169,220.868062,190.257940,189.504867,0.389573,0.635605,0.640748,0.281315,0.708816,0.081645,0.743800,0.211003,0.461638,0.239577,0.709587,0.700417,0.180629,-0.085011,0.560608,0.857421,0.220104,0.074912,0.073557,0.621372,0.832548,33.273160,19.387868
127.268302,101.893852,120.589022,162.170959,137.755001,151.500186,0.879427,0.854951,0.228256,0.616411,0.776802,0.787240,0.638984,0.471518,-0.057265,0.457922,0.076932,0.973750,0.840552,0.516370,0.482483,0.763570,0.708041,0.711179,0.659507,0.824664,0.941639,4.172665,10.368051
179.829442,153.310514,173.361207,122.523772,164.054315,255.855845,0.531522,0.385678,0.890458,0.234685,0.693323,0.837450,0.588198,0.538744,0.753197,-0.084625,0.268363,0.137639,0.552379,0.160989,0.259734,-0.144210,0.519920,0.782825,0.685003,0.493385,0.153328,35.256579,2.874329
179.438654,154.229595,161.809765,187.374601,97.568246,123.038758,0.139863,0.657800,0.434978,0.085644,0.632991,0.399869,0.432955,0.229974,0.754314,0.811117,-0.121149,0.872899,-0.055607,0.665784,0.044529,-0.303605,0.720127,0.615612,-0.754729,-0.359242,0.046722,33.643161,22.991106
134.323755,183.677068,181.320013,208.871671,193.208983,138.224951,0.550187,0.688510,0.013526,0.830029,0.580697,0.054314,0.407979,-0.062689,0.676652,0.129260,0.760691,0.338314,0.642221,0.647202,0.864047,0.556469,0.121960,0.881754,0.135473,0.017368,0.216057,32.281092,4.433778
180.745367,254.273520,178.484597,202.539967,174.097987,135.520856,0.095262,0.511861,0.527709,0.868490,0.365627,0.028057,-0.047823,0.677905,0.023162,-0.108577,0.706945,0.555447,0.514387,0.811202,0.263627,0.410072,0.425450,0.011713,-0.422727,0.238506,0.582867,44.728962,29.991080
166.179821,125.184385,137.978277,184.526821,215.030076,130.073379,0.641906,0.926166,0.500364,0.622951,0.892743,0.034261,0.584263,0.349017,-0.136994,0.813736,0.346965,-0.005789,0.524774,0.122099,0.693181,0.277477,0.590551,0.598101,0.211320,0.427863,0.716366,10.659784,4.807638
176.128579,348.236996,271.190998,170.779555,144.436826,181.688046,0.945356,0.635447,0.856965,0.648565,0.120677,0.049342,0.462786,0.050004,0.314569,0.645364,0.706130,0.103681,-0.143702,0.265485,0.051102,0.402545,0.183071,0.423341,0.316148,-0.527960,0.695411,1.141492,10.555059
188.946065,137.422396,153.894108,187.710089,192.206044,225.536488,0.099916,0.853074,0.999916,0.693307,0.416815,0.286503,0.319973,0.550842,0.786160,0.609898,0.092518,0.593873,0.622969,0.763108,0.534829,0.244995,0.876517,0.176715,-0.007600,0.925393,0.614012,34.147260,2.567946
203.810721,107.028003,176.259854,131.645542,138.320156,117.883090,0.474873,0.030841,0.712810,0.399442,0.820682,0.606425,0.120351,0.801288,0.851958,0.545490,0.465407,0.767268,-0.195860,0.679063,0.584489,-0.060069,0.390816,0.175514,0.693721,0.592030,0.607342,26.700270,7.523657
204.114159,201.524565,192.223524,166.473172,204.057178,188.368929,0.569046,0.138085,0.558842,0.916289,0.892196,0.416532,0.895610,0.605753,0.384507,0.775367,0.925642,0.200717,0.640514,0.662115,-0.018089,0.333581,0.238330,0.877718,0.845104,0.192634,0.723746,50.360574,91.990593
110.245815,98.874700,152.100585,139.726885,139.508135,227.850651,0.748294,0.614863,0.392096,0.529004,0.437019,0.772776,-0.229813,0.705707,0.634386,0.315509,0.951982,0.437894,0.767533,0.759423,0.491185,0.931158,0.433151,0.946166,0.168097,0.169996,0.750545,2.950932,5.079098
182.276055,160.115254,113.451838,198.220595,116.417801,208.095203,0.590693,0.219356,0.632908,0.588394,0.146914,0.161457,0.696115,0.638604,0.252932,0.573933,0.069100,0.449917,0.070137,0.378073,0.398432,0.439069,0.347569,0.095239,0.061298,0.549098,0.641100,12.519410,88.016129
174.248962,156.237912,159.324312,185.173622,257.659787,180.995735,0.120362,0.273373,0.717236,0.261611,0.156913,0.811696,0.526995,0.788808,0.499812,0.137373,0.854498,0.767223,0.821322,0.279627,-0.082739,0.514928,0.229931,0.842679,0.280545,0.826004,0.669777,4.223305,25.939076
140.312096,117.282401,176.505196,141.775519,224.424533,97.636544,0.694577,0.592579,0.253992,0.708053,0.891396,0.434239,0.353722,0.659129,0.303177,0.477120,0.567567,0.253734,0.508474,0.492509,0.468567,0.561412,0.888915,0.771564,0.863595,0.293563,0.326941,20.788531,53.008957
256.512421,149.702460,174.805107,193.710539,301.629105,150.721959,0.198249,0.920070,0.289527,0.919398,0.205073,0.666248,0.407112,0.413060,0.858483,0.020488,0.442454,0.757195,0.811286,0.768865,0.736869,0.275003,0.211019,0.283461,0.641071,0.604644,0.767703,48.322671,2.291701
158.711125,196.556781,197.060232,150.383031,129.488642,151.803528,0.618775,0.117353,0.894100,0.193279,0.764381,0.741309,-0.170219,0.513349,0.282025,0.584682,0.433569,0.454003,0.588368,0.309714,0.280900,0.682711,0.608820,0.481722,0.675767,0.225893,0.450809,19.233993,24.131165
195.914266,169.434821,194.170752,133.189107,210.748438,230.823948,0.384450,0.916695,0.774383,0.546742,0.213754,0.388403,0.282458,0.407444,0.390564,0.506709,0.364646,0.570855,0.647351,0.814306,0.089346,0.560286,0.426545,0.616537,-0.304552,0.109196,-0.025922,13.290114,38.464180
184.225703,146.764019,196.870845,206.748398,135.760326,178.228017,0.748172,0.286029,0.384332,0.546835,0.032762,0.309295,0.789093,0.792674,-0.081916,0.255244,0.559181,0.219247,0.758532,0.592403,0.154637,0.192396,0.480640,0.654156,0.129336,0.758853,-0.011125,12.299966,3.067850
189.318068,210.074421,161.873926,194.003052,136.549144,216.878272,0.966965,0.039703,0.320025,0.122049,0.308517,0.408790,0.640408,0.185729,0.266310,0.313530,0.214744,0.497019,0.412504,0.181930,0.919502,0.470051,0.116763,0.283599,0.766035,0.453391,0.466392,14.322745,29.988905
151.717258,187.041855,128.695795,178.572440,189.768898,163.887280,0.926864,0.403994,0.720044,0.602766,0.996063,0.219161,0.890547,0.777728,0.762785,0.651318,0.457136,0.547686,0.892164,0.194586,0.135423,0.425538,0.396634,0.665662,0.330868,0.499078,0.564585,55.421348,4.902516
174.534459,325.360465,115.077872,138.753531,162.134857,239.038708,0.189979,0.609183,0.261318,0.626556,0.833622,0.067798,0.731805,0.855297,0.144436,0.686488,0.386594,0.542665,0.437155,-0.106358,0.580806,0.591400,0.671342,0.445569,0.451037,0.139192,0.496232,30.267496,10.101006
241.955146,138.624718,170.689636,238.573966,192.085786,171.312780,0.349541,0.920380,0.599773,0.666224,0.045515,0.650832,0.904540,0.520430,0.184484,-0.220917,-0.279188,0.692126,0.526780,0.462454,0.572521,0.348814,0.506940,0.476280,0.284371,0.502405,0.780231,1.317141,1.920790
180.701207,114.435572,196.547504,150.639672,165.919774,175.422299,0.482619,0.677094,0.583017,0.853466,0.044334,0.813621,0.475151,-0.018191,0.047004,0.616561,0.858687,0.615119,0.152210,0.572681,0.790134,0.819764,0.008629,0.889599,0.148612,0.688498,0.104292,0.001739,6.556394
136.317993,119.241096,227.039920,270.753126,118.136078,204.088120,0.936639,0.195750,0.539141,0.634726,0.961014,0.304514,0.732422,0.916448,0.070851,0.518258,0.365832,-0.052503,0.501249,0.731076,0.170600,0.525850,0.740177,0.173290,-0.370535,0.527072,0.551105,0.772470,91.983662
128.693692,231.423778,168.733952,166.693819,189.663964,153.871762,0.417197,0.810464,0.263165,0.753018,0.067928,0.753880,0.599322,0.458416,0.776871,0.321119,-0.431917,0.619722,0.697342,0.104138,0.222751,0.547332,0.691351,-0.231302,0.369218,0.695814,0.483576,55.371871,5.910170
196.654109,207.540019,152.847037,107.554915,254.430340,155.387845,0.138320,0.438469,0.140443,0.524894,0.751491,0.558906,0.853809,0.332193,0.569461,0.692386,0.490199,-0.055556,0.035687,0.275608,0.472343,0.762498,-0.372838,0.557364,0.470135,0.113241,-0.022354,31.567541,88.022291
110.639552,139.963666,114.027134,140.931424,138.467629,91.831119,0.375654,0.040693,0.473421,0.931983,0.157627,0.420436,0.087613,0.063690,0.313659,-0.079573,0.619484,0.244280,0.513240,0.388063,0.159862,0.570860,0.059382,0.836834,0.260723,0.604989,0.430404,10.883559,16.148685
205.873623,162.027679,142.006507,239.082560,232.933579,205.434740,0.709858,0.330761,0.637325,0.904592,0.066105,0.915987,0.476596,0.366163,-0.045771,0.964651,-0.012232,0.750766,0.373470,0.371632,0.755740,0.655932,-0.019339,0.647094,0.445016,0.042406,0.108476,0.982341,1.316359
197.767356,136.235962,95.405956,130.175040,244.829082,204.001689,0.725039,0.047951,0.807096,0.832090,0.578805,0.239718,0.517445,0.520035,0.427623,0.891656,0.601525,0.564762,0.112713,0.499787,0.863005,0.707388,-0.138407,0.136087,0.355734,0.702283,0.786835,11.719007,44.973256
129.807258,166.672701,141.829506,191.047615,146.432179,204.148429,0.517294,0.991953,0.488442,0.208995,0.332882,0.633046,0.717962,0.290543,-0.376747,0.469516,0.794744,0.068013,-0.292725,-0.138781,0.634152,0.416489,0.125522,0.652472,0.303577,0.872607,0.751365,1.033866,5.405565
195.626660,127.560013,165.771064,111.270344,194.339976,182.170560,0.395510,0.931182,0.917797,0.182358,0.404709,0.382399,0.726106,0.919136,0.649636,0.678736,0.490045,0.614689,0.528907,0.672755,-0.200758,0.640940,0.253374,0.799120,0.833786,0.487750,-0.070472,0.873274,10.501282
140.372197,105.285685,112.693525,234.085783,149.400962,195.446730,0.767721,0.167732,0.386338,0.199869,0.405406,0.584765,0.741048,0.279240,0.636023,0.286820,0.588863,0.475068,0.433876,0.625178,0.743129,0.335575,0.322313,0.048382,0.825588,0.351435,0.806648,25.607234,2.375352
132.994997,198.053257,163.954932,186.220457,159.787003,134.878646,0.072513,0.790361,0.101824,0.755773,0.551016,0.909105,-0.013571,0.351141,-0.029459,0.845700,0.467539,0.417827,0.647519,0.461121,0.407033,0.338929,0.197011,0.581621,0.928313,0.513194,0.736021,3.187234,3.157064
167.239613,105.445879,125.464841,165.999690,158.463286,158.709377,0.575957,0.513086,0.475041,0.052164,0.675217,0.605305,0.286886,0.313369,0.077152,0.305523,0.651099,-0.579598,0.352685,0.075211,0.662311,0.422688,0.536121,0.273757,0.178165,0.569292,0.579505,38.854740,61.990979
160.590368,182.788041,222.873760,141.651650,179.829975,186.320720,0.178206,0.810958,0.429960,0.420319,0.618064,0.222686,0.176504,0.609754,0.468444,0.374327,0.356469,-0.322166,0.664704,0.327664,-0.114167,0.883707,0.879037,0.310668,0.446106,0.408716,0.557212,37.271921,6.653079
192.750217,158.530909,144.744364,142.175992,140.783234,141.737988,0.407703,0.360639,0.156841,0.637154,0.784825,0.894242,0.619380,0.994513,0.822168,-0.313322,0.756360,0.027268,0.958781,-0.368129,0.778177,0.522010,0.536971,0.801967,0.378758,0.691926,-0.393438,32.453201,86.014217
157.669867,229.470134,134.758962,131.943722,192.577828,141.633454,0.215756,0.858330,0.665341,0.993064,0.750054,0.702550,0.549703,0.503485,-0.233722,0.562510,0.046611,0.743830,0.473814,0.085840,0.536669,0.323906,0.575707,0.117134,0.159073,0.783002,0.529560,35.734952,35.786065
202.060730,133.569969,264.181037,209.073561,216.028324,181.636666,0.095864,0.256452,0.690181,0.091852,0.423469,0.296279,-0.139158,0.142008,0.403794,0.621327,-0.646169,0.810820,0.173943,-0.118803,0.567501,-0.069139,0.605367,0.460549,-0.142688,0.581033,0.575327,0.422884,51.009085
171.042604,175.192422,113.769286,163.381705,137.087574,200.960161,0.548273,0.978486,0.848042,0.596984,0.120679,0.888977,-0.174469,0.898099,0.083415,0.835375,0.136881,0.650763,0.503696,0.620817,-0.128000,0.813355,0.802308,0.529051,0.703746,0.490875,0.545014,9.496420,75.010316
89.677340,185.638702,108.467145,170.371655,170.924792,112.877205,0.406506,0.371056,0.314629,0.601899,0.955362,0.129766,0.865630,0.931193,0.627132,0.258994,0.846070,0.638435,0.160029,0.731842,0.044802,0.621240,-0.290576,-0.467055,0.300090,0.871390,0.948656,4.719749,20.027888
140.902703,173.919183,265.823761,188.968761,134.923178,233.666998,0.254022,0.928798,0.978687,0.286093,0.345179,0.140822,0.811466,0.287602,0.051742,0.758279,-0.017389,-0.108784,0.715544,-0.052577,0.881491,-0.285006,0.167963,-0.337174,0.197292,0.606272,0.136522,1.662840,9.855774
118.864479,185.538990,299.226898,185.266561,183.414332,247.296397,0.174384,0.478112,0.740800,0.037057,0.371676,0.789192,0.245448,0.384974,0.301454,0.593206,0.908602,0.159247,0.651898,0.034105,0.875075,0.447232,0.467104,0.573505,0.823005,0.764271,0.934657,60.650574,2.690953
115.192024,161.300750,141.990540,121.616314,119.920531,160.469120,0.926742,0.247695,0.380254,0.692107,0.969147,0.755040,0.572897,0.265239,0.495288,0.012694,0.696990,0.493333,0.607790,0.623772,0.233448,0.156188,0.853383,-0.223377,0.777259,0.585768,0.557171,12.072845,22.992870
118.242697,381.142760,193.734573,164.999864,150.623097,236.775930,0.538200,0.356938,0.233202,0.867799,0.807815,0.072450,0.850810,0.626124,0.744222,0.181154,0.409894,0.025348,0.601135,0.372101,0.128746,0.017032,-0.292219,0.558195,0.806918,0.807810,0.530220,0.127161,4.910411
294.936269,165.949411,234.173138,139.735499,157.197988,203.039656,0.124374,0.894673,0.692905,0.775771,0.903492,0.302933,0.102373,-0.038252,0.578153,0.565618,0.075808,0.800215,0.022119,0.802098,0.755664,-0.017269,0.598945,0.532239,0.070981,0.710773,0.378690,2.377408,29.987447
182.332857,155.786971,188.004729,114.254478,191.963432,193.440611,0.275156,0.985042,0.011887,0.693032,0.483843,0.587762,0.183073,0.172532,0.592461,0.485157,-0.040516,0.695615,0.056068,-0.549203,0.127550,0.346052,0.235703,0.365644,-0.063134,0.315623,0.664311,28.186615,4.164418
136.186006,166.965158,189.981969,195.617678,176.870304,102.907303,0.236985,0.286272,0.835936,0.893217,0.812357,0.186649,0.537686,0.029835,0.705140,0.343634,0.138072,0.447027,0.366372,0.614922,0.938984,0.385927,0.161882,0.407419,0.095190,0.408980,-0.306379,11.074902,10.545683
183.224684,146.753807,189.175588,125.445383,162.740895,213.576409,0.922378,0.506529,0.811949,0.503835,0.173501,0.340489,0.146667,0.934162,0.434692,0.786152,0.293461,0.911270,0.913883,0.216012,0.515755,-0.034072,0.856741,0.817795,0.759900,0.572009,0.519989,53.131639,4.840345
121.613447,167.195955,175.202383,165.261735,257.746478,223.328718,0.024691,0.326614,0.311570,0.866771,0.611718,0.353200,0.617721,0.229043,0.216582,-0.075105,0.474209,-0.295538,0.194640,0.361137,0.404496,-0.240825,-0.145267,0.292922,0.071957,-0.161964,0.111784,11.902575,10.440985
240.815607,196.375012,233.661221,139.166763,198.165044,157.935910,0.340880,0.264476,0.933221,0.630889,0.020727,0.463078,0.097835,0.860998,0.147488,0.737177,0.489597,0.499287,0.351961,0.568071,0.635217,0.934747,0.359911,0.513774,-0.536174,0.266973,0.398762,17.966223,2.701533
183.145191,269.262692,157.609449,117.360686,169.338513,302.104797,0.995424,0.136936,0.560646,0.396528,0.999781,0.904216,0.363196,0.544950,0.141314,0.482053,-0.119389,0.664064,0.918114,0.522225,0.147448,0.650632,0.882370,0.513257,0.384919,0.160083,0.946764,9.161818,8.394726
164.666315,139.692671,194.800428,233.431868,168.587422,196.305078,0.230805,0.635951,0.566293,0.576141,0.597597,0.249510,0.069079,0.586901,0.650248,0.443936,0.552335,0.749845,0.701733,0.292022,0.481745,0.767713,0.366420,0.471287,0.552746,0.402434,0.829290,33.497507,91.983362
165.882802,223.168501,103.071950,132.004090,130.448315,129.101206,0.977582,0.903167,0.022412,0.236380,0.447767,0.757473,0.761495,0.037010,0.616713,0.851473,0.461464,0.885712,0.678731,0.510770,0.668540,-0.503163,0.116968,0.510795,0.509156,0.279376,0.633986,39.858957,5.695763
231.324507,377.502407,134.135430,231.296711,207.082721,188.026457,0.825863,0.092126,0.644958,0.706489,0.972825,0.819109,0.659705,0.905620,0.773007,0.622419,0.658219,0.464877,0.930414,0.529179,0.685523,0.091491,0.712984,0.037214,0.550755,0.910809,0.651540,0.937213,88.019037
136.878403,192.689529,238.300924,129.280458,132.712119,79.603388,0.004030,0.170997,0.335040,0.850647,0.089526,0.183589,0.736347,0.959803,0.209844,0.195452,0.736968,0.239944,0.444895,0.071302,0.358661,0.475753,0.229721,0.540609,0.218273,-0.311257,0.146253,1.978054,25.840309
146.086732,240.067426,96.442780,197.817930,215.512788,188.822726,0.657866,0.271457,0.969776,0.863015,0.583932,0.295504,0.321403,-0.195842,0.294960,0.975246,0.412155,0.727098,-0.280622,0.656954,0.683587,0.623743,-0.404785,0.752199,0.581754,0.956267,0.196404,12.135705,53.008864
111.464755,169.663778,218.024441,281.394872,89.399810,144.422924,0.590963,0.178040,0.747756,0.564781,0.282711,0.586348,0.749103,0.284365,0.047383,0.180733,0.679232,0.577838,0.086494,0.336398,0.629207,0.212792,0.744953,0.360956,-0.241696,-0.191630,0.146241,12.626285,2.076675
136.032495,201.484128,132.896098,191.415444,191.123920,209.622796,0.960061,0.168084,0.048195,0.412617,0.026352,0.927907,0.827421,0.391159,0.059062,0.599977,0.879542,0.025728,-0.019310,0.473713,-0.471832,0.872099,0.036530,0.339277,0.705461,0.271097,0.779640,51.228057,23.849147
197.506471,213.040207,121.921753,207.350855,120.330666,134.549135,0.397304,0.961457,0.568323,0.749703,0.181889,0.417137,0.534284,0.195401,0.719802,0.665558,0.326085,0.346533,-0.335308,0.792371,0.109834,0.549273,0.226494,0.582877,0.832380,0.351703,0.364133,40.304733,38.270443
229.823334,188.431352,194.389752,189.750803,130.762486,136.418140,0.765868,0.942045,0.411098,0.025424,0.865293,0.242207,0.488099,0.215639,0.259169,0.339521,0.301514,0.675752,0.329492,0.008092,0.184150,0.777971,0.488884,0.286138,0.751505,0.866698,0.876201,19.957541,3.978636
125.021145,128.824811,132.486820,146.527269,158.272121,148.017063,0.352474,0.422535,0.599534,0.060158,0.445166,0.704511,0.577285,0.498625,0.625969,0.654007,0.213133,0.556436,0.392592,0.741791,0.105091,0.193278,0.403541,0.089145,0.675745,0.617111,0.767781,7.674913,30.036700
181.106796,173.883690,144.118630,111.664561,192.245593,263.690920,0.356444,0.674571,0.306203,0.691807,0.524748,0.022837,0.969191,0.736208,0.360667,-0.045181,0.893945,0.367448,0.029706,0.741622,0.488063,0.337310,0.852480,0.873122,0.706521,0.477616,0.394405,18.179529,5.274682
246.312460,209.098382,204.239186,185.326438,157.285421,226.303871,0.718400,0.346897,0.606894,0.874028,0.234985,0.174642,-0.084417,0.943569,0.804651,0.875402,0.490208,0.736049,0.612830,0.672061,0.482281,0.217964,0.735934,0.312611,0.527643,0.314356,0.289448,24.739977,10.617811
97.039753,171.921390,121.365777,171.576827,195.305966,156.910804,0.511163,0.662206,0.933613,0.473860,0.284870,0.675485,0.071903,0.748375,0.614868,0.474156,0.223985,0.480906,0.834197,0.624370,0.619486,-0.136368,0.185129,0.715401,0.010909,0.644276,0.606675,4.561025,2.871105
177.916646,154.695870,159.132118,128.099505,158.605385,204.461311,0.696924,0.563621,0.735475,0.812602,0.999291,0.704827,0.050560,0.262690,-0.156719,0.435412,0.456973,0.694615,0.524193,0.823487,0.395794,0.541519,-0.132298,0.747187,0.934510,0.866747,0.683212,2.810178,8.230002
216.602155,159.419831,217.832484,183.969369,279.127460,178.484298,0.818993,0.225801,0.556385,0.350441,0.200883,0.739467,0.494493,0.639210,-0.132178,0.790562,0.576048,0.706395,0.816033,0.851143,0.212505,-0.012430,0.609091,0.420824,0.394835,0.444016,0.497514,14.254155,92.010652
206.849334,124.234173,143.847919,115.498166,231.126357,118.204866,0.264999,0.897309,0.658917,0.661110,0.502645,0.671824,0.579834,0.607187,0.878918,0.437385,0.291346,0.340945,0.605734,0.661581,0.013136,0.577890,0.717660,0.876988,0.477871,0.436303,0.130334,7.737807,4.970457
180.117609,162.063845,153.372148,188.334323,131.038654,178.453931,0.770014,0.163544,0.287908,0.792844,0.216616,0.567276,0.078451,0.249296,0.708014,0.847902,0.587077,0.732390,0.261500,0.236305,0.022407,0.113861,0.560082,0.470193,0.609649,-0.041976,0.606622,18.931129,88.018131
210.455403,236.787678,137.306994,181.968296,162.401049,145.239827,0.044342,0.616805,0.575008,0.239606,0.056916,0.117870,0.596555,0.771409,0.642931,0.498131,0.188734,0.333881,0.523808,0.012592,0.399717,0.056153,0.725429,0.749426,0.889909,0.313206,0.619749,47.518246,16.038694
135.087872,112.165683,160.129252,145.084789,139.941503,160.144293,0.594693,0.269372,0.360360,0.423775,0.195499,0.988148,0.088084,-0.207316,0.010688,0.754658,0.360596,0.596200,0.540039,0.199777,0.390401,0.757318,-0.065549,0.508520,0.433709,0.760093,0.400044,43.987570,1.811299
135.548391,193.479523,159.562259,181.368560,182.882235,167.413584,0.612377,0.185113,0.443966,0.690281,0.941483,0.025957,0.804629,0.944496,0.172372,0.877373,0.634133,0.870990,0.401997,-0.011542,0.385310,-0.094958,0.325846,0.876085,0.205513,0.019797,-0.053751,9.227317,44.977471
158.021535,187.728735,157.087141,147.709867,202.930848,183.737319,0.957506,0.532071,0.690194,0.223838,0.567014,0.044369,0.286271,0.748048,0.537971,0.056185,0.053942,0.716063,0.478724,0.745235,0.472918,0.645279,0.228198,0.879543,0.693571,0.688948,0.692436,9.005594,4.733651
162.739139,131.673123,187.682597,244.868230,149.240350,111.510962,0.843949,0.382234,0.457756,0.082448,0.130328,0.808102,0.335935,0.771967,0.475964,0.839898,0.395051,0.574496,0.054384,0.574024,0.468546,0.581701,0.231229,0.111509,0.586779,0.658028,0.535196,44.738274,10.745184
197.212601,135.192143,206.317524,139.346484,127.181358,146.103465,0.224876,0.024022,0.148807,0.088141,0.822825,0.927677,0.280792,0.871083,-0.204004,0.138305,0.377064,0.845688,0.638968,0.942565,0.079646,0.941234,-0.104021,0.613280,0.682875,0.771850,0.494544,57.644062,1.938556
196.046759,179.536475,113.642262,156.849376,132.249914,86.251698,0.051774,0.851047,0.095054,0.092050,0.183757,0.720508,0.447255,0.449112,0.832316,0.499664,0.247039,0.308614,-0.158205,0.197595,0.126471,0.244701,0.631248,0.539976,-0.133304,0.606869,0.432736,33.964468,2.634077
168.807678,267.165326,231.481614,155.018481,216.686216,139.260131,0.997780,0.165780,0.948557,0.394397,0.307038,0.902646,0.273575,0.108041,0.660914,0.488443,0.565121,0.100657,0.289321,0.387381,0.398040,0.145499,0.559114,0.352333,0.338761,0.458027,-0.350910,30.128891,16.013030
349.168119,151.340908,155.435734,97.770865,180.691261,172.766580,0.306562,0.140144,0.242104,0.443647,0.844863,0.562346,0.553095,0.129228,0.135353,0.274904,0.390125,0.909893,0.401205,0.088428,0.006425,0.929143,0.018060,0.211711,-0.040345,0.257737,-0.051022,40.133402,2.809919
199.488094,179.989707,234.026474,165.776463,176.858227,221.141001,0.048535,0.741274,0.495176,0.336511,0.495025,0.927957,0.311823,0.242795,0.606032,0.833585,0.747138,0.150537,0.677983,0.829043,0.397800,0.143378,0.562371,-0.143222,0.850701,0.084499,0.691573,9.091703,44.977416
231.464135,178.559271,187.953732,227.507168,147.715216,131.330233,0.545487,0.295766,0.483193,0.621113,0.786822,0.363430,0.443442,0.087495,0.268772,0.090168,-0.013388,0.569213,0.898747,0.400199,0.266575,0.083454,0.809067,0.911025,0.123327,0.751472,0.529367,6.283489,4.725189
122.281645,234.744451,128.522440,149.295950,135.850844,219.310136,0.267795,0.297344,0.796772,0.819599,0.167894,0.734349,0.599320,0.234920,0.393787,0.681537,0.272462,-0.212364,0.093381,-0.146597,0.309634,0.430259,0.483676,0.859777,-0.031013,0.216012,0.806657,0.599247,10.370029
158.108678,183.045350,159.687173,186.083310,217.491653,110.039174,0.053989,0.885447,0.562882,0.395544,0.039341,0.014267,0.634873,0.404443,-0.046898,0.515996,0.795967,0.246090,-0.086115,0.459087,0.136463,0.888240,0.662349,0.064450,0.406703,0.111129,0.693387,23.621228,2.267037
100.983133,150.589832,200.861814,175.723132,163.076252,101.925163,0.879053,0.953361,0.765646,0.712589,0.527281,0.064360,0.661992,0.599540,0.680793,0.678568,0.565286,0.603479,0.082612,0.411852,0.481358,0.010905,0.238714,0.414727,-0.191360,0.095211,-0.056354,0.148890,3.486896
202.580861,98.854822,172.276631,170.116511,162.811547,181.524073,0.035942,0.252952,0.170190,0.085016,0.663505,0.154135,0.536803,-0.373176,0.006903,0.351048,0.739039,-0.032536,0.609305,0.598690,0.192788,0.823134,0.694387,-0.135876,0.423092,0.368015,0.648258,29.227002,61.982381
205.859295,121.990177,167.915146,143.081281,150.388152,160.060793,0.173991,0.753317,0.546648,0.961243,0.703440,0.924693,0.545024,0.645314,0.509679,-0.273287,0.472056,0.219054,0.708498,0.587264,0.763448,-0.134577,0.373632,0.527114,-0.130037,0.615214,0.093250,6.154547,6.124839
194.259967,264.042346,213.075943,130.626432,136.201378,155.729911,0.213036,0.460542,0.424754,0.868107,0.049153,0.547484,0.313124,0.671889,0.011842,0.427743,0.931418,0.000019,0.368267,0.271843,0.502059,0.853339,-0.348453,-0.140182,0.452670,-0.694860,0.640394,28.599406,86.018652
171.123981,193.763727,173.599317,146.238229,249.227668,124.969010,0.514633,0.513711,0.833951,0.145541,0.147803,0.603408,0.348644,0.772600,0.148627,0.670575,0.663109,0.437971,0.710203,-0.242027,0.387894,0.499741,0.195241,0.334777,0.971992,0.779592,0.056116,0.014747,35.784119
106.748842,114.669684,219.403822,102.309184,125.083983,214.290757,0.298434,0.743115,0.277197,0.528085,0.480112,0.023386,0.724029,0.345861,0.701114,-0.341475,0.315785,0.231127,0.317832,-0.051627,0.176658,-0.465980,0.494222,0.354913,0.663085,0.484270,0.926810,5.259766,51.007083
151.302504,210.712770,111.548141,122.316039,141.547767,207.576812,0.130640,0.994625,0.089779,0.484344,0.313776,0.963051,0.844211,0.416473,0.044829,0.669168,0.121581,0.093144,0.390988,0.194656,0.415376,0.327827,0.102930,0.260763,0.815405,0.806596,0.500505,10.929928,74.985461
139.558965,152.491246,125.361220,150.413325,200.312942,204.367281,0.109496,0.603370,0.690660,0.341277,0.403096,0.221787,0.277702,0.468468,0.562079,0.123082,0.218079,0.721706,0.284049,0.536571,0.629144,0.094919,0.407168,0.039112,0.286719,0.715473,0.790643,45.503322,19.567490
193.772178,162.906031,169.369408,180.302508,177.543958,154.884523,0.960852,0.535330,0.225749,0.732241,0.308243,0.769930,0.657729,0.139005,0.509274,0.762386,0.260657,-0.281662,0.732326,0.561875,-0.035732,0.377410,0.391284,0.865151,0.566056,0.524135,0.337656,10.255692,10.453995
147.311006,185.300462,179.075724,223.588023,194.111925,106.166397,0.527621,0.658527,0.348257,0.187556,0.600242,0.934445,0.046399,0.232382,0.459436,0.359957,0.760026,0.166860,0.637320,0.163880,0.498094,0.565052,0.227637,0.204615,0.500917,-0.300124,0.543049,46.002631,3.673775
199.561367,199.850957,167.350766,183.132765,128.514738,85.330553,0.832331,0.812889,0.026803,0.873112,0.492038,0.496886,0.442489,0.648503,0.655573,-0.059348,0.852141,0.465967,0.784159,0.233616,0.064540,0.812402,0.784192,0.009791,0.423871,0.461946,0.393336,20.762511,22.995671
140.211168,172.414531,183.726284,98.387353,129.908149,192.105677,0.039813,0.593220,0.307466,0.909127,0.668043,0.017689,0.244262,0.026782,0.761384,0.345520,0.046544,0.840698,0.746568,0.048306,0.318900,0.478973,0.738152,0.771528,0.250560,-0.049039,0.497285,4.496500,4.062946
179.759040,128.983586,309.727011,210.721670,155.843248,171.956160,0.006047,0.701851,0.810236,0.301814,0.241406,0.378821,-0.256630,0.415358,0.249407,0.764485,0.464356,0.812049,0.435663,0.730212,-0.493143,0.013589,-0.174716,0.168723,0.804427,0.768919,0.836749,1.533625,30.055533
160.682493,121.803739,167.186280,139.175959,132.444939,247.538346,0.558037,0.331424,0.792132,0.305739,0.817346,0.194006,0.672416,0.563084,0.775053,0.254847,0.682252,0.609246,0.744361,0.860275,0.952703,0.770150,0.315322,0.661050,0.062852,0.668001,0.143660,40.847709,4.660830
259.703792,149.469550,137.183338,166.698274,245.921647,232.072943,0.269591,0.003879,0.277183,0.329927,0.920810,0.019376,0.016293,0.452366,-0.344224,0.583061,0.472720,-0.373362,0.758020,0.274525,0.703820,0.067026,0.352936,0.561112,0.578050,0.641310,0.370793,3.777722,10.707353
213.448461,284.736983,143.285862,197.264271,127.852076,108.387175,0.272824,0.941148,0.299321,0.947427,0.524302,0.179517,0.699270,0.296483,-0.351297,0.470531,0.759944,0.338844,0.227611,-0.327568,0.222366,0.406646,0.658277,0.370050,0.827254,0.654746,0.715797,6.573380,2.401114
207.241620,191.729124,348.495007,120.819436,363.736312,217.551301,0.645614,0.653960,0.719818,0.055874,0.171467,0.029472,0.463742,0.530968,0.672675,0.769036,0.842995,0.693720,0.925907,0.667187,0.597979,0.479456,0.724427,0.700598,-0.001106,0.463129,0.648431,30.136325,88.023372
152.531443,129.813523,168.163932,150.511093,128.787235,225.888723,0.718745,0.228962,0.021138,0.679966,0.924829,0.326345,0.476682,0.558239,0.289058,0.489012,-0.128503,0.610636,0.335117,0.153954,0.555280,0.597955,0.713521,0.538509,0.480577,-0.384835,0.258855,7.350109,16.016335
117.911836,129.958128,211.979279,132.961590,225.056039,201.306443,0.713320,0.309549,0.382245,0.567352,0.638161,0.109639,-0.103587,0.071933,0.826772,0.289769,0.223730,0.129691,0.023345,0.637937,0.708169,0.845839,0.435308,0.844178,0.552991,0.855459,0.224762,0.975526,3.284090
202.990596,181.975842,149.100042,156.913042,142.021991,225.480906,0.106720,0.086425,0.007463,0.386396,0.962749,0.097183,-0.165063,0.581901,0.217416,0.035354,0.858863,0.822222,0.163685,0.445646,0.081293,0.445753,0.535203,0.368085,0.642716,0.251001,0.232657,0.668933,44.974311
110.667960,160.907776,110.546575,222.618732,185.179512,124.298936,0.601073,0.962261,0.859721,0.576179,0.589446,0.605433,0.480078,0.183236,-0.055262,0.702123,0.586237,0.877839,0.732404,0.366783,0.858023,0.646384,0.562057,0.075272,0.450729,0.831226,0.695606,5.999294,4.809755
163.381358,144.754484,150.583491,186.940075,157.302425,169.065591,0.438404,0.444256,0.840556,0.648749,0.624126,0.494508,0.111816,0.069175,-0.163674,0.819424,0.389209,-0.012593,0.749610,0.610188,0.434391,0.033661,0.781279,0.432872,0.000703,0.344188,-0.106386,0.654544,10.681075
178.437440,139.401243,148.281718,167.339810,240.746505,115.061347,0.355753,0.181878,0.753415,0.927625,0.465269,0.390312,0.619288,0.505727,0.246493,0.218100,0.400287,0.862222,0.162125,0.348959,0.829436,0.935835,-0.014814,0.817575,0.198500,0.808845,0.456161,22.971672,3.141019
175.628715,165.479862,296.070415,141.004866,137.065865,128.468220,0.872889,0.752649,0.923969,0.753328,0.483374,0.379134,0.720605,-0.323712,0.212405,0.574655,0.656789,0.514919,0.444849,-0.046457,-0.441896,-0.476749,0.564183,0.330253,0.854558,0.692628,-0.689038,24.269512,25.958465
168.295543,225.782982,213.316692,168.281386,141.240105,182.048866,0.315166,0.550853,0.242824,0.162718,0.668457,0.035524,-0.140036,0.509245,0.333261,0.404900,0.352523,0.269567,0.735284,0.847614,0.063235,0.384811,-0.257658,0.169168,0.790652,-0.004128,0.633432,42.664286,53.013227
121.990339,254.892830,177.383145,183.523069,256.293169,170.296916,0.706971,0.719096,0.016334,0.441570,0.749515,0.948831,0.629682,0.211224,0.501103,0.750947,0.701161,0.406812,0.782967,0.682564,0.700736,0.679731,0.567321,0.175125,0.474274,0.908065,0.188883,48.524108,2.833186
84.353922,218.413974,136.623146,192.166823,292.539029,128.463069,0.170623,0.537118,0.153343,0.241808,0.165671,0.098651,-0.038823,0.030800,0.388071,-0.097361,0.695260,0.635348,0.686033,-0.276657,0.234196,0.863936,0.438373,0.306754,0.203719,0.574393,0.710335,0.004430,23.954026
123.383395,182.666152,191.495791,185.212159,224.594991,155.070105,0.205578,0.461606,0.074937,0.717722,0.023276,0.889526,0.105945,-0.005544,0.638612,0.800897,0.130089,0.810571,0.763587,0.348754,-0.191669,0.120563,0.117793,0.514843,0.688663,0.117723,0.116687,0.199801,38.315704
182.085579,173.419515,172.763207,183.305343,108.648986,164.546274,0.410116,0.479514,0.438066,0.085190,0.948499,0.389162,0.700851,0.740279,-0.413354,0.591194,0.460928,0.759110,0.870004,0.881501,0.829592,0.568342,0.596168,0.706764,0.486069,0.437696,0.530042,0.135812,5.060830
136.766377,213.262238,212.833440,202.566859,169.859256,142.952859,0.852394,0.277807,0.247452,0.428298,0.672095,0.287796,0.241813,0.189832,0.257223,0.682024,0.053940,0.352441,-0.037380,0.137647,0.849479,0.689079,0.357308,0.692616,0.107508,0.635555,0.701457,17.022134,30.001798
199.742573,163.703245,181.125959,110.991180,180.348449,225.952119,0.583993,0.215540,0.289072,0.439818,0.060299,0.802105,0.403292,0.343896,0.528602,-0.509028,0.377100,0.178590,0.446339,0.705345,-0.269883,0.189012,0.476334,0.311425,-0.174373,0.345244,0.495900,0.179459,5.204690
205.853543,254.962291,133.772663,119.217413,120.363760,168.134912,0.416428,0.781889,0.143504,0.526325,0.323195,0.670322,0.537712,0.738026,0.030001,0.363073,-0.113698,0.075417,0.583779,0.276050,0.971408,0.719267,0.582408,0.059592,0.830339,0.634188,0.343415,19.698415,10.796891
200.468547,237.687259,112.294004,129.647520,202.395380,243.745186,0.575648,0.248258,0.540659,0.705687,0.396934,0.004132,0.793822,0.202239,-0.008497,0.364821,0.236893,0.540503,0.515204,0.790574,0.661452,0.290458,0.159406,0.172564,-0.056797,0.652998,0.063879,29.962923,3.824824
139.917004,168.609596,140.599065,181.211678,180.779930,135.289332,0.289407,0.981223,0.010023,0.271466,0.824555,0.098885,0.542953,0.715273,0.899946,0.269925,0.704731,0.624537,0.525518,0.540766,0.178451,0.871804,0.154603,0.240743,0.609694,0.249358,0.443955,9.885901,6.771575
129.300479,221.365160,141.989958,143.702506,140.834731,182.955683,0.434436,0.681206,0.658404,0.900213,0.185140,0.207068,0.709226,-0.103579,0.345818,0.598694,0.734403,0.675278,-0.448866,0.477904,0.236257,0.637256,0.528361,0.621088,0.499655,0.665994,0.738579,1.641522,91.990331
189.686038,128.299634,130.228395,146.090108,126.916869,179.364831,0.016859,0.946320,0.027346,0.908581,0.952659,0.133590,0.701166,0.653718,-0.190529,0.191826,0.614206,-0.434929,0.065227,0.243893,0.132189,0.109402,0.635497,0.867452,-0.455055,0.762941,0.356491,36.460766,5.334550
130.018724,353.730434,180.490751,133.920172,194.931142,177.647462,0.662335,0.008599,0.922245,0.135637,0.243944,0.904422,0.525580,-0.041661,0.014059,0.744129,0.376680,0.442486,0.564239,0.090599,0.349914,0.984222,0.662590,0.811732,0.853015,0.790328,0.318006,43.743060,88.016696
184.301515,198.639650,134.724733,240.660909,181.540998,186.356085,0.501141,0.791731,0.075331,0.817811,0.991137,0.987517,0.577303,0.134675,0.408107,0.223977,0.499669,0.129781,0.526017,0.129521,0.425721,0.302195,0.666591,0.649266,0.283592,0.508938,-0.071899,16.058376,15.999810
231.336877,167.729789,152.460405,157.977272,214.394865,281.709246,0.006401,0.525426,0.480877,0.970668,0.773646,0.114275,0.620988,0.691970,0.377928,0.277594,0.656023,0.489279,0.159008,0.100284,0.286408,0.384860,0.372291,0.535223,-0.341813,0.854637,0.640449,32.109030,2.036253
148.067994,170.273788,181.141381,107.003164,225.871911,171.135376,0.610420,0.014209,0.824458,0.240479,0.871881,0.858254,0.440857,0.572147,0.607707,0.304604,0.832100,0.661725,0.833627,0.720186,0.556053,0.809414,-0.812943,-0.342007,0.151473,0.467903,0.456900,27.448659,45.017055
163.301750,184.295940,134.156207,200.151676,129.846183,138.341727,0.909360,0.001493,0.239911,0.569952,0.098771,0.316043,0.280446,0.462743,-0.087857,0.582871,-0.399039,0.851133,0.547289,0.709702,0.473188,-0.018898,0.178438,0.076580,-0.420915,-0.125209,0.331710,12.472059,4.187271
138.329393,137.384659,205.021616,165.422224,216.462368,119.344934,0.709623,0.747283,0.055878,0.547064,0.212232,0.379446,0.722837,0.771070,0.870822,0.278194,0.475323,0.321985,0.379769,0.253001,0.559624,0.050603,0.292789,0.757013,-0.009824,0.446646,0.607218,18.517659,86.017338
166.728776,196.540503,191.091133,154.300359,187.238228,150.462090,0.823733,0.575293,0.432654,0.733241,0.724038,0.410290,0.859073,0.622942,0.875108,0.795831,0.704043,0.263755,0.095675,-0.264040,0.323527,0.631129,0.802084,0.850955,0.793723,0.601118,-0.155693,3.146174,35.780899
177.064863,107.525747,201.075592,210.353755,87.752700,165.321403,0.313490,0.349758,0.308324,0.221732,0.908832,0.711871,0.705575,0.324380,0.345549,0.887521,0.701185,-0.288743,0.581077,0.732907,0.221203,0.600007,0.387228,0.756421,0.420399,-0.028219,0.465073,35.789644,51.010855
130.741626,170.745375,148.883015,187.944482,228.130957,196.615301,0.978120,0.469313,0.998174,0.814503,0.914155,0.718590,0.696503,0.796596,0.176197,0.136372,0.110954,0.481936,0.445801,0.382282,0.824852,0.667225,-0.005805,0.632759,-0.461516,-0.170420,0.559763,13.235712,74.987309
221.952441,114.189755,149.808912,166.694503,183.351828,151.261112,0.625532,0.767209,0.429728,0.674446,0.132775,0.650958,-0.107017,0.538671,0.558787,0.100809,0.679181,0.437155,0.217044,0.579500,0.706040,0.182127,0.745727,0.801716,0.271543,0.798014,0.473980,60.010271,18.978158
138.447804,243.116519,125.750274,157.484193,145.425211,172.504943,0.535283,0.959839,0.541178,0.313180,0.080233,0.083231,0.670452,0.213634,0.151815,0.317585,0.743187,0.462723,-0.360039,0.611087,-0.151224,-0.351664,0.490125,0.200205,0.509464,0.673764,0.383874,30.750845,8.427623
148.295325,197.590820,153.336552,159.242751,205.454365,236.405158,0.224075,0.694831,0.314043,0.482673,0.891863,0.740941,0.329625,0.673966,0.732584,0.667919,-0.445595,0.387984,-0.544724,0.735403,0.759355,0.646843,0.906692,0.563222,0.823485,0.308414,0.575434,45.664414,3.235351
173.601945,160.199560,168.460664,126.413709,108.528268,130.994138,0.459626,0.767865,0.544256,0.619903,0.627201,0.338441,0.214144,0.910020,0.754580,0.183902,0.267161,0.701998,0.707217,0.743625,0.760009,0.972181,0.185161,0.810837,0.576442,0.241636,-0.303164,3.472500,22.997354
165.219401,215.143561,164.131143,118.374731,144.102277,114.267818,0.695292,0.610967,0.077741,0.072649,0.625739,0.674092,0.450237,0.426670,0.116717,0.265659,0.613670,0.554926,0.461101,0.249629,0.548784,0.424693,0.078241,-0.596735,0.565364,0.497222,0.315975,32.010436,3.925638
169.724486,121.907852,118.587737,164.713191,259.276430,107.828930,0.386890,0.975233,0.270462,0.746137,0.712943,0.621137,0.751223,0.831583,0.226109,0.458592,0.852534,0.606538,0.524873,-0.354905,0.473274,0.170905,0.496408,0.625253,0.618064,0.473112,0.892954,21.942602,29.991120
194.297781,135.383954,129.117357,198.397957,177.373885,311.981447,0.051740,0.954706,0.312958,0.483166,0.952994,0.447738,0.093818,0.218937,0.360504,0.440339,0.897986,0.656601,0.695981,0.154486,0.493159,0.821284,0.307196,0.223926,0.930018,-0.038247,-0.126728,2.757179,4.205184
181.520181,167.992716,186.231396,117.954369,166.865703,200.727122,0.445642,0.758945,0.991385,0.806774,0.537361,0.835432,0.702998,0.147736,0.679245,0.638030,0.823586,-0.092077,0.757079,-0.316689,0.040972,0.301183,0.504970,0.518310,0.602572,0.363486,0.759887,43.478441,10.818321
217.550619,101.384718,111.979464,162.498903,213.345258,106.436257,0.264152,0.563226,0.145991,0.564063,0.841035,0.903542,0.729892,0.141542,0.627263,0.737007,0.721328,0.723851,0.522963,0.560784,0.497007,-0.035680,-0.359117,0.667511,0.605527,0.487129,-0.075349,36.595966,2.913361
156.959915,138.946751,202.399657,143.975040,200.021474,137.867255,0.780575,0.433594,0.426136,0.208735,0.653092,0.384382,0.759628,0.113275,0.830095,0.474766,0.308744,0.041789,0.084212,0.396879,0.818053,0.132313,0.392051,0.378015,0.826820,0.446065,0.804908,2.714445,9.411045
232.562425,192.197465,226.668094,204.529597,202.303045,234.619088,0.326501,0.749614,0.993090,0.145575,0.471237,0.644947,0.295256,0.382240,0.714913,0.819696,-0.356504,0.590445,0.156366,0.505525,0.517121,0.246830,0.725495,0.690000,0.629680,0.743265,0.817934,53.323733,91.993128
128.731485,186.284053,264.013746,140.715956,169.795510,175.014809,0.925564,0.941457,0.456409,0.059158,0.456094,0.128157,0.380800,0.065770,0.888877,0.655886,0.833668,-0.246510,0.688393,0.786605,0.808474,0.207856,0.542968,0.421290,0.660501,0.864047,0.484160,26.775521,4.882716
188.632139,141.876124,184.992415,141.873258,150.526072,129.375340,0.175512,0.392384,0.586930,0.917699,0.330062,0.272072,0.449041,0.799326,0.456851,0.678615,0.701268,0.831661,0.730236,0.157335,-0.087047,0.328981,0.740804,-0.073199,0.180960,0.376247,0.232628,9.020790,88.018051
314.332542,258.504309,136.648497,190.435046,175.198617,258.471118,0.638525,0.157035,0.776588,0.814393,0.988075,0.172047,0.288508,0.415255,0.498335,0.423787,0.622108,0.523205,0.649499,0.384034,0.914287,0.359903,0.735949,0.426062,0.584165,0.482109,-0.034609,3.509321,25.856908
114.589802,103.022306,152.808845,186.724991,190.365473,192.200757,0.982711,0.188133,0.477680,0.226646,0.518498,0.000799,0.341991,0.342490,0.582248,0.291995,0.365031,0.674884,0.082719,0.480858,0.154346,0.501952,0.211512,0.655979,0.390609,0.411059,0.119279,18.197107,53.008550
217.611369,176.813243,112.222811,125.819651,103.157007,99.162127,0.443910,0.795120,0.692797,0.717379,0.236392,0.563808,0.014520,0.057543,0.904514,-0.305237,0.721850,-0.349321,0.902982,-0.212926,0.566377,0.068567,0.370628,-0.045705,0.330012,0.292464,0.492800,37.709710,1.777849
162.085100,177.477207,224.945156,144.194237,177.914374,191.510395,0.290588,0.072279,0.729130,0.601055,0.246144,0.516322,0.353384,0.795897,0.195236,-0.092150,0.161877,0.814789,0.407399,0.244678,0.785058,-0.024697,0.663681,0.335173,0.434423,0.762596,0.534859,0.078227,23.971934
121.700109,98.977222,214.461532,113.309273,139.690578,145.971238,0.704856,0.471336,0.121557,0.177375,0.421281,0.176094,0.723797,0.292754,0.362706,0.299931,0.296848,0.075919,0.633234,0.658967,0.789920,0.544812,0.666572,0.494722,0.423899,0.649126,-0.302822,3.593701,38.284078
201.793255,168.289328,160.576592,145.898929,216.414474,238.509425,0.571083,0.357682,0.044040,0.549283,0.711266,0.239982,0.063184,-0.619117,0.761101,-0.234146,0.659171,0.873701,0.767231,0.513582,0.525787,0.203247,0.632303,-0.171990,0.662638,-0.041716,0.857266,7.168853,5.891544
161.551172,163.867932,171.578301,126.843277,210.135568,169.259627,0.273826,0.184700,0.099033,0.442622,0.811372,0.810802,0.529403,0.381270,0.096501,0.793712,0.008429,0.969140,0.795290,0.027702,0.592560,0.604956,0.420908,0.474314,0.120043,0.403670,-0.069760,0.023463,30.015075
137.557217,200.964016,140.064322,213.762075,206.196875,107.387756,0.889750,0.402471,0.537524,0.259443,0.565621,0.466408,-0.048131,0.893037,0.352489,0.754054,0.180453,0.605272,0.006998,0.769777,0.568170,0.512962,0.809597,0.418650,0.304058,0.114979,0.232746,1.696581,5.102986
129.741906,199.886537,198.835799,127.700264,165.331443,150.633731,0.002880,0.212943,0.571972,0.153168,0.747499,0.188518,0.554638,0.878274,0.631058,-0.171481,0.257163,0.572160,0.293918,0.471604,-0.008185,0.705015,0.630032,0.690453,-0.012444,0.412181,0.195057,0.020196,10.828623
111.053770,125.947501,141.705311,210.088507,153.359821,158.153612,0.261798,0.466403,0.480462,0.970212,0.981786,0.033737,0.261147,0.086233,0.753917,0.835664,0.395048,0.458335,0.475235,0.642079,0.551147,0.645330,0.826414,-0.421295,0.363765,0.572709,0.634504,0.000279,2.676040
132.878803,110.226070,126.674646,150.802443,152.775865,160.620207,0.336134,0.372854,0.271418,0.862160,0.631796,0.157853,0.722231,-0.237086,0.119850,0.216812,-0.109046,-0.154537,0.539335,0.923271,-0.090412,0.348299,0.546930,0.900124,0.629054,0.600860,0.191513,11.981635,7.337794
122.940445,207.970492,196.278987,127.383338,215.109819,129.493669,0.342378,0.011219,0.141484,0.750340,0.568454,0.798748,0.591572,0.563079,0.450438,0.169721,0.530055,0.003964,0.084611,0.790571,-0.259595,0.280871,0.098206,0.742550,0.437982,0.517210,-0.102919,5.263772,91.982730
179.669203,181.885158,151.493988,307.327634,209.948696,126.328455,0.288177,0.782140,0.765417,0.685242,0.747275,0.975897,0.285023,0.393242,0.447592,0.006676,0.176323,0.722845,0.117685,0.592061,0.394198,0.684373,0.544876,-0.556703,0.513991,0.793635,0.124072,8.062782,5.270071
194.019570,140.677463,165.747504,124.871363,170.686168,165.241042,0.717405,0.686282,0.459382,0.718570,0.369361,0.202183,0.311127,0.758844,0.921197,0.431363,0.739286,0.697267,0.726571,0.174359,0.167165,0.735605,0.805551,0.263699,0.687080,0.084248,0.153336,4.164356,88.012242
212.086352,180.302934,202.436756,164.233192,90.049397,138.451503,0.549038,0.951341,0.694489,0.847616,0.834029,0.347649,-0.014234,0.148893,0.612379,0.001104,0.639844,0.677282,-0.189307,0.130268,0.740557,0.083256,0.793336,0.695216,0.679833,0.224483,-0.059168,4.640552,16.003645
127.851183,149.444972,119.013716,223.918516,186.924504,160.124437,0.455079,0.423722,0.707228,0.742924,0.797644,0.651689,0.931330,0.581769,0.515251,0.376309,0.555033,-0.008429,0.945382,0.314389,0.259479,0.548587,0.408118,0.344472,0.927416,0.147321,0.263014,23.505355,4.403942
158.136497,166.139417,219.833547,141.826344,279.840966,213.298755,0.879609,0.727215,0.019659,0.443678,0.822568,0.034699,0.248363,0.835529,0.848950,0.030139,0.713861,0.869002,0.430856,0.527373,0.936890,0.643110,0.774546,0.345050,-0.052538,-0.347847,0.213638,18.278835,44.979851
158.872229,148.615614,235.157053,123.142651,150.771278,191.443671,0.959554,0.480087,0.539799,0.223360,0.062316,0.694170,0.836662,0.102281,-0.034497,-0.121691,0.502054,0.118173,0.288434,-0.807121,0.514457,0.376880,0.536787,0.098150,0.452409,0.036285,0.584159,4.426825,4.753092
150.688242,252.534252,133.358887,106.349016,152.008130,183.578901,0.204785,0.833067,0.229687,0.840845,0.326098,0.250718,0.531182,0.404404,0.616589,0.485381,0.940843,0.357209,0.313406,0.140743,0.231230,0.651736,0.687395,0.254227,-0.103063,0.544106,0.135360,0.228500,10.712990
130.457233,150.243441,128.873251,141.480828,108.018169,168.215931,0.585447,0.658823,0.637825,0.511772,0.864461,0.467921,0.419178,-0.081525,0.442929,0.679490,0.082443,0.168994,0.758390,0.832487,0.888684,0.223119,0.649323,0.013772,0.317185,0.399066,0.377931,25.584403,2.120741
162.877596,132.996017,131.950577,231.286317,155.344496,245.922660,0.329383,0.750260,0.305603,0.635375,0.778202,0.683302,0.133652,0.277060,0.192084,0.430745,0.557207,0.417341,0.364578,-0.032108,0.882851,0.360120,0.123717,0.036462,0.705967,0.377693,0.466384,3.058479,2.714949
130.093124,199.004525,154.495512,153.817401,125.564019,155.043337,0.530918,0.390825,0.668355,0.929417,0.898421,0.722995,0.814220,0.545333,-0.013649,0.607478,0.558801,0.435345,0.526536,0.255008,0.054656,0.600656,0.485005,0.907737,0.675662,0.827673,-0.327607,3.421577,61.988474
143.531630,162.691399,206.482810,180.179253,117.253352,135.480991,0.937331,0.179457,0.803087,0.587372,0.057185,0.572340,0.883768,0.094410,0.052097,0.699611,0.767750,0.604968,-0.002324,0.767488,-0.718237,-0.010754,0.083713,0.099625,0.459630,0.678039,0.193454,18.145865,6.558708
118.671735,172.613011,122.664332,145.854601,199.468944,132.116432,0.676728,0.582447,0.744781,0.884531,0.796953,0.629571,0.326827,0.652611,-0.008693,0.440251,0.454958,0.247065,0.588192,0.273572,0.748447,-0.028861,0.328339,0.821092,0.186545,0.582393,0.457797,13.279231,86.013832
270.998476,202.496429,161.563137,174.977388,120.745125,183.339068,0.585006,0.397301,0.490002,0.716312,0.292407,0.262253,-0.015930,0.363256,0.213119,-0.082133,0.748732,0.796547,0.206582,0.030698,0.424471,-0.385646,0.437528,0.140649,0.177132,0.216521,0.221955,16.438492,35.841184
135.773164,161.688153,173.790099,130.719253,130.352322,106.763538,0.438941,0.544131,0.915728,0.126726,0.089268,0.840652,0.808986,0.147617,0.905101,0.468945,0.093984,0.478139,0.318784,0.486247,0.190485,0.699595,0.826197,0.711054,0.786765,-0.009763,0.554995,24.108199,51.011258
207.319758,142.827038,147.641163,135.176546,201.406144,146.237183,0.968450,0.842662,0.771786,0.411650,0.456240,0.408917,0.887436,0.570429,0.276248,0.564721,0.547626,0.763406,0.506062,0.030104,0.092229,0.922966,0.141360,0.572440,0.440425,0.467696,0.471788,3.964146,74.988884
199.259181,277.033166,143.955957,161.312933,153.724188,147.002033,0.852243,0.507482,0.073848,0.939449,0.034761,0.684245,0.730456,0.806427,0.387461,0.684864,0.588430,0.309226,0.645805,-0.073624,0.663300,0.620634,0.482585,0.638800,0.735596,0.275615,0.523140,16.259101,18.816455
163.331744,232.650359,172.696299,165.264164,141.424207,173.351899,0.517424,0.452486,0.282437,0.799083,0.025492,0.162017,0.341419,0.484326,0.812741,0.021778,0.711973,0.518233,0.415201,0.473582,0.656985,0.128702,0.590864,0.713944,0.362129,0.534458,0.479388,0.127894,11.818821
136.678241,147.008429,213.943332,155.908786,105.649049,161.559382,0.813721,0.923422,0.250385,0.441601,0.451939,0.127701,0.731578,-0.040320,-0.029148,0.434284,0.383920,0.678788,0.171812,0.754869,0.630659,0.557939,0.523702,0.341284,0.577384,0.400785,0.695940,15.256059,2.357562
171.964355,131.100031,152.731642,99.713766,136.740596,213.344772,0.518931,0.637886,0.518909,0.518677,0.581647,0.670479,0.757243,0.680045,0.362726,0.092836,-0.092619,0.544397,0.871525,0.471285,0.027295,0.566506,0.376483,0.508734,0.361924,0.675931,0.613600,50.566871,22.995101
154.828730,113.056018,147.035908,181.941393,86.865024,172.121099,0.842858,0.336823,0.384043,0.100042,0.089450,0.118037,-0.115905,0.252678,0.243690,-0.111354,0.291397,0.168665,0.285510,0.279811,0.648305,0.616728,0.741465,0.273952,0.849341,0.669695,-0.045362,13.463878,5.095228
221.861005,127.628905,131.990806,213.508323,133.152532,170.819756,0.199232,0.791879,0.014474,0.599878,0.708870,0.719266,0.031495,0.710461,0.084719,-0.039602,-0.114072,0.652343,0.467985,0.662263,0.499066,-0.063727,0.669618,0.513923,0.766754,0.421162,0.924386,0.024093,30.105090
212.740154,176.959380,125.342157,181.321975,195.266566,200.774695,0.533715,0.651527,0.753038,0.106500,0.803796,0.406454,0.549751,0.294690,0.588794,0.853521,-0.157477,0.540852,0.238807,0.545009,0.740365,0.216299,-0.112364,-0.040866,0.389099,-0.192195,0.178052,0.005420,5.106001
155.076009,153.743830,170.699268,140.223370,125.371040,157.442125,0.432331,0.565736,0.158034,0.374224,0.361173,0.815160,0.717872,0.493991,0.285874,0.172701,0.631087,0.827000,0.310458,0.158461,0.547902,0.800475,0.233323,-0.182410,0.307653,0.578149,0.385918,9.044048,10.551941
129.233926,225.143321,138.551763,221.638541,126.617687,147.676893,0.895418,0.551908,0.996335,0.339162,0.068962,0.964067,0.162983,0.186754,0.119946,0.237315,0.928658,0.635558,0.138337,0.882576,0.889211,0.126525,0.127022,0.582102,0.042583,0.288113,-0.111869,13.473339,1.701804
205.077268,162.146994,151.401746,173.643189,119.770675,174.724626,0.785596,0.142742,0.844209,0.525630,0.906861,0.222231,0.693331,0.321845,0.238544,0.268117,0.697421,0.548769,0.587515,0.237891,0.497615,0.902346,0.732732,0.769236,0.489739,0.574169,0.497194,52.065995,8.183332
155.858901,236.076352,212.211274,125.571022,116.532013,137.124374,0.444007,0.221548,0.267591,0.057360,0.312247,0.746246,0.616289,0.364526,0.481112,0.942334,0.352497,0.657531,-0.168224,0.645468,0.441992,0.915626,0.404001,0.585956,0.663977,0.412778,0.206584,4.333474,91.986260
124.859767,143.382559,179.208338,137.044214,144.889028,143.903389,0.696120,0.866955,0.228023,0.318340,0.201471,0.774912,0.413748,0.896839,0.103650,-0.101719,0.587376,0.842038,0.102924,0.588718,-0.263789,0.470309,0.491583,0.518590,0.262039,0.419925,0.887515,48.955989,5.686333
110.056648,175.030796,226.157988,173.354196,174.375248,215.573044,0.640703,0.260833,0.373357,0.897066,0.026454,0.316337,0.727701,0.837444,0.419631,0.615083,0.922702,0.762406,-0.242949,0.255375,0.800157,-0.051186,0.212193,-0.294876,0.593254,0.307673,0.421322,27.386600,88.016470
169.893634,268.522380,82.391502,255.266411,182.173634,171.116214,0.428804,0.307258,0.895694,0.736976,0.563880,0.417070,0.670152,0.825201,0.077342,0.641355,0.133644,0.173743,0.443967,0.369754,0.481583,-0.238574,0.441645,-0.171876,0.258670,-0.278263,0.155714,1.096633,25.882318
203.495094,144.761205,194.772859,120.669220,147.282441,221.702656,0.769994,0.765506,0.477663,0.656762,0.115319,0.325504,0.600279,0.605056,-0.159010,0.756675,0.684070,0.416844,0.732031,-0.017859,0.341468,0.411353,0.233544,0.385274,0.287998,0.687754,-0.223575,12.228906,53.007941
124.329142,160.084766,106.346635,208.909905,159.774098,161.531168,0.716354,0.281242,0.804588,0.685796,0.028623,0.285073,0.846959,0.110869,0.151658,0.597000,0.119308,0.396252,0.575700,0.722911,-0.624205,0.819809,0.617851,0.870621,-0.021332,-0.014480,0.950475,44.008698,1.704476
242.183108,147.302320,180.238576,235.560288,215.965192,223.336993,0.714311,0.400538,0.428924,0.858441,0.789144,0.114018,0.580137,0.047623,0.683508,0.257533,0.216194,0.694077,0.527302,-0.220998,0.001304,0.324284,0.048993,0.096884,0.428495,0.868598,0.786683,1.236464,24.324185
173.569800,150.260370,238.571369,251.544978,134.026972,143.091779,0.310688,0.891991,0.329266,0.672624,0.888424,0.813185,0.636908,-0.104976,0.344033,0.093587,0.462528,0.678117,-0.140005,0.057375,0.657552,0.604918,0.065514,0.597705,0.706979,0.826269,0.673609,33.165936,38.241439
189.784703,165.812401,166.740765,121.103485,150.411229,186.291523,0.207541,0.320982,0.451772,0.424457,0.409695,0.523534,0.182509,0.662991,0.919682,0.682139,-0.128425,0.463385,0.947853,-0.199037,0.507479,0.332493,0.026964,0.129964,0.620813,0.765664,0.426254,0.002316,4.798372
180.233774,200.206040,190.081169,165.698639,242.640899,142.394969,0.766788,0.728863,0.833825,0.667538,0.439370,0.473784,0.187757,0.391672,0.407219,-0.110071,-0.589176,0.801371,0.482172,0.352379,0.091615,0.831072,0.716799,0.414196,0.741941,0.587723,0.088418,0.071006,30.128718
179.729327,161.914012,181.371622,179.668778,170.809138,164.605397,0.254193,0.885008,0.729096,0.263314,0.974603,0.848969,0.542488,0.102176,0.663382,0.740841,-0.067721,-0.400203,0.609911,0.714534,0.495613,0.473187,0.302900,0.820259,0.558146,0.952525,0.959202,10.896680,4.354707
160.776569,164.280779,240.983535,152.818613,181.144136,239.426254,0.624372,0.298694,0.884907,0.094022,0.845843,0.167136,0.593610,0.666677,0.107294,0.808821,0.673967,0.514091,0.020862,0.722619,0.798150,0.422573,-0.065771,0.543995,0.255854,0.609770,-0.407130,54.396020,11.077990
163.589923,151.729365,204.585359,173.506749,107.662443,212.711802,0.580300,0.407516,0.783251,0.405017,0.202924,0.557579,0.259098,0.730724,0.774154,0.271698,0.317298,0.391626,0.317143,0.309938,0.325076,0.356015,0.681374,-0.033390,0.578190,0.717944,0.367324,28.317813,3.833729
191.110361,129.040271,189.215822,276.165393,151.317104,164.042176,0.869094,0.868673,0.422917,0.024159,0.277060,0.412665,0.771025,0.815710,0.650067,0.838034,0.047861,0.586294,-0.027809,0.452604,0.065230,0.402061,0.480020,0.711909,0.190713,0.743878,0.533852,1.995612,7.671013
273.263639,183.527457,101.415320,222.646290,127.717538,96.088155,0.796082,0.438746,0.322339,0.940021,0.128416,0.657178,0.492507,0.388248,0.982431,0.701485,0.481423,0.513023,0.040531,0.565076,0.237629,0.570351,0.459871,0.893371,0.060122,0.946698,0.457130,19.385031,91.988027
144.854117,99.730672,173.567735,123.664572,173.776846,172.922950,0.270396,0.925359,0.882980,0.767940,0.383803,0.501296,0.321579,0.175189,0.730942,0.654206,0.833629,0.370735,0.567358,0.139160,0.930796,0.614630,0.650717,0.331005,0.403305,0.890535,0.449164,3.871949,5.840255
161.735384,149.746251,239.543332,251.894472,208.664604,220.938995,0.090426,0.321752,0.399616,0.903345,0.628768,0.001384,0.249626,0.061293,0.538590,0.696544,0.140191,0.806168,0.493962,0.165323,-0.199304,0.793816,0.201517,0.450131,0.030938,0.570056,0.175179,2.301957,88.021261
112.951172,87.680476,159.195089,205.492905,203.645332,124.757553,0.437354,0.128917,0.597239,0.166994,0.637333,0.855022,0.000793,0.813734,0.891893,0.420727,-0.511054,0.715130,0.649949,0.421835,0.858647,0.552092,0.578806,-0.313611,0.582771,-0.184939,0.013648,53.994494,16.196830
243.349882,162.946451,203.739967,177.863149,133.444896,227.115349,0.664387,0.399524,0.975462,0.164965,0.347388,0.155681,0.541414,0.570290,0.380717,0.234811,0.918974,0.128897,0.818672,0.707910,0.012365,0.632393,-0.213289,0.415500,0.541930,0.135314,-0.084278,0.169831,2.549208
212.931700,98.208930,165.213205,192.151017,218.930174,226.442217,0.742645,0.491008,0.114705,0.730088,0.522408,0.951375,0.769582,-0.161093,0.713991,0.606841,0.141954,0.801219,0.092666,0.703898,-0.160651,0.602056,0.197382,0.398395,0.656843,0.895923,0.506324,17.640862,44.978298
148.673790,138.327561,139.304475,145.725228,129.404471,151.922887,0.679111,0.971420,0.252420,0.588219,0.592240,0.410783,-0.146262,0.099278,0.649715,0.039730,0.909995,0.002184,-0.108101,0.751800,0.475730,0.536881,0.774879,0.152798,0.691502,0.879344,0.162665,8.164224,3.855118
198.729947,188.257086,157.460708,165.890594,140.007049,241.214313,0.303883,0.246111,0.506977,0.710530,0.350035,0.908322,0.412192,0.434002,0.936490,-0.088317,-0.144185,-0.106957,0.468432,0.704508,0.653777,0.511151,0.407416,0.769594,0.701367,0.369014,0.537497,35.381625,10.872805
139.578621,123.007654,131.184208,158.680631,178.680739,183.512269,0.397033,0.405433,0.230184,0.959024,0.722984,0.014668,0.791819,0.212409,0.761224,0.489956,0.955957,0.266011,0.935302,0.582172,0.937607,0.393152,0.738769,-0.245780,0.781562,0.491055,0.840013,26.218359,3.156616
125.551138,211.480496,110.962111,230.479544,123.510457,200.145616,0.567381,0.126055,0.900514,0.154320,0.107757,0.658152,0.566232,0.382118,0.225447,0.456559,0.146665,0.161226,0.867532,0.172620,0.304931,0.450161,0.670381,0.586937,0.697012,0.420359,0.726947,44.161511,4.287964
110.974192,222.857804,172.430470,212.169242,185.268918,124.115368,0.944373,0.252877,0.710855,0.427161,0.283613,0.913051,0.465443,0.791513,0.534649,0.454968,0.059960,0.572762,0.899663,0.367985,0.195853,0.799824,0.578351,0.387813,0.397288,0.212163,0.539003,13.683707,16.145623
135.875185,167.708059,103.411625,131.671113,228.152069,151.563343,0.233874,0.759843,0.397517,0.632791,0.883284,0.127953,0.875664,0.595901,0.725788,0.462289,0.646548,0.576403,0.448613,0.745058,0.435243,0.386647,0.401513,-0.085746,0.375185,0.135653,0.640152,36.967397,1.697912
253.417842,164.981003,175.335282,213.796610,184.164404,159.248399,0.792337,0.526990,0.972756,0.116477,0.159509,0.939621,0.311008,0.625694,0.155758,0.592526,0.133784,0.669214,0.407033,0.061252,0.093012,-0.082133,0.511996,0.287327,0.472506,-0.133826,0.875575,0.010883,44.982402
229.980678,123.295370,119.937549,170.911620,177.402414,141.154011,0.506723,0.999328,0.262877,0.187308,0.413957,0.975141,0.140503,0.331070,-0.150919,0.616871,0.553329,0.367560,0.653305,-0.037686,0.642072,0.780204,0.559855,0.561767,0.673636,-0.304766,0.011010,7.520364,5.011135
184.833947,219.518287,239.986510,258.848309,163.309624,172.417567,0.483319,0.995880,0.607370,0.691104,0.605660,0.267537,0.313435,-0.106059,0.330023,0.610931,0.282637,0.166080,0.784794,0.395906,0.282426,0.431118,0.621908,0.400447,0.902681,0.140043,0.763726,7.522368,10.319363
140.633801,416.619976,149.695450,134.743041,290.519167,142.195678,0.708280,0.668541,0.666610,0.710148,0.505853,0.063578,0.272054,0.090912,-0.060879,0.184878,0.581609,0.716343,0.448805,0.361517,0.112787,0.775161,0.929806,0.520962,-0.065422,0.213630,0.934944,0.881900,3.908259
166.375689,125.812730,152.259259,203.217356,186.403787,151.660483,0.080113,0.925833,0.640633,0.194911,0.061977,0.921930,0.522956,0.657645,0.310836,0.687245,-0.012573,0.631565,0.247305,0.487379,0.817437,0.836926,0.894895,0.164740,0.634183,0.096333,0.678136,25.488684,3.909149
282.582354,137.402534,101.854306,185.329887,155.342137,166.848785,0.702163,0.547559,0.012389,0.269786,0.902749,0.830649,0.579598,0.644415,0.083290,0.736648,0.828184,0.290999,0.588981,0.249533,0.210769,0.350819,0.358911,0.271884,0.228145,-0.397839,0.443923,55.220708,61.983531
155.621131,114.974483,145.871046,193.823472,179.271534,101.539474,0.059787,0.243148,0.421880,0.429123,0.102514,0.013891,0.878421,-0.037686,0.636408,0.334991,0.485689,0.692954,0.728764,0.849800,0.135659,0.338123,-0.598306,0.579167,0.572129,0.718582,0.724486,11.454525,6.875797
110.030278,195.732748,172.618540,170.565619,195.230791,176.282695,0.839963,0.941511,0.688411,0.956525,0.223280,0.992450,0.320492,0.780560,0.881172,0.722413,0.365699,0.384180,0.526997,0.922647,0.627929,0.335805,0.407563,0.745027,0.775415,0.626421,0.738628,1.208517,86.021536
144.448482,138.482701,173.147467,194.800444,239.123650,163.566292,0.855310,0.905585,0.276966,0.925996,0.474449,0.725548,0.666307,0.642573,-0.333071,0.519331,0.468611,0.723236,0.074547,0.563361,0.594769,0.922987,-0.031481,-0.054071,0.619520,0.901653,0.041205,12.341056,35.777146
171.933840,166.336291,185.452116,199.560058,174.797837,121.258739,0.598912,0.643709,0.544577,0.111704,0.038122,0.013128,0.679626,0.761926,0.133132,0.582304,0.275422,0.140792,-0.354633,0.778985,0.862433,0.031878,0.372416,0.788186,0.906984,0.735990,0.698687,7.202383,51.010291
190.192326,284.955161,159.371205,124.848455,122.927573,184.513223,0.182039,0.158098,0.747433,0.723080,0.661286,0.820702,0.205787,0.548274,0.775131,0.790608,0.439293,0.074919,0.603786,0.022377,0.817426,0.398897,0.108753,0.544111,0.918699,0.693225,0.538094,3.402665,74.986930
139.085208,177.025313,142.795927,170.911404,138.876269,137.597898,0.048609,0.655534,0.106420,0.925668,0.592331,0.787623,0.133092,0.567349,0.959332,0.639693,-0.179141,0.593204,0.460109,0.659731,0.379459,0.286023,0.086984,0.584396,0.875632,0.523876,0.857571,10.480533,19.141592
146.888582,166.203508,165.899568,132.373807,110.374495,125.587427,0.975183,0.282786,0.867832,0.199024,0.644292,0.668790,0.039093,0.266317,0.667284,0.352180,0.230848,-0.555658,0.494566,0.461937,0.159859,0.141937,0.944470,0.477214,0.794950,0.117485,0.464052,29.298259,11.270281
179.537000,111.811932,197.663938,76.689812,151.424550,172.683033,0.438558,0.894248,0.284366,0.327108,0.778976,0.488495,0.120568,0.173556,0.304874,0.009366,0.639232,0.858119,-0.065309,0.329430,0.139546,0.150811,0.348758,-0.160077,0.496012,-0.353320,0.358899,15.466440,2.742477
205.407262,195.268913,186.024718,160.008285,123.533245,208.508814,0.686103,0.370108,0.703021,0.087752,0.464955,0.811361,0.193757,-0.110029,0.536941,-0.061581,-0.219086,0.660201,0.648082,0.232567,-0.295744,-0.110567,0.840791,0.710210,-0.236910,0.173583,0.571876,21.942230,22.992689
208.320664,129.813963,123.374725,171.596453,130.543899,109.085068,0.594652,0.510442,0.722361,0.156569,0.949108,0.786851,0.912817,0.506837,0.199094,0.136986,0.792782,0.402063,0.634794,0.225491,0.327117,0.696886,0.286940,0.334555,0.378425,0.405762,0.522698,13.778781,4.339588
176.811691,129.121002,107.124856,100.216152,153.498652,134.086561,0.218957,0.153187,0.021151,0.029430,0.443253,0.018291,0.736885,-0.016940,0.566981,0.680936,0.438906,0.841587,0.502540,0.146434,-0.038286,0.557875,0.883996,0.398544,0.296061,0.502955,0.347139,20.193098,30.160548
154.483479,209.818354,149.269420,181.265748,156.674655,137.078272,0.644895,0.379560,0.625485,0.366065,0.573503,0.526375,0.145472,0.114224,0.873943,0.003985,0.711108,0.336570,0.444886,0.826998,0.776780,0.677888,0.736483,0.673157,0.253251,0.446550,0.506387,0.433868,4.757219
116.945175,177.996658,153.986914,164.888915,154.997109,204.389923,0.508648,0.427326,0.667971,0.603015,0.420510,0.002568,0.795380,-0.100456,0.707933,0.689762,0.623871,0.461043,0.628033,0.748792,0.302219,0.117370,0.830294,0.453231,0.233449,0.412581,0.597050,0.177248,10.544329
178.489162,125.832084,171.038366,144.306245,155.734192,154.056206,0.075739,0.316197,0.556051,0.218807,0.034048,0.568510,-0.175640,0.836811,0.908320,0.367461,0.626682,0.442034,-0.109890,0.934537,0.006836,0.605153,0.265294,0.054191,-0.059836,0.333271,-0.167332,37.246300,3.350661
132.380398,118.262222,208.943964,256.067655,136.211079,142.737564,0.982105,0.391873,0.686773,0.177509,0.531850,0.227690,0.401460,0.207183,0.812225,-0.130786,0.750086,0.558541,0.521706,0.611603,-0.008093,0.413722,0.553959,0.367790,0.635328,0.307208,0.520166,54.416172,5.718235
235.955728,167.730456,183.540963,159.317435,202.929301,112.305092,0.572771,0.775703,0.324329,0.599588,0.649786,0.425768,0.234582,0.067438,0.722012,0.569466,0.367639,0.358113,0.494265,0.490798,0.516547,-0.008414,-0.029005,0.282581,0.183178,0.627157,0.602715,2.245718,88.022456
176.430326,159.821764,211.006751,187.583593,152.162716,166.608715,0.581899,0.833606,0.855277,0.676006,0.212930,0.844337,0.268108,0.139068,0.717059,-0.084589,0.778728,0.727123,0.444453,-0.074955,0.376328,0.519411,0.183775,0.682904,0.791990,0.536411,0.759862,48.962832,16.159724
253.556555,150.975162,150.352561,113.858695,159.127360,240.127887,0.959954,0.567999,0.839008,0.333758,0.567875,0.625865,-0.167953,0.508660,0.871590,0.364311,0.218413,0.511382,0.313103,0.660970,0.121537,0.774433,0.646685,0.880857,0.832156,0.343076,0.352256,1.334471,3.518500
161.939080,185.615789,167.157623,196.160806,230.093301,127.063691,0.731388,0.262462,0.570754,0.828657,0.368455,0.120927,0.630629,0.109032,0.693459,0.268731,0.683101,0.232559,0.585186,-0.396612,0.769113,0.930954,0.532095,0.609973,0.163209,0.513547,0.501453,29.132950,44.981476
140.443557,120.752045,176.402479,280.742925,194.362164,245.447435,0.591649,0.848977,0.361444,0.852878,0.449849,0.856194,0.472152,0.266379,0.157578,0.157524,0.443037,-0.133291,0.842787,0.021924,0.937896,0.203676,0.192609,0.742609,0.327773,0.642924,0.572390,0.534516,4.328525
174.833823,153.993305,197.159698,234.348595,189.671451,175.246583,0.368671,0.417400,0.877675,0.746656,0.748652,0.769848,0.057803,0.516636,0.703752,0.338865,0.094601,0.540623,0.919731,-0.256385,0.555476,0.588537,0.847669,0.805064,0.800781,-0.189498,0.760736,24.428412,9.574551
215.018322,160.087272,254.930242,154.850256,142.435940,231.777645,0.969017,0.031426,0.928587,0.742573,0.715139,0.493509,0.871964,0.667156,0.804696,0.482739,0.914261,0.199851,0.642739,0.508983,0.481108,0.083209,0.614698,0.426534,0.527486,0.956638,-0.410527,11.794416,91.986188
287.818501,137.905735,116.649231,171.654703,181.220270,150.215818,0.740919,0.289792,0.553271,0.704914,0.509892,0.251069,0.869992,0.738683,0.737023,0.091190,0.478087,0.598566,0.531882,0.361389,0.039436,0.390397,0.609089,0.408721,0.263789,0.011465,0.449277,27.859871,5.149685
241.841832,246.369547,208.231277,232.571360,174.659458,180.371873,0.014714,0.935705,0.278484,0.401248,0.666068,0.161331,0.471055,0.821367,0.746939,0.391912,0.522491,0.741589,0.352377,0.984847,0.235196,0.612290,0.709279,0.649220,0.359164,0.720707,0.203324,39.926220,88.008857
149.064134,143.143856,106.221459,207.623449,267.071469,122.143214,0.253033,0.073627,0.190408,0.790918,0.336156,0.799571,0.599820,0.745279,0.544741,0.516079,0.419841,0.032601,0.520946,0.292602,0.529851,0.873842,0.761063,0.859152,0.124403,0.436500,0.250888,10.249826,25.816499
130.511261,307.310994,166.888188,157.240355,96.034549,291.455805,0.136870,0.947915,0.880706,0.899956,0.933621,0.215478,0.647634,-0.315450,0.485013,0.534044,-0.041060,0.415476,0.556289,0.405844,0.531413,0.148918,0.163228,0.398956,0.430039,0.314894,0.837356,40.008120,53.009567
199.540187,110.239727,145.694985,288.726506,226.601129,133.970484,0.331930,0.349329,0.216939,0.561411,0.244116,0.003156,0.508927,0.240818,0.107280,0.857122,-0.037004,0.553892,0.127140,0.394952,0.115647,0.311373,0.629901,-0.355991,0.381890,0.709543,0.531212,12.166428,2.815299
221.825738,129.283046,142.106609,264.226411,139.801179,176.919470,0.621726,0.412610,0.160039,0.551380,0.707844,0.884215,0.118518,0.110388,0.474022,0.021851,0.499051,-0.204828,0.654061,0.500783,0.584991,0.534886,0.019978,0.426721,0.321991,-0.000398,0.119212,52.019215,23.921137
190.895794,135.211547,128.381150,126.152375,169.855616,186.207659,0.213619,0.832082,0.694278,0.335953,0.005057,0.134284,0.546052,0.673412,0.555535,0.711927,0.526901,0.607369,-0.230066,0.424174,0.702256,0.082714,0.928468,-0.357171,0.684307,0.774750,0.513127,12.114789,38.244112
184.554760,193.967696,175.587464,114.923368,291.895130,230.818141,0.531307,0.051916,0.177569,0.535561,0.051573,0.409742,0.852988,0.113819,0.521328,0.676197,0.202946,0.272414,0.321644,0.116902,0.137895,0.211653,0.848884,-0.027761,0.799541,0.667477,0.890938,10.795667,4.023841
258.330588,275.418909,124.479044,175.233473,165.574637,202.264455,0.424934,0.512838,0.593394,0.690544,0.865628,0.085862,-0.421383,0.880288,0.628743,0.666138,0.474177,0.343489,0.667379,-0.118747,0.249521,0.559804,0.546271,0.427940,-0.134953,0.419023,0.352904,22.198076,30.158019
184.725133,158.404996,145.934323,245.594138,165.439447,193.665690,0.177612,0.802999,0.061187,0.681168,0.597521,0.586071,0.600500,-0.467772,-0.135165,0.536700,0.478874,0.834283,0.189635,0.037560,0.641315,0.203162,0.280326,0.872551,0.858058,0.666522,0.065946,24.309984,4.440012
164.056693,99.045169,203.754684,262.218022,210.301271,175.902319,0.969206,0.541106,0.861283,0.302362,0.540926,0.495489,0.476287,0.317430,0.354332,0.535669,-0.179570,0.821374,0.476639,0.425517,0.459657,0.683706,-0.336440,0.739253,0.778051,0.401387,-0.638418,7.550599,10.283675
157.440266,139.978326,174.995804,140.266125,245.695496,123.481777,0.213059,0.720650,0.308525,0.650615,0.735662,0.116647,-0.023921,0.165272,0.212291,0.498807,0.389870,0.166331,0.622762,-0.444307,0.393018,0.889878,0.503746,0.480974,0.637137,0.523652,0.862929,44.771533,3.993567
165.073150,138.451505,178.195257,246.955416,142.068882,152.799797,0.827426,0.893553,0.693246,0.204250,0.186012,0.033811,0.336219,0.710097,0.728863,-0.198506,0.568052,0.922920,0.130129,0.498460,0.366427,0.806353,0.875126,0.014514,0.881330,0.516799,0.268481,7.616958,4.983203
219.065425,143.631095,140.376035,138.925520,133.149002,144.468746,0.501039,0.068195,0.235422,0.961534,0.084403,0.493648,-0.385400,-0.028963,0.332619,0.249698,-0.003114,0.016483,0.071781,0.445674,0.155135,0.824013,0.679414,0.572794,0.187780,0.495601,0.132591,23.714941,92.009517
149.835011,158.557606,162.386376,141.100420,184.012263,146.573601,0.039299,0.318208,0.312186,0.093143,0.164385,0.428415,0.650825,0.857861,0.049815,0.856185,0.255847,0.469657,0.248791,0.022071,-0.171130,0.684814,0.425616,0.585135,-0.177738,-0.136425,0.835096,10.125678,5.381311
162.363804,152.359488,182.212231,197.621689,148.604473,227.339376,0.891996,0.561956,0.181489,0.817068,0.634877,0.068701,0.816928,0.759942,0.670077,0.175122,0.841922,0.018193,0.849429,0.707792,0.537109,-0.045577,0.002894,0.491866,0.507638,0.564848,0.408158,30.165132,88.018688
201.089939,163.174407,123.333330,142.461869,121.971291,214.378910,0.750387,0.280782,0.244175,0.910805,0.620930,0.326067,0.417810,0.131112,0.912187,0.247111,0.748201,0.135241,-0.152342,0.546217,0.380475,0.823483,0.958265,0.955107,-0.184770,0.430065,0.596038,17.020376,16.008717
187.404760,129.498155,86.152490,151.617220,209.249290,182.572332,0.767545,0.012276,0.701228,0.904969,0.207333,0.032204,0.583069,-0.145342,0.156497,0.143222,-0.190746,0.065792,0.278457,0.903384,0.324963,-0.222397,0.360710,0.076673,0.799123,0.451092,0.512946,0.021441,2.799761
160.230059,197.977969,169.207936,162.254218,175.270355,220.581336,0.403970,0.256960,0.719995,0.202784,0.854649,0.374923,0.412103,0.861545,-0.113865,0.390089,0.198442,0.068422,0.485147,0.301775,0.513894,0.563787,0.949787,0.380163,-0.073184,-0.267311,0.592960,2.500464,44.977145
158.170414,132.130031,136.500570,109.234629,139.695706,106.617521,0.639204,0.908815,0.028627,0.015090,0.692169,0.711569,0.889342,0.484865,0.227365,0.565784,0.718428,0.168626,0.804583,-0.244150,0.649465,0.629600,0.318302,0.507796,0.485825,0.918485,0.159217,1.524028,4.997183
136.611268,115.574004,203.673592,191.410517,178.458574,248.702130,0.742098,0.139581,0.748343,0.979024,0.359511,0.844159,0.599115,0.024108,0.303923,-0.165617,0.328976,0.172230,0.413211,0.299676,-0.539723,0.098328,0.630209,0.363784,-0.181968,0.344004,0.807056,19.296814,10.658727
133.123214,174.427072,149.641139,151.110828,151.138334,203.187178,0.400814,0.682385,0.915038,0.045611,0.097469,0.151072,0.595071,0.410080,0.807445,0.228179,-0.183036,0.286442,0.911340,0.558424,0.410973,-0.214926,0.272048,0.167886,0.720548,0.727751,0.223551,19.503378,2.565304
184.126864,206.432620,189.567902,218.890254,137.090462,131.294785,0.104346,0.629977,0.964136,0.176650,0.501018,0.502850,0.848050,0.447796,0.228370,-0.146397,0.429949,0.117462,0.470020,0.689092,0.768814,0.467894,0.880184,0.429922,0.201202,0.735723,0.017326,48.781312,25.804327
136.122164,168.926295,186.018631,109.778035,178.878715,142.252265,0.655808,0.245578,0.311145,0.208838,0.401329,0.981471,0.487867,0.806367,-0.135451,0.952792,-0.202674,0.306373,0.580370,0.511206,-0.037916,0.513955,0.428694,0.604320,0.387876,0.473297,0.363508,58.569198,53.007621
181.280953,306.527709,214.269568,224.144555,218.821542,225.227329,0.322291,0.109615,0.994961,0.538113,0.042745,0.959221,0.652580,0.176574,0.525269,0.162818,0.053985,0.735197,0.729195,0.745648,0.512342,0.700839,0.236920,0.439858,0.628250,0.778848,0.590962,4.276168,3.468437
205.437045,158.332475,177.965346,180.524661,124.557762,123.879058,0.164692,0.565497,0.696578,0.903495,0.541851,0.940445,0.755231,0.684190,0.598156,0.342930,0.700144,0.544438,0.715962,0.424491,0.401575,0.520928,0.295148,0.600601,0.231502,0.790108,0.626133,25.062842,23.762830
291.597509,137.460625,166.238277,170.519732,165.904349,119.435567,0.195006,0.217159,0.122635,0.684014,0.240286,0.338150,-0.425678,0.393279,0.301702,-0.050712,0.571842,0.705864,0.652786,0.398857,0.003176,-0.047254,0.737297,0.917244,0.606936,0.371430,0.015533,2.807624,38.267519
278.374242,157.863348,137.264139,234.310545,181.096215,158.012503,0.824771,0.471815,0.255196,0.094024,0.846198,0.692380,0.866312,0.395984,0.178612,0.398981,-0.198075,0.719941,0.903322,0.547392,0.721403,0.590311,0.260823,0.758838,0.850539,0.673712,-0.571119,13.255295,2.513648
193.390787,190.251602,164.593256,107.367667,119.041781,113.194786,0.704423,0.650034,0.389602,0.223092,0.360938,0.598902,0.126193,0.822984,0.439013,0.530111,0.624385,0.043544,0.712969,0.328081,-0.334615,0.749889,0.636785,0.120660,0.438097,0.131504,-0.068104,5.015484,30.005549
258.847242,127.754385,144.765123,119.319466,178.655885,160.246560,0.780579,0.427444,0.405793,0.582750,0.301137,0.502874,0.980515,0.268456,0.580451,0.606922,0.522689,0.356295,0.497743,0.386089,0.849790,0.208189,0.326310,0.363148,-0.236486,-0.031983,0.769908,0.322292,5.304767
152.644488,136.764366,220.253543,218.258447,160.262584,139.861371,0.853089,0.084464,0.605377,0.867189,0.438077,0.802396,0.547203,0.749461,0.465518,0.024159,0.689090,0.754320,0.689564,0.778629,0.755623,-0.109997,0.608227,0.880893,0.357941,0.855031,0.698955,13.960444,10.945834
163.760286,161.220559,188.811115,219.786514,213.605092,190.970518,0.549242,0.727769,0.988728,0.403867,0.292795,0.393801,0.671789,-0.008983,0.523306,0.753447,-0.179991,0.001794,0.828947,0.692261,-0.024954,0.959983,0.539759,0.518691,0.519549,0.342832,0.531253,10.204454,2.248364
224.587964,138.890808,119.560496,116.501131,187.455532,149.367777,0.051229,0.871187,0.780558,0.060274,0.111291,0.741102,0.685058,0.762928,0.347794,0.422127,0.817390,0.770662,0.759626,-0.458662,0.250245,0.363399,0.415627,0.910329,0.905953,-0.243505,0.035172,1.174863,6.199890
191.177582,176.051009,166.850602,142.662808,88.893909,180.163983,0.715401,0.562366,0.773042,0.904050,0.604015,0.627814,0.636696,0.805585,0.511347,-0.010622,0.871892,-0.198622,0.121031,0.198093,0.498976,0.869706,0.176924,0.665939,0.515448,0.788071,0.632735,12.427785,91.987149
159.892985,203.568898,128.963625,192.919712,194.898248,138.251171,0.774731,0.352679,0.351791,0.291310,0.312449,0.480186,0.536770,-0.152558,0.374934,0.725542,0.523683,0.781218,0.878637,0.486254,0.713764,-0.176286,0.416431,0.506891,0.797398,0.723522,0.502951,13.784472,5.543818
150.868316,221.147281,236.799624,137.951632,158.938251,183.713647,0.791849,0.578313,0.315802,0.384866,0.567672,0.904475,0.302644,0.504731,0.440737,0.160352,0.145282,0.953195,0.000501,0.294045,0.304741,0.603299,0.822263,0.046368,0.625511,0.212232,0.733975,20.032898,88.017336
155.288852,122.905978,122.507405,152.961307,224.488293,173.070937,0.285070,0.368978,0.604238,0.386752,0.689754,0.473479,-0.473923,0.606976,0.585656,0.328383,0.682021,0.613543,0.646653,0.636056,0.762189,0.657523,0.828255,0.569176,-0.144571,0.712643,0.415942,2.745219,16.088061
246.523464,210.068158,131.985899,100.724477,124.740451,188.605543,0.300120,0.735675,0.691514,0.046712,0.820588,0.527387,0.063751,0.346196,0.636762,-0.607208,-0.322984,0.661974,-0.490685,0.635365,0.821259,0.815682,0.249656,0.566007,-0.490711,0.539254,-0.112816,1.264308,1.827830
236.156334,151.521844,173.897770,181.557640,136.540483,163.488035,0.593744,0.301829,0.881435,0.730810,0.101053,0.356946,-0.210706,-0.079327,0.720584,0.814003,0.597591,-0.110604,0.477164,0.818365,0.220780,0.669506,0.517232,-0.193512,0.845868,0.225759,-0.044337,3.267251,44.981474
213.454020,137.938048,324.617045,238.298336,121.403497,106.304533,0.904099,0.907776,0.142828,0.324166,0.690449,0.907422,0.316555,0.818191,0.382447,0.394518,0.876819,0.249000,0.622150,0.705202,0.318785,0.111756,0.435234,0.661018,-0.108933,0.914701,0.550591,7.096066,5.192029
189.966547,235.378759,168.173160,197.543723,134.632221,157.240407,0.784102,0.538159,0.929538,0.009022,0.203137,0.128091,-0.082381,0.641815,0.209177,0.929587,0.551996,0.908917,0.954468,0.418368,-0.050992,0.494027,0.962558,0.102224,0.005510,0.783081,0.614084,24.757760,86.016214
302.773048,308.838870,126.907786,163.171529,147.454009,265.942849,0.334269,0.354087,0.427542,0.236107,0.335298,0.286915,0.220586,0.109346,0.504836,0.294282,0.362056,0.273680,0.039628,0.841272,0.761730,0.576925,0.324446,0.766540,0.482561,0.509299,0.653827,20.317638,35.775747
120.202581,172.598624,176.199709,136.143889,123.740297,133.774757,0.839886,0.096500,0.162984,0.786632,0.093231,0.441958,0.930311,0.408335,0.663834,-0.032048,0.557018,0.613388,0.574283,0.116948,0.446288,0.714434,0.419287,0.284294,0.514527,0.609052,-0.318787,53.443497,51.012787
175.566418,121.631449,118.104434,209.363732,187.583982,123.360310,0.375977,0.926661,0.964751,0.725877,0.766634,0.216337,0.640934,-0.047063,0.359115,0.469090,0.830361,0.633887,0.447433,0.499370,0.147328,0.713851,0.698732,0.719484,0.465290,0.703143,0.336526,29.232258,74.989636
191.418483,153.827750,103.029139,138.534748,129.974932,112.100910,0.056784,0.726571,0.943462,0.307260,0.178879,0.558040,0.768824,0.373163,0.826238,-0.203644,0.759497,0.731587,0.165554,-0.096880,0.582433,0.621538,0.515135,0.810882,0.812227,0.617633,0.107043,11.626508,18.984655
316.644941,190.546553,152.219674,210.057943,106.572475,214.494454,0.663710,0.848875,0.744520,0.138162,0.483299,0.123850,0.465496,0.274043,-0.230531,0.416997,0.853331,0.897541,0.781593,0.192923,0.169620,0.334217,0.537652,0.124834,-0.002382,0.611877,0.562063,11.559422,9.572596
158.891121,133.261524,189.267744,124.512921,206.437694,191.481316,0.515446,0.528871,0.494784,0.978718,0.639180,0.173869,0.672986,0.396216,0.807652,0.128890,0.493011,0.237659,0.326069,0.691563,0.362294,0.770691,0.200813,0.318523,0.557362,0.392432,0.644426,46.541955,3.666864
127.243651,230.874826,210.084940,134.987830,140.210732,176.288842,0.161728,0.111247,0.151496,0.678841,0.020612,0.931642,0.144714,0.763328,-0.016367,0.343329,0.652982,-0.016827,0.575105,0.429109,0.356150,0.541474,0.770917,0.609935,0.601302,0.475871,0.870199,10.047580,23.001948
146.638937,140.653924,283.086159,202.120658,173.944563,165.173929,0.442686,0.165095,0.868070,0.987669,0.776824,0.151024,0.697741,0.322149,0.483752,0.673319,0.759957,0.575931,0.022048,0.157497,-0.247345,0.653150,0.719126,0.331974,0.063331,0.714183,0.755849,8.579551,3.697480
114.647301,173.214431,172.562224,180.432815,164.550395,151.170095,0.298675,0.063036,0.518700,0.530238,0.438147,0.791799,0.341044,0.758744,-0.090449,0.738383,0.088499,0.959027,0.825719,0.475242,0.786213,-0.271483,0.905110,0.962078,0.883247,0.048778,0.341519,42.540751,30.015842
113.976021,157.554265,177.955901,176.703538,141.920188,148.211837,0.026631,0.318754,0.644662,0.307117,0.772096,0.347094,-0.353103,0.824050,0.436129,0.565379,-0.307412,0.894856,0.773594,0.141597,0.270574,0.735624,0.533484,0.565216,0.151590,0.865702,0.225816,4.019282,4.689010
168.142778,150.580756,107.752055,101.085834,360.480082,109.793320,0.621167,0.289441,0.707058,0.519179,0.680779,0.054533,0.050151,0.313165,0.710648,0.632215,0.479657,0.153457,0.289372,0.794632,0.300686,0.216962,0.934841,0.308764,0.724746,0.150795,0.461756,1.215329,10.434531
256.804661,122.954585,111.480828,170.484348,190.097905,248.430794,0.883370,0.474614,0.952297,0.003502,0.398033,0.379064,0.538266,0.527511,0.508951,0.716015,0.936683,0.300572,0.489150,0.435488,0.929804,0.114565,0.623444,0.801421,0.205577,0.198126,0.048830,40.137640,3.960712
130.915338,278.883893,203.145086,105.379519,158.458474,218.955262,0.480181,0.438008,0.794599,0.067960,0.606567,0.934978,0.779264,0.952657,-0.086251,0.515804,-0.090972,0.322547,0.331977,0.222074,0.746958,0.095743,0.018214,-0.248697,0.275406,0.741083,0.580344,55.109938,7.648170
195.055027,185.980336,136.344266,181.544421,128.276264,198.406612,0.681315,0.384019,0.813596,0.543854,0.779211,0.756718,0.589441,0.076118,0.369287,-0.116554,0.760577,0.403378,0.238979,0.696112,0.164950,0.411671,0.172341,0.361211,0.756456,0.683205,0.390854,1.786065,91.981307
217.651318,127.298156,209.878173,120.883031,132.751987,168.906666,0.291883,0.894336,0.451687,0.341229,0.885636,0.693659,0.769987,0.494625,-0.084082,0.555628,0.211959,-0.090034,-0.014238,0.102611,0.881872,0.195366,0.479014,0.641283,0.478919,0.866740,0.803017,0.000007,4.810358
213.839581,159.967992,114.291520,167.224361,193.911588,174.374047,0.941557,0.644480,0.475467,0.487023,0.788794,0.274508,0.633653,0.478061,-0.325819,0.154698,0.770695,0.766397,0.342921,0.782564,0.647563,-0.482461,0.648783,0.544639,0.268972,0.619215,0.682297,0.623340,88.016877
125.609439,181.539645,115.453350,183.725419,216.236799,125.439923,0.107794,0.012108,0.880914,0.938662,0.445516,0.588184,0.327138,0.650228,0.497183,0.262450,0.248927,0.801805,0.826321,0.534302,0.267291,0.450835,-0.013702,0.741078,0.233965,0.073760,-0.091301,30.528785,25.829646
148.031708,129.646888,165.898362,170.752847,241.455681,102.045198,0.902113,0.538631,0.809793,0.520089,0.224807,0.834285,0.883534,0.232908,0.882050,0.329454,0.268423,-0.083208,-0.136388,0.656030,0.918000,0.856943,0.772729,-0.059691,0.888212,0.724413,-0.081976,0.849428,53.009642
184.557790,185.688610,180.745289,132.542409,199.601740,107.607486,0.777584,0.443308,0.320605,0.746784,0.707750,0.181228,0.964142,0.296090,0.310593,0.235378,0.687411,0.585641,0.492365,0.606269,0.564555,0.212083,0.398073,0.567291,0.279277,-0.076572,0.531107,53.045041,2.776348
99.215482,412.813976,227.126543,164.872896,189.113358,143.147419,0.276819,0.273894,0.836594,0.366734,0.929476,0.796686,0.684092,0.424556,0.959637,0.801396,0.396137,0.677881,0.397745,0.361354,0.037028,0.222906,-0.100342,-0.048840,0.736965,0.949858,0.208127,0.148725,23.818126
128.481353,302.007199,145.539309,201.518389,210.379959,222.384453,0.688396,0.522405,0.346074,0.116417,0.732438,0.998347,-0.308893,0.546264,0.764279,0.698308,0.747122,0.457651,0.563767,0.377955,0.198564,0.592510,0.629406,0.642804,0.861306,-0.346572,0.062564,11.540618,38.210669
207.474810,180.095240,120.983345,149.306432,138.951552,142.141453,0.116870,0.296501,0.680775,0.913274,0.282709,0.774264,0.863789,0.639134,-0.126913,0.246297,0.134254,0.032828,0.388785,0.941931,0.615180,0.858542,0.544240,0.509861,0.515249,0.161580,0.488342,23.405605,4.761035
181.671863,180.031433,154.481601,146.847447,98.792371,117.228664,0.602186,0.775800,0.968878,0.275355,0.228396,0.273887,0.641954,0.937659,0.887176,0.925356,-0.133059,0.134952,0.600122,0.667972,0.562886,0.476007,0.024860,0.814219,0.470447,0.563242,0.456178,34.168551,30.007143
152.247603,173.072209,174.572947,150.218633,172.209673,165.574866,0.337391,0.348491,0.872002,0.907963,0.874587,0.788610,0.809243,0.129413,0.462416,0.835615,0.416827,0.066574,0.526345,0.813693,0.708578,-0.508317,-0.040336,0.559627,0.492869,0.595336,-0.083398,9.486884,4.467702
187.016844,180.903558,185.710429,230.153702,215.812801,83.923866,0.296769,0.676119,0.501704,0.965515,0.876621,0.967098,-0.203042,0.528882,0.870157,0.004979,0.107554,0.798333,-0.146388,0.982264,0.517681,0.195659,0.491532,-0.346457,0.376187,0.455929,0.502442,44.837915,10.511514
180.647800,185.133151,170.880668,266.070720,224.491548,230.900066,0.566692,0.775603,0.819409,0.489033,0.058613,0.241763,0.447110,-0.136101,0.827631,0.868187,0.335783,0.603653,0.374277,0.805229,0.749493,0.385650,-0.130815,0.709591,0.249663,0.292259,0.014873,7.985639,1.928771
144.132432,200.844131,147.465514,173.738481,139.598144,148.289298,0.767846,0.367648,0.089259,0.124902,0.437469,0.661677,0.248665,0.933553,0.438193,0.718399,-0.261356,-0.159145,0.132947,-0.418264,0.708165,0.719712,0.720099,0.235887,0.663762,0.141468,0.104794,13.825342,5.949216
99.855900,133.141723,142.847326,153.203843,208.061197,122.537499,0.262685,0.233407,0.488295,0.581837,0.169004,0.335890,-0.060375,0.843707,0.724480,-0.594209,0.313125,0.834742,-0.111065,-0.131338,0.558380,0.232333,0.159718,0.497109,0.392848,0.627503,0.675378,19.693061,91.991316
185.510707,175.849377,110.932593,68.791985,200.077862,141.906081,0.159319,0.359415,0.157427,0.487415,0.126295,0.317078,0.511388,0.476848,0.606916,0.068018,0.421549,-0.329753,0.255527,0.558767,0.539932,-0.202144,0.623012,0.390972,0.475378,0.595162,0.662068,12.697116,5.480646
124.685304,151.590236,196.168335,173.339338,140.044489,172.008253,0.802673,0.017171,0.801495,0.241540,0.521152,0.488144,0.669767,0.361022,0.400035,0.449574,0.765919,0.351129,0.154396,0.349509,0.864811,0.864583,0.325580,-0.041992,0.471083,0.452290,0.322429,21.195036,88.016836
167.754517,128.689101,168.587326,234.167910,289.856996,213.281209,0.115434,0.891500,0.061121,0.270805,0.412311,0.878246,0.776576,0.374540,0.610022,0.553968,0.791903,0.566421,-0.219002,0.354522,0.325780,0.051756,0.321602,0.735515,0.511138,0.360287,0.822762,14.588236,16.187554
200.719028,137.866601,161.284625,245.764968,146.209283,114.821696,0.811211,0.125500,0.838177,0.385372,0.660968,0.964483,0.685251,0.302088,0.312075,0.879508,0.254840,0.592602,0.303159,0.489532,0.621251,0.500131,0.615521,0.336337,0.523249,0.714518,0.652090,17.649540,3.183742
186.318851,143.393360,143.292102,141.125976,234.931762,170.861132,0.881721,0.702770,0.240549,0.870891,0.170816,0.841033,0.287148,0.553906,0.600241,0.691482,0.060693,0.813144,0.385961,0.747198,-0.175401,0.474559,0.244045,0.691492,0.280362,0.350484,-0.339469,7.980391,44.976790
163.337840,224.101076,117.979263,110.384063,212.636991,173.809424,0.325497,0.108800,0.497974,0.007811,0.430741,0.428165,0.606936,0.343369,-0.109020,0.636887,0.672927,0.836576,0.681261,0.454144,0.417143,0.922490,0.866948,0.790054,0.420298,0.649344,0.503944,7.796087,3.369541
153.884984,116.499015,150.002618,198.435409,207.062411,159.092671,0.798061,0.506757,0.939754,0.469586,0.441097,0.177287,-0.273723,0.186859,0.650607,-0.157293,0.278841,0.135139,0.204587,-0.000398,0.448043,0.807965,0.416715,0.249973,-0.769163,0.487572,0.516613,25.165425,10.384768
186.621154,182.206845,160.444201,127.348382,181.256857,214.323909,0.182777,0.887749,0.366623,0.003403,0.058150,0.749697,0.629634,0.639702,0.091883,0.463831,-0.312619,0.796924,0.671929,0.526633,0.468077,0.074828,0.443288,0.248810,-0.059323,0.425114,-0.097461,0.038385,3.102795
175.593061,190.918340,217.450629,149.990111,110.660303,177.980205,0.621540,0.512253,0.330500,0.463676,0.423520,0.732209,0.755639,0.132529,0.213286,0.619837,-0.348618,0.933819,0.030659,-0.060311,0.372325,-0.139112,0.167486,0.626245,0.364399,0.070375,0.513069,47.702905,4.189729
157.425510,151.531143,177.768544,207.258616,143.127845,227.958611,0.171072,0.385760,0.060341,0.354272,0.126717,0.056255,0.784397,0.132318,0.777382,0.210677,0.056306,0.342573,0.580926,0.468849,0.851989,0.640113,0.872837,0.160549,0.175329,0.770966,0.542770,12.573028,61.989121
203.395623,173.241550,218.274857,232.731110,218.611663,210.493952,0.975560,0.044185,0.669973,0.026675,0.818741,0.549584,0.674288,-0.147967,0.838875,0.576201,-0.004544,0.865400,0.448293,0.182722,0.111312,0.841862,0.556791,0.863089,0.707015,0.442216,0.565500,24.130025,6.742230
215.580662,142.474259,119.957722,252.347381,170.335885,217.506463,0.849209,0.084669,0.971577,0.914934,0.714542,0.994986,0.457799,0.745997,-0.278979,0.420714,0.453375,0.754377,0.136825,0.750428,0.910791,0.728157,0.271100,0.822511,0.376231,0.916379,0.197416,19.819253,85.989977
118.819959,131.573051,129.152915,140.935037,208.189940,178.118211,0.847093,0.782309,0.644431,0.575915,0.342351,0.103545,0.907265,0.454479,0.606881,0.284038,0.508072,0.272186,0.640723,0.395479,0.643642,0.193146,0.123403,0.673314,0.873005,0.496301,0.962028,60.104501,35.840450
154.023392,90.662632,136.186465,167.165498,117.336051,157.031795,0.587086,0.751842,0.722267,0.849396,0.795938,0.420429,0.108762,0.555758,0.011559,0.385148,0.649387,0.738712,0.705541,0.874122,0.517853,0.079110,0.547122,0.738336,0.550128,0.446819,0.216917,53.969227,50.993208
147.108206,188.180572,169.336889,146.338813,190.405064,160.459292,0.050701,0.001921,0.518948,0.063303,0.914897,0.739851,0.173988,0.176928,0.040883,0.369434,0.967515,0.161308,0.002082,0.583849,0.074157,0.495897,0.988634,0.216315,0.695244,0.815311,0.725542,3.054958,74.985216
164.518834,156.319450,85.659916,173.825251,113.293488,154.993033,0.106748,0.333364,0.197204,0.092701,0.508966,0.910665,0.081293,0.672985,0.345837,-0.115091,-0.365595,0.203180,0.470304,0.778732,0.637250,0.964570,0.066267,0.497059,0.835710,0.464655,0.671273,15.033285,19.047211
119.739561,180.038228,163.829306,111.377600,163.739511,182.996200,0.747159,0.215169,0.065758,0.009013,0.679497,0.316343,0.784910,0.510592,0.153554,0.693368,0.229655,0.915190,0.448555,0.439104,0.357757,0.584842,0.661724,0.358352,0.297381,0.736673,-0.040131,12.959337,11.372894
149.185822,182.425484,216.969218,164.335183,150.573424,201.130127,0.112693,0.854533,0.634995,0.000310,0.623444,0.746323,0.192044,0.782047,0.214613,0.559999,0.650568,0.609036,-0.184136,0.910092,0.641446,0.028452,0.158230,0.302237,0.020379,0.625851,0.362665,5.077264,4.446645
155.424750,150.041754,180.054978,158.203979,152.868710,180.326301,0.655621,0.998998,0.393768,0.022446,0.656097,0.916034,0.643935,-0.076813,0.551591,0.327602,0.412496,0.693773,0.201153,0.553935,0.552388,0.304395,-0.266713,0.841413,0.459079,0.062056,0.714752,9.767736,22.999613
147.363078,100.082310,167.286286,198.782702,167.224380,157.630183,0.932902,0.170771,0.356574,0.861542,0.845707,0.943209,0.041276,0.387759,0.561110,-0.024583,0.216693,0.773654,0.593894,0.533994,0.296307,0.286006,0.775337,0.570940,0.401244,0.484271,0.812136,50.753689,4.679488
190.390172,232.813910,238.946980,145.541322,159.782723,137.714493,0.208882,0.424961,0.151432,0.911772,0.669480,0.433285,0.136284,0.358262,-0.074976,-0.074122,0.262716,-0.047449,0.953139,0.682359,0.653126,0.355989,0.823875,0.767259,0.194398,0.584820,0.173247,27.252743,30.098350
125.569024,133.574994,158.774435,168.328689,204.670012,276.967191,0.511850,0.754674,0.364325,0.889735,0.705487,0.290031,0.664999,0.291931,-0.054253,0.786482,0.090735,0.718902,-0.127748,0.331843,0.456683,0.356089,0.766854,0.372726,0.241343,0.498519,0.938143,0.828356,4.203683
173.618865,224.434020,218.649251,203.383776,202.474411,146.188285,0.293359,0.103496,0.172361,0.928802,0.677276,0.560801,0.869861,0.621215,0.367724,0.667806,0.161061,0.445999,0.873109,0.769165,0.655568,0.571411,0.001613,0.171352,0.645774,0.406138,-0.056797,2.761662,10.985397
257.181821,204.759881,188.174728,124.607425,237.603785,285.686742,0.944399,0.481900,0.681067,0.996112,0.156857,0.020438,-0.350943,0.178800,0.570830,0.272326,0.287935,0.085231,0.616694,0.724451,0.921074,0.147509,0.222091,0.232152,0.393256,0.512253,0.984390,44.194495,3.141281
123.113286,208.175595,140.428951,164.347069,173.981098,157.780294,0.907130,0.163204,0.916104,0.267738,0.679045,0.282867,0.164921,0.094444,0.946743,0.525174,0.670535,0.282212,-0.024202,0.462609,0.811523,0.581405,0.294137,0.071620,0.384127,0.718620,0.758408,3.215489,10.235589
138.623342,197.212721,129.219462,192.759661,130.446002,191.962353,0.506208,0.342217,0.134050,0.020221,0.111928,0.909976,-0.257859,-0.082144,0.575898,0.385959,-0.026471,-0.329342,0.459032,0.232117,0.389110,-0.076083,0.222577,-0.203020,0.867929,0.325508,0.532017,14.875963,3.143677
114.318040,131.082590,173.645447,147.524296,127.485787,184.457598,0.434073,0.132785,0.556030,0.139497,0.164877,0.348282,0.072298,0.683394,0.539182,0.247438,-0.074137,0.257499,0.832413,0.781031,0.587137,0.337561,0.788163,0.615525,0.429964,0.178223,0.075849,7.549703,7.450468
160.810315,164.222668,188.702989,157.317278,177.603587,147.314844,0.683646,0.101263,0.467075,0.195005,0.761912,0.715089,0.400523,0.914926,0.123999,0.567042,0.716324,-0.072615,0.492796,0.959680,0.244870,0.004461,0.380307,0.624606,0.057795,0.817711,0.741925,24.732164,92.005924
163.482243,361.873113,129.348042,169.037573,123.873191,187.547679,0.453436,0.814074,0.308118,0.986817,0.846438,0.758687,-0.494009,0.959562,0.454337,-0.022060,0.001379,0.616154,-0.063974,0.826464,0.379754,0.288714,0.478422,0.913325,0.674777,-0.188205,0.705496,16.378267,6.261463
160.491155,191.086223,142.698322,175.613853,123.677910,208.651341,0.618410,0.016933,0.613805,0.933017,0.729734,0.436401,0.660095,0.649968,-0.102158,-0.524277,0.543065,0.198195,0.156092,0.533425,0.196440,0.784301,0.589042,0.551883,0.565446,0.387357,0.636613,0.668014,88.022947
150.843437,137.823877,193.764166,182.672061,153.873667,145.310664,0.670018,0.478500,0.572417,0.014716,0.139097,0.572910,0.953074,0.931664,0.016194,0.764509,0.436988,0.807634,0.807931,-0.132264,0.496851,0.370022,0.869447,0.686262,0.710801,0.354049,0.669597,35.833906,25.850895
246.354497,183.231661,146.082653,119.174263,113.265286,160.292578,0.142556,0.432680,0.761667,0.705105,0.969484,0.871871,0.206470,0.673238,0.659044,0.367120,0.767360,0.193256,-0.235072,0.251561,0.545497,0.873772,-0.157874,0.800331,0.815691,0.481174,0.750145,19.694138,53.010219
128.019109,167.014343,174.091437,174.096053,258.568698,162.328543,0.247439,0.221721,0.995377,0.424984,0.321147,0.229473,0.644929,0.844743,0.198337,0.482144,0.302008,0.157404,0.550246,0.526488,0.265024,0.421402,0.225325,0.248386,0.346157,-0.024727,-0.314499,25.136517,3.266304
170.951706,179.476171,199.297687,131.738647,153.764805,107.815505,0.883718,0.565606,0.309791,0.927486,0.375937,0.776239,0.588269,0.264242,0.727386,0.763845,0.390430,0.531070,0.714033,0.565481,0.493134,-0.363967,0.416114,0.116531,0.438359,0.173194,0.518806,34.879220,24.302476
131.455150,94.221811,187.094558,147.413445,215.905332,145.372966,0.179558,0.312204,0.440367,0.756985,0.075825,0.615030,0.431844,0.949870,0.340554,0.786336,0.212515,0.789173,0.276684,0.864833,-0.493522,0.360429,0.278576,0.361964,0.691168,0.127488,-0.072141,59.159078,38.212683
113.086032,180.752311,242.375234,196.185302,118.122112,253.406573,0.512313,0.543722,0.762093,0.522036,0.127762,0.023893,0.801132,0.563504,0.708472,0.363902,0.930447,0.929243,0.936022,0.262124,0.390526,0.584834,0.282048,0.320837,0.521254,0.448341,0.415583,13.011571,3.933989
152.758027,186.409525,138.244187,245.410685,169.640629,142.234972,0.661683,0.577535,0.419372,0.121015,0.341763,0.406977,0.547389,0.591624,0.225700,0.454569,0.848711,0.432238,0.277011,0.143196,0.793497,0.674946,0.531737,0.160624,0.820039,0.561472,0.136507,6.338691,30.031853
215.830482,163.171724,243.029469,118.682937,201.639540,210.086643,0.582741,0.021451,0.966080,0.701449,0.705818,0.388930,0.513094,-0.200363,-0.010933,0.299934,0.732990,0.373800,0.419741,0.009839,0.757451,0.788912,0.306758,0.707168,0.489050,0.547156,0.347065,6.529796,3.726390
170.417949,224.649042,120.289416,172.567863,149.815823,170.475303,0.371757,0.890590,0.445838,0.313880,0.025059,0.455959,0.163848,0.795478,0.110999,0.136316,0.465199,0.070753,0.631979,0.597586,0.639042,0.658596,0.692935,0.704658,0.264864,0.574177,0.893817,49.479659,10.232994
230.171503,136.018494,152.347117,203.206654,223.076714,126.584340,0.562819,0.607507,0.410739,0.946420,0.358461,0.289750,0.879591,0.724274,0.673242,0.848673,0.402638,0.395246,0.452144,0.870824,0.840895,0.505839,0.532843,0.767366,0.678021,0.785309,0.668187,4.572722,2.978154
112.643193,162.887826,151.958986,181.427351,163.187647,236.513360,0.939609,0.478019,0.416967,0.504984,0.744700,0.937143,0.619033,0.114291,0.383514,0.843678,0.893121,0.932893,0.341802,-0.128704,0.398268,0.707640,0.781649,0.587786,0.282664,0.510999,0.691206,7.847645,9.843513
147.372379,140.487236,127.736221,195.635454,117.872459,123.306445,0.769040,0.139189,0.787851,0.482367,0.992041,0.597264,0.806148,0.130392,0.561408,0.353955,0.751752,0.280374,0.441878,0.338360,-0.386980,0.605727,0.603716,0.437111,0.373962,0.184528,0.112425,27.147921,91.984646
121.812439,127.126805,139.082840,171.779514,178.789048,220.181184,0.785527,0.599411,0.889747,0.215667,0.527488,0.026894,-0.054171,-0.291644,-0.136091,0.839183,0.209633,-0.113040,0.263378,-0.192548,0.773537,0.887838,0.747750,0.700400,0.651315,0.864390,0.625893,33.691297,5.502463
156.990593,188.126286,139.547555,182.982281,271.455237,172.229993,0.802201,0.306550,0.695009,0.900878,0.050813,0.913374,0.757031,0.131262,0.918886,0.843955,0.569331,0.127240,0.589395,0.651668,0.827972,0.035057,0.171188,0.500960,0.531510,0.639268,-0.308712,55.846844,88.018644
121.487504,146.482312,154.191619,203.656442,153.149699,199.423245,0.054528,0.211089,0.521910,0.741146,0.303299,0.229667,0.667740,0.624649,0.788580,0.387809,0.791092,0.548161,0.179444,0.689549,0.169619,0.722303,-0.015626,0.227365,0.055395,0.190191,0.146396,0.008560,16.263822
168.414209,109.840275,177.338455,142.094063,231.223811,134.732075,0.794670,0.222030,0.202859,0.400152,0.338406,0.983333,0.259881,0.093902,0.412845,-0.225899,0.299829,0.567776,0.053313,0.777818,-0.055588,0.084474,0.212811,0.055802,0.383369,0.609665,0.310115,43.985417,3.331737
100.386895,196.308976,179.836776,161.513045,130.014718,136.612807,0.058509,0.634594,0.320510,0.327840,0.332714,0.670614,0.272144,0.416799,0.862836,0.362625,0.176709,0.255394,0.321307,0.477316,0.722998,0.161399,0.920728,-0.365518,0.381490,0.352566,0.105270,41.151583,44.976347
246.419466,168.443719,148.557099,146.422418,194.923614,212.776367,0.726496,0.402919,0.868450,0.869103,0.328595,0.406862,0.409017,0.434483,0.288819,0.360136,0.806039,-0.258808,0.204914,0.372833,0.706370,0.766970,0.830061,0.672520,0.822361,0.002805,0.768113,36.415845,5.134724
98.364537,191.258158,192.019448,192.329611,243.025738,125.732220,0.536673,0.191320,0.724475,0.523540,0.714015,0.333117,0.862247,0.750329,0.078592,0.101967,0.831888,-0.004894,0.358620,0.167302,0.378976,0.976276,0.479600,0.776047,0.352367,0.166065,0.866222,2.588473,10.546328
177.487900,150.153079,140.998046,137.970424,130.494761,316.901304,0.371454,0.459905,0.780535,0.047912,0.631036,0.665564,0.749140,0.758752,0.462295,0.569059,0.462514,0.572194,0.518357,0.252011,0.619314,0.926240,0.671808,0.759762,0.854469,0.507576,0.535250,48.172538,17.626236